,ticker,time,volume,bid_o,bid_h,bid_l,bid_c,mid_o,mid_h,mid_l,mid_c,ask_o,ask_h,ask_l,ask_c
0,GBP_JPY,2022-11-22T20:00:00.000000000Z,6756,167.780,167.904,167.771,167.883,167.796,167.921,167.786,167.900,167.812,167.938,167.802,167.916
1,GBP_JPY,2022-11-22T21:00:00.000000000Z,5491,167.886,167.937,167.757,167.787,167.901,167.954,167.792,167.808,167.916,167.972,167.814,167.830
2,GBP_JPY,2022-11-22T22:00:00.000000000Z,1716,167.829,167.829,167.762,167.790,167.904,167.904,167.820,167.844,167.979,167.979,167.870,167.898
3,GBP_JPY,2022-11-22T23:00:00.000000000Z,8114,167.783,167.882,167.704,167.875,167.843,167.902,167.740,167.896,167.903,167.924,167.774,167.917
4,GBP_JPY,2022-11-23T00:00:00.000000000Z,7602,167.878,167.892,167.741,167.799,167.898,167.910,167.760,167.822,167.917,167.929,167.779,167.844
5,GBP_JPY,2022-11-23T01:00:00.000000000Z,13368,167.797,167.985,167.782,167.963,167.820,168.005,167.804,167.986,167.844,168.025,167.826,168.008
6,GBP_JPY,2022-11-23T02:00:00.000000000Z,7764,167.963,167.984,167.871,167.950,167.985,168.005,167.894,167.972,168.007,168.027,167.914,167.993
7,GBP_JPY,2022-11-23T03:00:00.000000000Z,6686,167.949,167.980,167.883,167.951,167.972,168.001,167.904,167.974,167.994,168.022,167.924,167.997
8,GBP_JPY,2022-11-23T04:00:00.000000000Z,5561,167.954,168.017,167.907,167.981,167.976,168.036,167.926,168.000,167.998,168.056,167.946,168.020
9,GBP_JPY,2022-11-23T05:00:00.000000000Z,7887,167.980,168.033,167.962,167.984,168.000,168.054,167.985,168.006,168.020,168.076,168.005,168.028
10,GBP_JPY,2022-11-23T06:00:00.000000000Z,7776,167.989,168.074,167.962,167.997,168.010,168.094,167.981,168.018,168.032,168.114,168.000,168.038
11,GBP_JPY,2022-11-23T07:00:00.000000000Z,14165,167.987,168.165,167.954,168.026,168.006,168.185,167.972,168.045,168.024,168.205,167.988,168.064
12,GBP_JPY,2022-11-23T08:00:00.000000000Z,14945,168.026,168.111,167.756,168.019,168.044,168.129,167.774,168.036,168.063,168.147,167.793,168.053
13,GBP_JPY,2022-11-23T09:00:00.000000000Z,13944,168.019,168.666,167.977,168.459,168.036,168.685,167.998,168.478,168.054,168.704,168.017,168.497
14,GBP_JPY,2022-11-23T10:00:00.000000000Z,12707,168.458,168.663,168.383,168.641,168.478,168.678,168.400,168.658,168.497,168.695,168.418,168.676
15,GBP_JPY,2022-11-23T11:00:00.000000000Z,10234,168.645,168.983,168.537,168.828,168.662,169.000,168.555,168.847,168.678,169.018,168.571,168.866
16,GBP_JPY,2022-11-23T12:00:00.000000000Z,12089,168.835,168.868,168.623,168.694,168.853,168.884,168.640,168.710,168.871,168.901,168.655,168.727
17,GBP_JPY,2022-11-23T13:00:00.000000000Z,20954,168.697,168.985,168.622,168.839,168.712,169.028,168.641,168.856,168.728,169.101,168.660,168.872
18,GBP_JPY,2022-11-23T14:00:00.000000000Z,24065,168.843,168.974,168.155,168.247,168.859,168.990,168.212,168.318,168.875,169.006,168.257,168.390
19,GBP_JPY,2022-11-23T15:00:00.000000000Z,24950,168.244,168.829,168.127,168.598,168.319,168.847,168.194,168.614,168.394,168.865,168.254,168.631
20,GBP_JPY,2022-11-23T16:00:00.000000000Z,16961,168.597,168.631,168.162,168.240,168.614,168.647,168.180,168.258,168.631,168.665,168.197,168.276
21,GBP_JPY,2022-11-23T17:00:00.000000000Z,11792,168.240,168.342,168.029,168.216,168.257,168.361,168.048,168.232,168.274,168.380,168.068,168.247
22,GBP_JPY,2022-11-23T18:00:00.000000000Z,10590,168.213,168.354,168.157,168.157,168.231,168.372,168.204,168.214,168.249,168.391,168.222,168.270
23,GBP_JPY,2022-11-23T19:00:00.000000000Z,21317,168.154,168.338,167.892,168.176,168.212,168.392,167.918,168.196,168.269,168.454,167.942,168.216
24,GBP_JPY,2022-11-23T20:00:00.000000000Z,12244,168.180,168.307,168.153,168.283,168.200,168.326,168.174,168.304,168.220,168.344,168.193,168.324
25,GBP_JPY,2022-11-23T21:00:00.000000000Z,6581,168.284,168.341,168.150,168.201,168.306,168.360,168.178,168.260,168.327,168.385,168.202,168.319
26,GBP_JPY,2022-11-23T22:00:00.000000000Z,3053,168.185,168.254,168.119,168.157,168.260,168.316,168.194,168.222,168.335,168.391,168.259,168.288
27,GBP_JPY,2022-11-23T23:00:00.000000000Z,14900,168.184,168.256,168.061,168.143,168.250,168.290,168.087,168.168,168.315,168.338,168.113,168.194
28,GBP_JPY,2022-11-24T00:00:00.000000000Z,16156,168.133,168.273,167.898,168.060,168.159,168.292,167.918,168.080,168.185,168.314,167.938,168.099
29,GBP_JPY,2022-11-24T01:00:00.000000000Z,15670,168.056,168.066,167.735,167.763,168.076,168.088,167.754,167.782,168.097,168.109,167.773,167.800
30,GBP_JPY,2022-11-24T02:00:00.000000000Z,10779,167.754,167.954,167.700,167.932,167.774,167.975,167.721,167.954,167.794,167.996,167.742,167.975
31,GBP_JPY,2022-11-24T03:00:00.000000000Z,9912,167.931,167.934,167.726,167.793,167.954,167.954,167.749,167.812,167.976,167.977,167.770,167.832
32,GBP_JPY,2022-11-24T04:00:00.000000000Z,8745,167.794,167.989,167.639,167.979,167.812,168.008,167.661,168.000,167.830,168.029,167.681,168.021
33,GBP_JPY,2022-11-24T05:00:00.000000000Z,8626,167.979,168.059,167.915,167.993,168.001,168.080,167.936,168.012,168.023,168.103,167.955,168.032
34,GBP_JPY,2022-11-24T06:00:00.000000000Z,11670,167.992,168.019,167.749,167.756,168.012,168.038,167.767,167.774,168.033,168.056,167.784,167.791
35,GBP_JPY,2022-11-24T07:00:00.000000000Z,13680,167.757,167.922,167.496,167.898,167.774,167.940,167.516,167.916,167.791,167.959,167.534,167.933
36,GBP_JPY,2022-11-24T08:00:00.000000000Z,15741,167.902,168.099,167.578,167.622,167.920,168.116,167.594,167.639,167.937,168.132,167.609,167.656
37,GBP_JPY,2022-11-24T09:00:00.000000000Z,14339,167.625,167.686,167.388,167.573,167.642,167.704,167.403,167.588,167.659,167.722,167.418,167.604
38,GBP_JPY,2022-11-24T10:00:00.000000000Z,17062,167.575,167.780,167.142,167.334,167.592,167.798,167.161,167.352,167.608,167.815,167.180,167.370
39,GBP_JPY,2022-11-24T11:00:00.000000000Z,13753,167.331,167.769,167.156,167.722,167.350,167.788,167.177,167.740,167.369,167.807,167.196,167.758
40,GBP_JPY,2022-11-24T12:00:00.000000000Z,11650,167.721,167.839,167.337,167.486,167.740,167.856,167.358,167.503,167.760,167.876,167.379,167.520
41,GBP_JPY,2022-11-24T13:00:00.000000000Z,12876,167.488,167.602,167.343,167.585,167.505,167.618,167.360,167.602,167.522,167.636,167.378,167.619
42,GBP_JPY,2022-11-24T14:00:00.000000000Z,11499,167.589,167.897,167.503,167.734,167.605,167.917,167.522,167.753,167.621,167.937,167.541,167.772
43,GBP_JPY,2022-11-24T15:00:00.000000000Z,10385,167.735,168.020,167.570,167.961,167.753,168.037,167.587,167.976,167.771,168.054,167.604,167.992
44,GBP_JPY,2022-11-24T16:00:00.000000000Z,7724,167.960,168.003,167.777,167.787,167.976,168.020,167.793,167.804,167.992,168.037,167.809,167.822
45,GBP_JPY,2022-11-24T17:00:00.000000000Z,5963,167.788,167.925,167.699,167.792,167.806,167.942,167.718,167.808,167.825,167.961,167.736,167.824
46,GBP_JPY,2022-11-24T18:00:00.000000000Z,2166,167.793,167.797,167.624,167.728,167.808,167.816,167.646,167.746,167.824,167.835,167.667,167.763
47,GBP_JPY,2022-11-24T19:00:00.000000000Z,2280,167.728,167.814,167.697,167.807,167.746,167.832,167.717,167.824,167.765,167.850,167.734,167.841
48,GBP_JPY,2022-11-24T20:00:00.000000000Z,4864,167.803,167.874,167.727,167.855,167.820,167.891,167.746,167.875,167.837,167.910,167.766,167.895
49,GBP_JPY,2022-11-24T21:00:00.000000000Z,5274,167.857,167.943,167.802,167.904,167.874,167.964,167.830,167.948,167.892,168.019,167.855,167.991
50,GBP_JPY,2022-11-24T22:00:00.000000000Z,385,167.841,167.901,167.702,167.812,167.916,167.968,167.777,167.887,167.991,168.036,167.852,167.962
51,GBP_JPY,2022-11-24T23:00:00.000000000Z,5501,167.803,168.090,167.780,167.863,167.878,168.114,167.831,167.882,167.953,168.139,167.852,167.902
52,GBP_JPY,2022-11-25T00:00:00.000000000Z,10201,167.862,168.268,167.715,168.147,167.882,168.286,167.734,168.165,167.902,168.306,167.750,168.183
53,GBP_JPY,2022-11-25T01:00:00.000000000Z,10409,168.147,168.296,167.854,167.912,168.166,168.319,167.872,167.930,168.184,168.343,167.889,167.948
54,GBP_JPY,2022-11-25T02:00:00.000000000Z,8078,167.913,168.011,167.793,167.972,167.930,168.030,167.816,167.990,167.948,168.049,167.838,168.008
55,GBP_JPY,2022-11-25T03:00:00.000000000Z,5962,167.972,168.025,167.873,167.916,167.990,168.046,167.894,167.934,168.007,168.067,167.914,167.953
56,GBP_JPY,2022-11-25T04:00:00.000000000Z,8795,167.914,167.931,167.774,167.841,167.933,167.952,167.794,167.860,167.952,167.973,167.812,167.880
57,GBP_JPY,2022-11-25T05:00:00.000000000Z,8044,167.840,167.922,167.651,167.786,167.860,167.942,167.670,167.803,167.880,167.961,167.688,167.820
58,GBP_JPY,2022-11-25T06:00:00.000000000Z,8212,167.789,167.824,167.623,167.820,167.806,167.844,167.642,167.839,167.823,167.865,167.659,167.858
59,GBP_JPY,2022-11-25T07:00:00.000000000Z,12254,167.821,167.904,167.740,167.799,167.839,167.924,167.759,167.820,167.857,167.943,167.778,167.840
60,GBP_JPY,2022-11-25T08:00:00.000000000Z,14998,167.799,168.147,167.704,168.106,167.820,168.168,167.723,168.124,167.841,168.189,167.742,168.141
61,GBP_JPY,2022-11-25T09:00:00.000000000Z,15556,168.106,168.589,168.005,168.376,168.124,168.610,168.024,168.394,168.143,168.631,168.042,168.412
62,GBP_JPY,2022-11-25T10:00:00.000000000Z,11877,168.368,168.787,168.341,168.692,168.388,168.805,168.358,168.709,168.407,168.823,168.375,168.726
63,GBP_JPY,2022-11-25T11:00:00.000000000Z,10863,168.691,168.759,168.581,168.685,168.708,168.778,168.598,168.702,168.726,168.796,168.616,168.720
64,GBP_JPY,2022-11-25T12:00:00.000000000Z,11212,168.686,168.728,168.351,168.380,168.702,168.746,168.368,168.398,168.719,168.764,168.384,168.415
65,GBP_JPY,2022-11-25T13:00:00.000000000Z,13815,168.383,168.544,168.177,168.318,168.400,168.562,168.195,168.334,168.416,168.581,168.212,168.351
66,GBP_JPY,2022-11-25T14:00:00.000000000Z,14851,168.317,168.416,168.216,168.297,168.335,168.432,168.234,168.312,168.353,168.448,168.251,168.327
67,GBP_JPY,2022-11-25T15:00:00.000000000Z,12836,168.301,168.432,168.074,168.379,168.316,168.450,168.092,168.394,168.330,168.468,168.109,168.409
68,GBP_JPY,2022-11-25T16:00:00.000000000Z,11864,168.378,168.429,168.195,168.423,168.392,168.448,168.212,168.442,168.406,168.468,168.228,168.460
69,GBP_JPY,2022-11-25T17:00:00.000000000Z,8851,168.424,168.511,168.188,168.281,168.444,168.530,168.210,168.300,168.463,168.550,168.227,168.318
70,GBP_JPY,2022-11-25T18:00:00.000000000Z,8863,168.279,168.290,167.846,167.956,168.298,168.310,167.921,168.028,168.317,168.329,167.992,168.100
71,GBP_JPY,2022-11-25T19:00:00.000000000Z,8998,167.960,168.182,167.820,168.114,168.031,168.257,167.895,168.189,168.102,168.332,167.970,168.264
72,GBP_JPY,2022-11-25T20:00:00.000000000Z,3411,168.119,168.215,168.019,168.130,168.194,168.290,168.094,168.205,168.269,168.365,168.169,168.280
73,GBP_JPY,2022-11-25T21:00:00.000000000Z,1416,168.161,168.370,168.065,168.207,168.236,168.445,168.140,168.282,168.311,168.520,168.215,168.357
74,GBP_JPY,2022-11-27T22:00:00.000000000Z,1897,168.027,168.273,167.901,167.993,168.102,168.348,167.976,168.068,168.177,168.423,168.051,168.143
75,GBP_JPY,2022-11-27T23:00:00.000000000Z,6707,168.009,168.171,167.937,167.990,168.084,168.206,167.963,168.014,168.159,168.245,167.988,168.038
76,GBP_JPY,2022-11-28T00:00:00.000000000Z,10700,167.992,168.048,167.594,167.752,168.014,168.069,167.616,167.772,168.037,168.090,167.637,167.792
77,GBP_JPY,2022-11-28T01:00:00.000000000Z,12844,167.751,167.773,166.846,166.943,167.772,167.791,166.865,166.962,167.793,167.810,166.884,166.981
78,GBP_JPY,2022-11-28T02:00:00.000000000Z,12213,166.937,166.971,166.576,166.941,166.960,166.990,166.596,166.961,166.982,167.011,166.617,166.981
79,GBP_JPY,2022-11-28T03:00:00.000000000Z,8022,166.943,167.100,166.761,167.022,166.963,167.121,166.786,167.041,166.983,167.142,166.810,167.060
80,GBP_JPY,2022-11-28T04:00:00.000000000Z,7509,167.022,167.122,166.897,166.959,167.038,167.138,166.915,166.978,167.055,167.156,166.933,166.997
81,GBP_JPY,2022-11-28T05:00:00.000000000Z,8468,166.961,167.052,166.694,166.711,166.979,167.070,166.714,166.730,166.997,167.089,166.734,166.749
82,GBP_JPY,2022-11-28T06:00:00.000000000Z,12045,166.712,166.941,166.544,166.778,166.730,166.962,166.564,166.797,166.748,166.985,166.583,166.816
83,GBP_JPY,2022-11-28T07:00:00.000000000Z,15633,166.773,166.968,166.336,166.862,166.790,166.987,166.354,166.880,166.808,167.006,166.371,166.897
84,GBP_JPY,2022-11-28T08:00:00.000000000Z,21927,166.861,166.912,166.265,166.629,166.880,166.928,166.284,166.647,166.898,166.944,166.303,166.665
85,GBP_JPY,2022-11-28T09:00:00.000000000Z,18130,166.628,166.800,166.429,166.520,166.644,166.814,166.446,166.534,166.661,166.829,166.462,166.548
86,GBP_JPY,2022-11-28T10:00:00.000000000Z,15159,166.510,166.580,166.404,166.532,166.526,166.596,166.422,166.549,166.543,166.613,166.438,166.566
87,GBP_JPY,2022-11-28T11:00:00.000000000Z,16123,166.535,167.080,166.514,167.073,166.551,167.096,166.532,167.090,166.567,167.113,166.549,167.106
88,GBP_JPY,2022-11-28T12:00:00.000000000Z,13100,167.074,167.359,166.865,167.204,167.092,167.374,166.882,167.220,167.109,167.390,166.900,167.237
89,GBP_JPY,2022-11-28T13:00:00.000000000Z,15733,167.203,167.433,167.051,167.255,167.220,167.452,167.065,167.274,167.238,167.472,167.079,167.292
90,GBP_JPY,2022-11-28T14:00:00.000000000Z,18839,167.257,167.289,166.778,166.882,167.274,167.303,166.796,166.898,167.292,167.320,166.812,166.913
91,GBP_JPY,2022-11-28T15:00:00.000000000Z,19796,166.883,167.257,166.816,167.045,166.898,167.272,166.833,167.060,166.913,167.291,166.849,167.075
92,GBP_JPY,2022-11-28T16:00:00.000000000Z,14859,167.046,167.097,166.811,166.910,167.060,167.112,166.829,166.927,167.074,167.126,166.845,166.944
93,GBP_JPY,2022-11-28T17:00:00.000000000Z,15578,166.912,166.960,166.553,166.558,166.928,166.978,166.571,166.572,166.944,166.997,166.586,166.586
94,GBP_JPY,2022-11-28T18:00:00.000000000Z,10959,166.557,166.719,166.379,166.421,166.572,166.735,166.400,166.438,166.587,166.752,166.421,166.454
95,GBP_JPY,2022-11-28T19:00:00.000000000Z,8249,166.420,166.437,165.956,165.961,166.438,166.452,165.976,165.978,166.455,166.468,165.991,165.996
96,GBP_JPY,2022-11-28T20:00:00.000000000Z,9635,165.966,166.015,165.831,165.994,165.982,166.032,165.848,166.010,165.999,166.050,165.864,166.025
97,GBP_JPY,2022-11-28T21:00:00.000000000Z,7295,165.994,166.140,165.964,166.124,166.010,166.164,165.981,166.150,166.026,166.201,165.998,166.177
98,GBP_JPY,2022-11-28T22:00:00.000000000Z,1764,166.047,166.156,165.939,166.076,166.122,166.208,166.014,166.140,166.197,166.260,166.089,166.203
99,GBP_JPY,2022-11-28T23:00:00.000000000Z,10033,166.073,166.184,165.887,165.891,166.148,166.206,165.909,165.910,166.222,166.231,165.930,165.930
100,GBP_JPY,2022-11-29T00:00:00.000000000Z,9463,165.888,166.249,165.802,166.059,165.909,166.268,165.820,166.078,165.930,166.287,165.837,166.096
101,GBP_JPY,2022-11-29T01:00:00.000000000Z,16118,166.058,166.594,166.033,166.349,166.077,166.613,166.053,166.368,166.096,166.636,166.072,166.387
102,GBP_JPY,2022-11-29T02:00:00.000000000Z,10704,166.348,166.413,166.176,166.396,166.368,166.434,166.195,166.416,166.388,166.455,166.214,166.437
103,GBP_JPY,2022-11-29T03:00:00.000000000Z,13462,166.397,166.428,166.174,166.363,166.416,166.447,166.194,166.382,166.436,166.468,166.212,166.402
104,GBP_JPY,2022-11-29T04:00:00.000000000Z,9483,166.362,166.608,166.355,166.432,166.382,166.626,166.375,166.453,166.403,166.645,166.394,166.474
105,GBP_JPY,2022-11-29T05:00:00.000000000Z,10706,166.431,166.508,166.320,166.378,166.453,166.526,166.342,166.399,166.475,166.545,166.361,166.420
106,GBP_JPY,2022-11-29T06:00:00.000000000Z,15212,166.374,166.479,166.064,166.159,166.394,166.500,166.084,166.180,166.415,166.520,166.105,166.200
107,GBP_JPY,2022-11-29T07:00:00.000000000Z,18742,166.159,166.444,165.870,166.412,166.178,166.459,165.889,166.428,166.198,166.479,165.908,166.444
108,GBP_JPY,2022-11-29T08:00:00.000000000Z,20376,166.412,166.660,166.126,166.405,166.430,166.676,166.143,166.423,166.447,166.692,166.160,166.441
109,GBP_JPY,2022-11-29T09:00:00.000000000Z,17247,166.405,166.475,165.514,165.547,166.424,166.492,165.530,165.563,166.442,166.509,165.546,165.579
110,GBP_JPY,2022-11-29T10:00:00.000000000Z,14986,165.557,165.970,165.523,165.698,165.573,165.986,165.541,165.715,165.589,166.002,165.559,165.732
111,GBP_JPY,2022-11-29T11:00:00.000000000Z,13801,165.700,165.912,165.541,165.866,165.716,165.930,165.560,165.885,165.732,165.947,165.579,165.904
112,GBP_JPY,2022-11-29T12:00:00.000000000Z,12719,165.868,166.067,165.704,166.014,165.885,166.081,165.721,166.030,165.902,166.096,165.737,166.046
113,GBP_JPY,2022-11-29T13:00:00.000000000Z,20313,166.010,166.342,165.990,166.123,166.026,166.358,166.006,166.140,166.042,166.377,166.021,166.156
114,GBP_JPY,2022-11-29T14:00:00.000000000Z,19936,166.124,166.190,165.853,165.908,166.140,166.206,165.870,165.950,166.155,166.223,165.887,165.992
115,GBP_JPY,2022-11-29T15:00:00.000000000Z,21106,165.917,166.152,165.834,165.968,165.956,166.168,165.870,165.982,165.995,166.185,165.902,165.997
116,GBP_JPY,2022-11-29T16:00:00.000000000Z,15212,165.970,166.015,165.579,165.828,165.986,166.029,165.598,165.844,166.001,166.044,165.614,165.860
117,GBP_JPY,2022-11-29T17:00:00.000000000Z,12328,165.827,165.976,165.717,165.749,165.844,165.992,165.733,165.765,165.861,166.009,165.749,165.781
118,GBP_JPY,2022-11-29T18:00:00.000000000Z,9130,165.749,165.787,165.582,165.722,165.766,165.800,165.598,165.736,165.783,165.815,165.613,165.750
119,GBP_JPY,2022-11-29T19:00:00.000000000Z,8820,165.723,165.797,165.630,165.704,165.738,165.812,165.646,165.718,165.754,165.827,165.662,165.733
120,GBP_JPY,2022-11-29T20:00:00.000000000Z,7655,165.701,165.862,165.632,165.788,165.717,165.877,165.648,165.804,165.733,165.892,165.665,165.819
121,GBP_JPY,2022-11-29T21:00:00.000000000Z,5033,165.793,165.804,165.669,165.735,165.807,165.820,165.686,165.758,165.821,165.837,165.702,165.781
122,GBP_JPY,2022-11-29T22:00:00.000000000Z,3228,165.745,165.828,165.666,165.698,165.820,165.903,165.741,165.764,165.895,165.978,165.801,165.831
123,GBP_JPY,2022-11-29T23:00:00.000000000Z,4941,165.696,165.825,165.640,165.745,165.765,165.853,165.662,165.762,165.834,165.882,165.683,165.779
124,GBP_JPY,2022-11-30T00:00:00.000000000Z,10467,165.740,166.204,165.703,166.003,165.757,166.224,165.720,166.026,165.774,166.244,165.736,166.050
125,GBP_JPY,2022-11-30T01:00:00.000000000Z,11545,166.004,166.028,165.864,165.951,166.026,166.048,165.884,165.970,166.049,166.068,165.905,165.988
126,GBP_JPY,2022-11-30T02:00:00.000000000Z,11129,165.952,166.116,165.897,166.111,165.969,166.140,165.918,166.135,165.986,166.165,165.939,166.159
127,GBP_JPY,2022-11-30T03:00:00.000000000Z,8934,166.109,166.255,166.079,166.201,166.132,166.273,166.098,166.219,166.156,166.291,166.116,166.237
128,GBP_JPY,2022-11-30T04:00:00.000000000Z,7394,166.202,166.210,166.037,166.098,166.219,166.228,166.056,166.118,166.236,166.247,166.072,166.137
129,GBP_JPY,2022-11-30T05:00:00.000000000Z,11585,166.095,166.183,165.866,165.866,166.114,166.202,165.886,165.886,166.134,166.221,165.907,165.907
130,GBP_JPY,2022-11-30T06:00:00.000000000Z,9757,165.866,165.907,165.453,165.735,165.886,165.926,165.474,165.751,165.905,165.949,165.494,165.767
131,GBP_JPY,2022-11-30T07:00:00.000000000Z,12675,165.735,165.844,165.533,165.761,165.750,165.862,165.550,165.777,165.765,165.881,165.565,165.793
132,GBP_JPY,2022-11-30T08:00:00.000000000Z,16652,165.767,166.191,165.767,166.169,165.782,166.206,165.782,166.184,165.797,166.221,165.797,166.200
133,GBP_JPY,2022-11-30T09:00:00.000000000Z,14567,166.171,166.738,166.166,166.716,166.184,166.754,166.180,166.728,166.198,166.773,166.195,166.741
134,GBP_JPY,2022-11-30T10:00:00.000000000Z,14304,166.710,166.939,166.442,166.464,166.725,166.952,166.457,166.480,166.740,166.966,166.472,166.497
135,GBP_JPY,2022-11-30T11:00:00.000000000Z,12363,166.471,166.687,166.457,166.646,166.486,166.704,166.474,166.664,166.501,166.721,166.491,166.681
136,GBP_JPY,2022-11-30T12:00:00.000000000Z,12110,166.641,166.641,166.320,166.611,166.658,166.658,166.336,166.626,166.676,166.676,166.352,166.641
137,GBP_JPY,2022-11-30T13:00:00.000000000Z,21856,166.609,167.145,166.546,167.063,166.625,167.163,166.600,167.080,166.641,167.182,166.626,167.097
138,GBP_JPY,2022-11-30T14:00:00.000000000Z,21619,167.062,167.377,166.971,167.214,167.078,167.393,166.988,167.233,167.094,167.409,167.006,167.252
139,GBP_JPY,2022-11-30T15:00:00.000000000Z,25420,167.202,167.395,166.106,166.154,167.224,167.419,166.120,166.168,167.245,167.443,166.134,166.182
140,GBP_JPY,2022-11-30T16:00:00.000000000Z,18790,166.157,166.626,166.039,166.606,166.171,166.642,166.058,166.621,166.185,166.657,166.076,166.636
141,GBP_JPY,2022-11-30T17:00:00.000000000Z,15985,166.600,166.635,166.188,166.438,166.615,166.652,166.204,166.454,166.630,166.669,166.221,166.471
142,GBP_JPY,2022-11-30T18:00:00.000000000Z,24333,166.437,166.505,166.010,166.052,166.454,166.522,166.032,166.074,166.472,166.540,166.053,166.097
143,GBP_JPY,2022-11-30T19:00:00.000000000Z,28732,166.054,166.445,165.967,166.344,166.076,166.464,165.989,166.360,166.097,166.485,166.009,166.377
144,GBP_JPY,2022-11-30T20:00:00.000000000Z,19300,166.343,166.491,166.230,166.449,166.360,166.508,166.250,166.466,166.377,166.525,166.270,166.484
145,GBP_JPY,2022-11-30T21:00:00.000000000Z,14462,166.448,166.546,166.263,166.488,166.464,166.570,166.283,166.526,166.481,166.627,166.302,166.565
146,GBP_JPY,2022-11-30T22:00:00.000000000Z,1900,166.468,166.526,166.195,166.462,166.543,166.589,166.270,166.522,166.618,166.654,166.345,166.581
147,GBP_JPY,2022-11-30T23:00:00.000000000Z,13053,166.507,166.541,165.826,165.847,166.560,166.597,165.851,165.868,166.613,166.661,165.876,165.888
148,GBP_JPY,2022-12-01T00:00:00.000000000Z,14853,165.848,166.067,165.456,165.540,165.868,166.088,165.478,165.560,165.888,166.110,165.500,165.580
149,GBP_JPY,2022-12-01T01:00:00.000000000Z,17966,165.543,165.560,165.152,165.257,165.564,165.582,165.176,165.279,165.585,165.605,165.197,165.301
150,GBP_JPY,2022-12-01T02:00:00.000000000Z,13203,165.255,165.448,165.031,165.136,165.276,165.468,165.052,165.157,165.298,165.490,165.071,165.178
151,GBP_JPY,2022-12-01T03:00:00.000000000Z,9083,165.132,165.410,165.057,165.310,165.152,165.430,165.082,165.329,165.172,165.450,165.107,165.348
152,GBP_JPY,2022-12-01T04:00:00.000000000Z,8427,165.315,165.488,165.168,165.339,165.333,165.500,165.188,165.358,165.351,165.515,165.207,165.377
153,GBP_JPY,2022-12-01T05:00:00.000000000Z,13682,165.341,165.386,164.832,165.069,165.360,165.406,164.854,165.087,165.379,165.425,164.875,165.105
154,GBP_JPY,2022-12-01T06:00:00.000000000Z,12206,165.067,165.208,164.933,164.996,165.086,165.226,164.952,165.016,165.106,165.243,164.970,165.035
155,GBP_JPY,2022-12-01T07:00:00.000000000Z,19633,164.999,165.057,164.500,164.862,165.019,165.070,164.518,164.882,165.039,165.087,164.534,164.901
156,GBP_JPY,2022-12-01T08:00:00.000000000Z,19984,164.861,165.241,164.856,165.211,164.880,165.256,164.872,165.227,164.898,165.270,164.888,165.243
157,GBP_JPY,2022-12-01T09:00:00.000000000Z,15560,165.214,165.731,165.165,165.637,165.230,165.745,165.180,165.652,165.246,165.760,165.196,165.667
158,GBP_JPY,2022-12-01T10:00:00.000000000Z,14261,165.634,165.775,165.451,165.663,165.649,165.790,165.466,165.679,165.664,165.806,165.482,165.695
159,GBP_JPY,2022-12-01T11:00:00.000000000Z,12271,165.660,165.752,165.490,165.709,165.676,165.766,165.506,165.726,165.692,165.781,165.521,165.742
160,GBP_JPY,2022-12-01T12:00:00.000000000Z,13365,165.705,166.102,165.685,166.064,165.720,166.116,165.702,166.080,165.735,166.132,165.719,166.096
161,GBP_JPY,2022-12-01T13:00:00.000000000Z,23732,166.065,166.432,165.822,166.340,166.080,166.452,165.897,166.356,166.095,166.474,165.972,166.371
162,GBP_JPY,2022-12-01T14:00:00.000000000Z,23946,166.346,167.215,166.346,166.980,166.362,167.233,166.362,167.036,166.377,167.251,166.377,167.092
163,GBP_JPY,2022-12-01T15:00:00.000000000Z,31781,166.938,167.059,166.509,166.730,167.013,167.076,166.527,166.745,167.088,167.151,166.544,166.760
164,GBP_JPY,2022-12-01T16:00:00.000000000Z,20342,166.725,166.768,165.968,166.047,166.740,166.784,165.984,166.063,166.756,166.802,166.000,166.079
165,GBP_JPY,2022-12-01T17:00:00.000000000Z,18430,166.048,166.078,165.830,166.025,166.062,166.098,165.846,166.042,166.077,166.119,165.862,166.058
166,GBP_JPY,2022-12-01T18:00:00.000000000Z,14135,166.020,166.176,165.830,165.895,166.036,166.192,165.848,165.910,166.053,166.210,165.864,165.925
167,GBP_JPY,2022-12-01T19:00:00.000000000Z,13243,165.889,165.919,165.680,165.812,165.907,165.934,165.697,165.827,165.925,165.951,165.714,165.842
168,GBP_JPY,2022-12-01T20:00:00.000000000Z,12037,165.810,165.813,165.553,165.652,165.825,165.830,165.570,165.668,165.840,165.849,165.586,165.685
169,GBP_JPY,2022-12-01T21:00:00.000000000Z,6421,165.648,165.860,165.581,165.842,165.665,165.882,165.598,165.866,165.682,165.905,165.615,165.890
170,GBP_JPY,2022-12-01T22:00:00.000000000Z,3864,165.784,165.869,165.748,165.837,165.859,165.925,165.822,165.882,165.934,166.000,165.887,165.928
171,GBP_JPY,2022-12-01T23:00:00.000000000Z,9072,165.845,165.905,165.647,165.661,165.890,165.931,165.670,165.682,165.935,165.958,165.690,165.703
172,GBP_JPY,2022-12-02T00:00:00.000000000Z,11563,165.658,165.846,165.549,165.772,165.681,165.864,165.568,165.790,165.704,165.883,165.587,165.809
173,GBP_JPY,2022-12-02T01:00:00.000000000Z,10155,165.771,165.775,165.300,165.404,165.791,165.794,165.320,165.424,165.811,165.814,165.339,165.443
174,GBP_JPY,2022-12-02T02:00:00.000000000Z,11308,165.405,165.526,165.242,165.415,165.424,165.544,165.260,165.435,165.442,165.563,165.278,165.455
175,GBP_JPY,2022-12-02T03:00:00.000000000Z,8531,165.414,165.572,165.386,165.565,165.436,165.592,165.405,165.584,165.457,165.611,165.424,165.602
176,GBP_JPY,2022-12-02T04:00:00.000000000Z,7974,165.564,165.607,165.346,165.454,165.584,165.625,165.364,165.473,165.603,165.644,165.381,165.492
177,GBP_JPY,2022-12-02T05:00:00.000000000Z,8981,165.457,165.493,165.185,165.260,165.475,165.512,165.202,165.279,165.493,165.532,165.219,165.298
178,GBP_JPY,2022-12-02T06:00:00.000000000Z,10028,165.261,165.391,165.188,165.318,165.279,165.408,165.207,165.338,165.297,165.425,165.226,165.357
179,GBP_JPY,2022-12-02T07:00:00.000000000Z,16846,165.300,165.314,164.720,165.080,165.318,165.332,164.740,165.096,165.336,165.353,164.760,165.112
180,GBP_JPY,2022-12-02T08:00:00.000000000Z,20165,165.082,165.159,164.185,164.273,165.098,165.174,164.202,164.292,165.114,165.192,164.218,164.312
181,GBP_JPY,2022-12-02T09:00:00.000000000Z,17820,164.271,164.542,164.021,164.449,164.290,164.566,164.040,164.465,164.310,164.589,164.059,164.481
182,GBP_JPY,2022-12-02T10:00:00.000000000Z,13276,164.452,164.611,164.261,164.525,164.468,164.629,164.277,164.541,164.484,164.647,164.292,164.557
183,GBP_JPY,2022-12-02T11:00:00.000000000Z,11067,164.531,164.597,164.331,164.505,164.546,164.612,164.348,164.520,164.560,164.629,164.365,164.536
184,GBP_JPY,2022-12-02T12:00:00.000000000Z,11986,164.505,164.804,164.457,164.775,164.522,164.820,164.472,164.790,164.538,164.835,164.487,164.805
185,GBP_JPY,2022-12-02T13:00:00.000000000Z,30379,164.775,165.190,164.216,164.972,164.792,165.226,164.291,164.991,164.808,165.263,164.366,165.010
186,GBP_JPY,2022-12-02T14:00:00.000000000Z,28427,164.972,165.461,164.926,165.421,164.990,165.480,164.947,165.438,165.009,165.500,164.968,165.454
187,GBP_JPY,2022-12-02T15:00:00.000000000Z,23560,165.419,165.493,165.163,165.487,165.434,165.510,165.180,165.500,165.450,165.526,165.197,165.514
188,GBP_JPY,2022-12-02T16:00:00.000000000Z,19481,165.481,165.974,165.442,165.773,165.496,165.990,165.458,165.789,165.510,166.007,165.471,165.805
189,GBP_JPY,2022-12-02T17:00:00.000000000Z,14343,165.775,165.834,165.236,165.312,165.791,165.851,165.252,165.328,165.807,165.868,165.268,165.345
190,GBP_JPY,2022-12-02T18:00:00.000000000Z,9779,165.316,165.447,165.176,165.226,165.332,165.463,165.192,165.243,165.349,165.479,165.209,165.260
191,GBP_JPY,2022-12-02T19:00:00.000000000Z,8967,165.227,165.285,165.020,165.199,165.244,165.301,165.038,165.215,165.260,165.317,165.054,165.231
192,GBP_JPY,2022-12-02T20:00:00.000000000Z,10624,165.197,165.276,164.870,164.948,165.214,165.292,164.890,164.968,165.230,165.310,164.911,164.987
193,GBP_JPY,2022-12-02T21:00:00.000000000Z,7387,164.947,165.137,164.861,165.070,164.968,165.170,164.882,165.145,164.989,165.220,164.900,165.220
194,GBP_JPY,2022-12-04T22:00:00.000000000Z,777,165.137,165.137,164.831,164.918,165.212,165.212,164.906,164.993,165.287,165.287,164.981,165.068
195,GBP_JPY,2022-12-04T23:00:00.000000000Z,10402,164.934,165.367,164.851,165.343,165.009,165.395,164.926,165.360,165.084,165.423,165.001,165.376
196,GBP_JPY,2022-12-05T00:00:00.000000000Z,12413,165.346,165.660,165.277,165.497,165.364,165.677,165.295,165.515,165.381,165.700,165.313,165.533
197,GBP_JPY,2022-12-05T01:00:00.000000000Z,13298,165.495,165.657,165.310,165.448,165.514,165.676,165.328,165.468,165.533,165.696,165.344,165.488
198,GBP_JPY,2022-12-05T02:00:00.000000000Z,9316,165.446,165.662,165.419,165.641,165.468,165.684,165.438,165.660,165.490,165.707,165.455,165.680
199,GBP_JPY,2022-12-05T03:00:00.000000000Z,8291,165.641,165.813,165.596,165.680,165.661,165.832,165.616,165.700,165.681,165.854,165.633,165.719
200,GBP_JPY,2022-12-05T04:00:00.000000000Z,7599,165.678,165.897,165.639,165.746,165.698,165.916,165.658,165.764,165.717,165.935,165.676,165.783
201,GBP_JPY,2022-12-05T05:00:00.000000000Z,9071,165.750,166.047,165.708,165.944,165.769,166.066,165.728,165.962,165.788,166.084,165.746,165.979
202,GBP_JPY,2022-12-05T06:00:00.000000000Z,10470,165.942,166.100,165.858,165.960,165.960,166.120,165.876,165.979,165.977,166.140,165.895,165.998
203,GBP_JPY,2022-12-05T07:00:00.000000000Z,14150,165.967,166.337,165.956,166.134,165.986,166.354,165.974,166.150,166.004,166.371,165.992,166.166
204,GBP_JPY,2022-12-05T08:00:00.000000000Z,17012,166.132,166.249,165.462,166.216,166.150,166.264,165.537,166.234,166.167,166.280,165.612,166.251
205,GBP_JPY,2022-12-05T09:00:00.000000000Z,15315,166.216,166.289,165.855,166.109,166.234,166.306,165.872,166.124,166.252,166.322,165.887,166.139
206,GBP_JPY,2022-12-05T10:00:00.000000000Z,14115,166.106,166.210,165.579,165.804,166.122,166.226,165.596,165.820,166.139,166.243,165.613,165.836
207,GBP_JPY,2022-12-05T11:00:00.000000000Z,12507,165.801,166.136,165.793,166.062,165.817,166.154,165.810,166.078,165.833,166.172,165.826,166.095
208,GBP_JPY,2022-12-05T12:00:00.000000000Z,12786,166.061,166.386,166.025,166.293,166.078,166.404,166.040,166.308,166.096,166.423,166.055,166.324
209,GBP_JPY,2022-12-05T13:00:00.000000000Z,17570,166.291,166.427,166.158,166.322,166.305,166.445,166.176,166.340,166.319,166.463,166.191,166.358
210,GBP_JPY,2022-12-05T14:00:00.000000000Z,19041,166.325,166.566,166.258,166.363,166.343,166.583,166.276,166.414,166.361,166.600,166.293,166.464
211,GBP_JPY,2022-12-05T15:00:00.000000000Z,24386,166.362,166.552,166.052,166.503,166.437,166.566,166.075,166.518,166.512,166.581,166.095,166.534
212,GBP_JPY,2022-12-05T16:00:00.000000000Z,15858,166.504,166.539,166.092,166.142,166.518,166.554,166.108,166.160,166.533,166.570,166.124,166.177
213,GBP_JPY,2022-12-05T17:00:00.000000000Z,12250,166.142,166.455,166.128,166.427,166.162,166.471,166.146,166.442,166.181,166.488,166.164,166.457
214,GBP_JPY,2022-12-05T18:00:00.000000000Z,9621,166.423,166.561,166.348,166.476,166.439,166.576,166.365,166.492,166.455,166.593,166.381,166.507
215,GBP_JPY,2022-12-05T19:00:00.000000000Z,10450,166.479,166.520,166.286,166.370,166.492,166.535,166.302,166.385,166.506,166.550,166.317,166.400
216,GBP_JPY,2022-12-05T20:00:00.000000000Z,11912,166.368,166.662,166.305,166.629,166.383,166.678,166.322,166.648,166.398,166.695,166.338,166.666
217,GBP_JPY,2022-12-05T21:00:00.000000000Z,6672,166.628,166.805,166.583,166.788,166.647,166.828,166.602,166.811,166.666,166.852,166.618,166.834
218,GBP_JPY,2022-12-05T22:00:00.000000000Z,5532,166.507,166.724,166.478,166.693,166.582,166.788,166.553,166.752,166.657,166.856,166.628,166.811
219,GBP_JPY,2022-12-05T23:00:00.000000000Z,7499,166.695,166.807,166.502,166.513,166.755,166.844,166.524,166.536,166.815,166.882,166.547,166.558
220,GBP_JPY,2022-12-06T00:00:00.000000000Z,10768,166.511,166.694,166.384,166.694,166.534,166.714,166.402,166.714,166.556,166.733,166.421,166.733
221,GBP_JPY,2022-12-06T01:00:00.000000000Z,12806,166.695,166.795,166.551,166.626,166.714,166.812,166.570,166.646,166.733,166.829,166.589,166.666
222,GBP_JPY,2022-12-06T02:00:00.000000000Z,13244,166.625,167.270,166.600,167.116,166.646,167.292,166.620,167.135,166.667,167.315,166.640,167.154
223,GBP_JPY,2022-12-06T03:00:00.000000000Z,11106,167.116,167.188,166.916,166.992,167.136,167.208,166.938,167.010,167.155,167.229,166.957,167.028
224,GBP_JPY,2022-12-06T04:00:00.000000000Z,8693,166.992,167.071,166.820,166.844,167.010,167.090,166.841,166.863,167.027,167.109,166.860,166.882
225,GBP_JPY,2022-12-06T05:00:00.000000000Z,11183,166.846,167.041,166.791,167.000,166.864,167.064,166.810,167.017,166.882,167.086,166.830,167.034
226,GBP_JPY,2022-12-06T06:00:00.000000000Z,11712,166.998,167.240,166.809,167.228,167.016,167.258,166.830,167.247,167.034,167.277,166.851,167.266
227,GBP_JPY,2022-12-06T07:00:00.000000000Z,14030,167.229,167.483,167.059,167.088,167.247,167.500,167.078,167.104,167.265,167.516,167.095,167.120
228,GBP_JPY,2022-12-06T08:00:00.000000000Z,18295,167.089,167.187,166.425,166.443,167.104,167.206,166.445,166.462,167.119,167.225,166.465,166.480
229,GBP_JPY,2022-12-06T09:00:00.000000000Z,13748,166.444,166.686,166.322,166.549,166.462,166.704,166.340,166.568,166.479,166.721,166.357,166.586
230,GBP_JPY,2022-12-06T10:00:00.000000000Z,13138,166.544,166.622,166.249,166.346,166.562,166.637,166.266,166.362,166.581,166.653,166.283,166.377
231,GBP_JPY,2022-12-06T11:00:00.000000000Z,13817,166.344,166.661,166.146,166.480,166.361,166.678,166.162,166.497,166.378,166.695,166.178,166.514
232,GBP_JPY,2022-12-06T12:00:00.000000000Z,14029,166.479,166.552,166.287,166.352,166.494,166.569,166.304,166.367,166.510,166.586,166.320,166.382
233,GBP_JPY,2022-12-06T13:00:00.000000000Z,15730,166.349,166.499,166.217,166.438,166.364,166.520,166.234,166.454,166.380,166.541,166.250,166.470
234,GBP_JPY,2022-12-06T14:00:00.000000000Z,18883,166.438,166.617,166.250,166.323,166.454,166.634,166.267,166.338,166.471,166.650,166.281,166.354
235,GBP_JPY,2022-12-06T15:00:00.000000000Z,21200,166.321,167.002,166.128,166.996,166.336,167.016,166.146,167.008,166.352,167.031,166.161,167.020
236,GBP_JPY,2022-12-06T16:00:00.000000000Z,17955,166.994,167.251,166.743,166.753,167.008,167.268,166.758,166.767,167.021,167.284,166.771,166.781
237,GBP_JPY,2022-12-06T17:00:00.000000000Z,11298,166.754,166.836,166.541,166.594,166.767,166.851,166.556,166.609,166.780,166.866,166.570,166.624
238,GBP_JPY,2022-12-06T18:00:00.000000000Z,9054,166.594,166.691,166.361,166.377,166.610,166.705,166.375,166.390,166.625,166.720,166.389,166.403
239,GBP_JPY,2022-12-06T19:00:00.000000000Z,10317,166.376,166.425,166.159,166.248,166.390,166.438,166.176,166.262,166.404,166.452,166.192,166.277
240,GBP_JPY,2022-12-06T20:00:00.000000000Z,8072,166.247,166.309,166.159,166.239,166.262,166.325,166.173,166.253,166.278,166.341,166.187,166.267
241,GBP_JPY,2022-12-06T21:00:00.000000000Z,5680,166.239,166.294,166.170,166.259,166.252,166.314,166.186,166.289,166.265,166.335,166.200,166.319
242,GBP_JPY,2022-12-06T22:00:00.000000000Z,6859,166.169,166.247,166.088,166.152,166.244,166.322,166.154,166.197,166.319,166.397,166.198,166.242
243,GBP_JPY,2022-12-06T23:00:00.000000000Z,6139,166.146,166.169,165.972,166.066,166.192,166.204,165.989,166.086,166.238,166.250,166.005,166.107
244,GBP_JPY,2022-12-07T00:00:00.000000000Z,8999,166.057,166.484,165.944,166.369,166.079,166.501,165.965,166.387,166.101,166.518,165.985,166.405
245,GBP_JPY,2022-12-07T01:00:00.000000000Z,12836,166.370,166.515,166.217,166.285,166.388,166.532,166.238,166.304,166.405,166.551,166.258,166.322
246,GBP_JPY,2022-12-07T02:00:00.000000000Z,14719,166.281,166.390,166.166,166.303,166.301,166.406,166.188,166.320,166.321,166.424,166.207,166.336
247,GBP_JPY,2022-12-07T03:00:00.000000000Z,9412,166.302,166.498,166.288,166.456,166.320,166.518,166.308,166.476,166.337,166.538,166.328,166.495
248,GBP_JPY,2022-12-07T04:00:00.000000000Z,8205,166.456,166.736,166.408,166.693,166.475,166.754,166.426,166.714,166.494,166.773,166.441,166.734
249,GBP_JPY,2022-12-07T05:00:00.000000000Z,11611,166.694,166.706,166.491,166.634,166.714,166.724,166.512,166.652,166.733,166.743,166.533,166.671
250,GBP_JPY,2022-12-07T06:00:00.000000000Z,10766,166.633,166.966,166.446,166.733,166.652,166.986,166.466,166.754,166.672,167.007,166.486,166.774
251,GBP_JPY,2022-12-07T07:00:00.000000000Z,17090,166.733,166.883,166.619,166.708,166.754,166.903,166.638,166.724,166.775,166.923,166.656,166.740
252,GBP_JPY,2022-12-07T08:00:00.000000000Z,18000,166.713,167.177,166.654,167.035,166.730,167.196,166.670,167.050,166.747,167.214,166.687,167.066
253,GBP_JPY,2022-12-07T09:00:00.000000000Z,13604,167.034,167.141,166.655,166.913,167.051,167.157,166.674,166.930,167.068,167.175,166.691,166.947
254,GBP_JPY,2022-12-07T10:00:00.000000000Z,13108,166.915,167.413,166.840,167.326,166.932,167.430,166.855,167.342,166.949,167.447,166.869,167.359
255,GBP_JPY,2022-12-07T11:00:00.000000000Z,11999,167.326,167.396,167.115,167.211,167.342,167.413,167.130,167.226,167.358,167.431,167.146,167.242
256,GBP_JPY,2022-12-07T12:00:00.000000000Z,13747,167.211,167.374,167.077,167.266,167.228,167.391,167.096,167.284,167.244,167.409,167.113,167.301
257,GBP_JPY,2022-12-07T13:00:00.000000000Z,22775,167.268,167.314,166.813,166.895,167.284,167.330,166.832,166.914,167.301,167.347,166.850,166.932
258,GBP_JPY,2022-12-07T14:00:00.000000000Z,25329,166.897,166.986,166.496,166.827,166.916,167.006,166.516,166.844,166.934,167.025,166.535,166.861
259,GBP_JPY,2022-12-07T15:00:00.000000000Z,28020,166.825,167.026,166.345,166.694,166.842,167.044,166.366,166.710,166.859,167.063,166.387,166.725
260,GBP_JPY,2022-12-07T16:00:00.000000000Z,15601,166.696,166.841,166.300,166.507,166.712,166.856,166.318,166.523,166.727,166.871,166.334,166.539
261,GBP_JPY,2022-12-07T17:00:00.000000000Z,13083,166.505,166.736,166.420,166.657,166.524,166.752,166.438,166.673,166.542,166.768,166.455,166.689
262,GBP_JPY,2022-12-07T18:00:00.000000000Z,10929,166.659,166.665,166.483,166.544,166.674,166.680,166.500,166.558,166.689,166.695,166.517,166.572
263,GBP_JPY,2022-12-07T19:00:00.000000000Z,12849,166.542,166.556,166.384,166.457,166.557,166.574,166.402,166.473,166.572,166.592,166.419,166.489
264,GBP_JPY,2022-12-07T20:00:00.000000000Z,11031,166.461,166.617,166.403,166.617,166.476,166.632,166.420,166.632,166.491,166.648,166.438,166.647
265,GBP_JPY,2022-12-07T21:00:00.000000000Z,9789,166.614,166.791,166.564,166.740,166.628,166.809,166.582,166.768,166.641,166.830,166.599,166.796
266,GBP_JPY,2022-12-07T22:00:00.000000000Z,2287,166.595,166.688,166.495,166.551,166.670,166.752,166.564,166.616,166.745,166.827,166.633,166.681
267,GBP_JPY,2022-12-07T23:00:00.000000000Z,5717,166.554,166.604,166.357,166.503,166.618,166.642,166.382,166.524,166.683,166.698,166.405,166.546
268,GBP_JPY,2022-12-08T00:00:00.000000000Z,9595,166.502,166.741,166.390,166.630,166.522,166.760,166.410,166.651,166.543,166.778,166.428,166.672
269,GBP_JPY,2022-12-08T01:00:00.000000000Z,12490,166.632,166.938,166.581,166.757,166.653,166.956,166.604,166.777,166.674,166.975,166.623,166.797
270,GBP_JPY,2022-12-08T02:00:00.000000000Z,9347,166.759,166.943,166.665,166.866,166.780,166.961,166.685,166.885,166.800,166.979,166.704,166.904
271,GBP_JPY,2022-12-08T03:00:00.000000000Z,8773,166.869,166.986,166.760,166.852,166.887,167.003,166.779,166.872,166.905,167.021,166.797,166.893
272,GBP_JPY,2022-12-08T04:00:00.000000000Z,9033,166.852,167.163,166.814,166.862,166.873,167.182,166.835,166.879,166.894,167.201,166.854,166.896
273,GBP_JPY,2022-12-08T05:00:00.000000000Z,8549,166.860,167.079,166.852,167.079,166.878,167.096,166.871,167.096,166.896,167.114,166.890,167.114
274,GBP_JPY,2022-12-08T06:00:00.000000000Z,8491,167.079,167.082,166.754,166.837,167.098,167.102,166.774,166.858,167.116,167.121,166.795,166.879
275,GBP_JPY,2022-12-08T07:00:00.000000000Z,11238,166.841,166.990,166.711,166.795,166.862,167.009,166.728,166.814,166.883,167.029,166.745,166.832
276,GBP_JPY,2022-12-08T08:00:00.000000000Z,13411,166.795,167.015,166.573,166.611,166.812,167.032,166.587,166.627,166.830,167.048,166.600,166.643
277,GBP_JPY,2022-12-08T09:00:00.000000000Z,10401,166.613,166.850,166.540,166.720,166.628,166.866,166.556,166.736,166.643,166.882,166.571,166.751
278,GBP_JPY,2022-12-08T10:00:00.000000000Z,9991,166.721,166.732,166.446,166.556,166.738,166.748,166.462,166.572,166.755,166.764,166.478,166.589
279,GBP_JPY,2022-12-08T11:00:00.000000000Z,7586,166.556,166.627,166.271,166.528,166.573,166.643,166.288,166.545,166.590,166.660,166.304,166.562
280,GBP_JPY,2022-12-08T12:00:00.000000000Z,9783,166.529,166.772,166.416,166.509,166.544,166.788,166.431,166.526,166.560,166.806,166.446,166.544
281,GBP_JPY,2022-12-08T13:00:00.000000000Z,16538,166.510,166.942,166.469,166.835,166.526,166.961,166.484,166.852,166.543,166.981,166.500,166.868
282,GBP_JPY,2022-12-08T14:00:00.000000000Z,18397,166.840,167.027,166.671,166.959,166.856,167.043,166.688,166.976,166.871,167.060,166.704,166.992
283,GBP_JPY,2022-12-08T15:00:00.000000000Z,14830,166.960,167.008,166.665,166.773,166.976,167.024,166.681,166.788,166.992,167.040,166.697,166.803
284,GBP_JPY,2022-12-08T16:00:00.000000000Z,13270,166.774,166.973,166.596,166.915,166.788,166.990,166.614,166.932,166.802,167.008,166.631,166.950
285,GBP_JPY,2022-12-08T17:00:00.000000000Z,10269,166.917,167.081,166.827,167.051,166.934,167.096,166.842,167.067,166.952,167.112,166.857,167.083
286,GBP_JPY,2022-12-08T18:00:00.000000000Z,9216,167.049,167.273,166.988,167.267,167.065,167.289,167.005,167.283,167.081,167.306,167.022,167.299
287,GBP_JPY,2022-12-08T19:00:00.000000000Z,10249,167.266,167.337,167.227,167.313,167.283,167.348,167.246,167.327,167.300,167.361,167.264,167.341
288,GBP_JPY,2022-12-08T20:00:00.000000000Z,8610,167.311,167.330,167.197,167.272,167.324,167.344,167.215,167.287,167.336,167.361,167.233,167.302
289,GBP_JPY,2022-12-08T21:00:00.000000000Z,5695,167.267,167.287,167.170,167.235,167.282,167.308,167.188,167.267,167.297,167.332,167.207,167.299
290,GBP_JPY,2022-12-08T22:00:00.000000000Z,5075,167.084,167.165,167.022,167.102,167.159,167.240,167.097,167.169,167.234,167.315,167.172,167.236
291,GBP_JPY,2022-12-08T23:00:00.000000000Z,6475,167.100,167.165,166.991,167.148,167.168,167.204,167.027,167.168,167.236,167.253,167.062,167.189
292,GBP_JPY,2022-12-09T00:00:00.000000000Z,13483,167.145,167.400,167.096,167.221,167.166,167.420,167.118,167.244,167.188,167.441,167.138,167.267
293,GBP_JPY,2022-12-09T01:00:00.000000000Z,17258,167.221,167.248,166.788,166.951,167.245,167.269,166.812,166.975,167.269,167.290,166.831,166.999
294,GBP_JPY,2022-12-09T02:00:00.000000000Z,12205,166.951,167.074,166.788,166.910,166.974,167.097,166.806,166.930,166.997,167.120,166.825,166.951
295,GBP_JPY,2022-12-09T03:00:00.000000000Z,12328,166.908,166.920,166.610,166.754,166.928,166.938,166.628,166.775,166.949,166.958,166.646,166.796
296,GBP_JPY,2022-12-09T04:00:00.000000000Z,8034,166.754,166.906,166.729,166.872,166.776,166.924,166.750,166.891,166.798,166.943,166.769,166.910
297,GBP_JPY,2022-12-09T05:00:00.000000000Z,10855,166.872,166.995,166.677,166.907,166.892,167.013,166.698,166.928,166.912,167.034,166.718,166.949
298,GBP_JPY,2022-12-09T06:00:00.000000000Z,11141,166.906,166.945,166.729,166.750,166.926,166.966,166.752,166.774,166.947,166.989,166.774,166.797
299,GBP_JPY,2022-12-09T07:00:00.000000000Z,14314,166.752,167.189,166.752,167.097,166.775,167.207,166.774,167.113,166.798,167.225,166.797,167.129
300,GBP_JPY,2022-12-09T08:00:00.000000000Z,13429,167.098,167.168,166.743,166.763,167.115,167.185,166.761,166.780,167.132,167.202,166.779,166.798
301,GBP_JPY,2022-12-09T09:00:00.000000000Z,13619,166.761,166.965,166.689,166.801,166.780,166.981,166.706,166.819,166.798,166.998,166.724,166.837
302,GBP_JPY,2022-12-09T10:00:00.000000000Z,10590,166.803,166.919,166.487,166.733,166.820,166.937,166.504,166.752,166.837,166.955,166.522,166.771
303,GBP_JPY,2022-12-09T11:00:00.000000000Z,12541,166.734,166.898,166.529,166.599,166.752,166.914,166.549,166.617,166.771,166.932,166.564,166.635
304,GBP_JPY,2022-12-09T12:00:00.000000000Z,12064,166.600,166.837,166.581,166.752,166.619,166.856,166.598,166.770,166.638,166.876,166.616,166.789
305,GBP_JPY,2022-12-09T13:00:00.000000000Z,25687,166.759,167.160,166.234,166.924,166.776,167.181,166.309,166.943,166.794,167.204,166.384,166.962
306,GBP_JPY,2022-12-09T14:00:00.000000000Z,20783,166.928,167.308,166.925,167.219,166.947,167.328,166.944,167.279,166.966,167.348,166.964,167.339
307,GBP_JPY,2022-12-09T15:00:00.000000000Z,23675,167.259,168.044,167.117,167.928,167.318,168.061,167.192,167.943,167.377,168.079,167.267,167.958
308,GBP_JPY,2022-12-09T16:00:00.000000000Z,14884,167.924,167.973,167.712,167.889,167.940,167.990,167.730,167.905,167.956,168.007,167.748,167.921
309,GBP_JPY,2022-12-09T17:00:00.000000000Z,10370,167.890,167.892,167.566,167.664,167.906,167.908,167.584,167.680,167.923,167.925,167.602,167.697
310,GBP_JPY,2022-12-09T18:00:00.000000000Z,8975,167.664,167.686,167.373,167.458,167.680,167.702,167.391,167.476,167.696,167.719,167.408,167.494
311,GBP_JPY,2022-12-09T19:00:00.000000000Z,7961,167.457,167.510,167.371,167.476,167.476,167.526,167.388,167.492,167.495,167.541,167.404,167.509
312,GBP_JPY,2022-12-09T20:00:00.000000000Z,8678,167.478,167.540,167.433,167.535,167.494,167.558,167.450,167.553,167.511,167.575,167.466,167.571
313,GBP_JPY,2022-12-09T21:00:00.000000000Z,4924,167.527,167.550,167.368,167.385,167.545,167.567,167.405,167.460,167.563,167.642,167.432,167.535
314,GBP_JPY,2022-12-11T22:00:00.000000000Z,964,167.317,167.480,167.280,167.394,167.392,167.555,167.355,167.469,167.467,167.630,167.430,167.544
315,GBP_JPY,2022-12-11T23:00:00.000000000Z,6571,167.398,167.481,167.254,167.265,167.473,167.507,167.280,167.290,167.548,167.559,167.305,167.316
316,GBP_JPY,2022-12-12T00:00:00.000000000Z,10894,167.272,167.418,167.094,167.218,167.298,167.442,167.119,167.238,167.323,167.468,167.139,167.258
317,GBP_JPY,2022-12-12T01:00:00.000000000Z,11359,167.217,167.466,167.115,167.258,167.238,167.488,167.135,167.278,167.259,167.510,167.155,167.298
318,GBP_JPY,2022-12-12T02:00:00.000000000Z,8731,167.258,167.323,167.222,167.305,167.278,167.344,167.241,167.324,167.297,167.364,167.260,167.344
319,GBP_JPY,2022-12-12T03:00:00.000000000Z,6590,167.306,167.359,167.257,167.325,167.326,167.375,167.274,167.343,167.346,167.395,167.292,167.361
320,GBP_JPY,2022-12-12T04:00:00.000000000Z,5478,167.325,167.515,167.281,167.475,167.342,167.536,167.300,167.493,167.359,167.558,167.320,167.511
321,GBP_JPY,2022-12-12T05:00:00.000000000Z,7843,167.474,167.623,167.471,167.500,167.493,167.642,167.489,167.519,167.512,167.661,167.507,167.538
322,GBP_JPY,2022-12-12T06:00:00.000000000Z,9628,167.503,167.567,167.321,167.330,167.521,167.586,167.346,167.354,167.539,167.605,167.368,167.377
323,GBP_JPY,2022-12-12T07:00:00.000000000Z,13728,167.344,167.632,167.069,167.538,167.364,167.651,167.110,167.554,167.383,167.670,167.152,167.569
324,GBP_JPY,2022-12-12T08:00:00.000000000Z,15332,167.536,167.844,167.379,167.717,167.552,167.862,167.397,167.734,167.569,167.882,167.415,167.750
325,GBP_JPY,2022-12-12T09:00:00.000000000Z,13220,167.718,167.985,167.674,167.710,167.735,168.001,167.692,167.729,167.752,168.020,167.709,167.748
326,GBP_JPY,2022-12-12T10:00:00.000000000Z,10367,167.712,168.070,167.697,167.916,167.731,168.087,167.714,167.933,167.750,168.104,167.732,167.950
327,GBP_JPY,2022-12-12T11:00:00.000000000Z,10090,167.919,168.110,167.832,167.953,167.938,168.128,167.848,167.970,167.957,168.147,167.865,167.988
328,GBP_JPY,2022-12-12T12:00:00.000000000Z,9992,167.956,168.376,167.888,168.316,167.974,168.394,167.906,168.334,167.992,168.412,167.924,168.352
329,GBP_JPY,2022-12-12T13:00:00.000000000Z,11574,168.314,168.620,168.263,168.417,168.331,168.638,168.281,168.435,168.348,168.655,168.298,168.453
330,GBP_JPY,2022-12-12T14:00:00.000000000Z,14834,168.416,168.430,168.074,168.311,168.434,168.450,168.092,168.328,168.451,168.471,168.109,168.346
331,GBP_JPY,2022-12-12T15:00:00.000000000Z,17268,168.315,168.664,168.289,168.351,168.332,168.681,168.304,168.367,168.348,168.698,168.317,168.383
332,GBP_JPY,2022-12-12T16:00:00.000000000Z,15522,168.347,168.967,168.240,168.842,168.363,168.984,168.254,168.859,168.379,169.003,168.269,168.876
333,GBP_JPY,2022-12-12T17:00:00.000000000Z,10799,168.841,169.006,168.799,168.938,168.859,169.023,168.818,168.957,168.877,169.042,168.836,168.976
334,GBP_JPY,2022-12-12T18:00:00.000000000Z,13381,168.938,168.984,168.667,168.725,168.958,169.002,168.686,168.742,168.977,169.021,168.705,168.760
335,GBP_JPY,2022-12-12T19:00:00.000000000Z,9588,168.727,168.941,168.668,168.856,168.744,168.958,168.686,168.872,168.761,168.977,168.704,168.889
336,GBP_JPY,2022-12-12T20:00:00.000000000Z,9096,168.862,168.990,168.844,168.978,168.879,169.007,168.863,168.995,168.896,169.025,168.882,169.012
337,GBP_JPY,2022-12-12T21:00:00.000000000Z,4385,168.976,169.012,168.706,168.775,168.994,169.028,168.770,168.798,169.013,169.045,168.794,168.822
338,GBP_JPY,2022-12-12T22:00:00.000000000Z,5631,168.842,168.901,168.408,168.638,168.917,168.976,168.483,168.713,168.992,169.051,168.558,168.788
339,GBP_JPY,2022-12-12T23:00:00.000000000Z,3467,168.558,168.835,168.558,168.701,168.633,168.861,168.633,168.724,168.708,168.887,168.698,168.746
340,GBP_JPY,2022-12-13T00:00:00.000000000Z,8039,168.700,169.124,168.654,169.108,168.722,169.145,168.674,169.130,168.743,169.167,168.695,169.151
341,GBP_JPY,2022-12-13T01:00:00.000000000Z,10488,169.108,169.169,168.896,168.973,169.131,169.191,168.916,168.993,169.154,169.213,168.936,169.013
342,GBP_JPY,2022-12-13T02:00:00.000000000Z,8367,168.975,169.128,168.941,168.941,168.995,169.146,168.960,168.962,169.015,169.164,168.979,168.982
343,GBP_JPY,2022-12-13T03:00:00.000000000Z,8053,168.942,168.986,168.737,168.819,168.962,169.006,168.756,168.839,168.982,169.026,168.776,168.859
344,GBP_JPY,2022-12-13T04:00:00.000000000Z,5952,168.822,169.034,168.788,168.896,168.841,169.052,168.808,168.916,168.860,169.070,168.828,168.937
345,GBP_JPY,2022-12-13T05:00:00.000000000Z,7404,168.903,169.037,168.844,168.930,168.922,169.057,168.864,168.950,168.941,169.077,168.884,168.970
346,GBP_JPY,2022-12-13T06:00:00.000000000Z,7933,168.929,169.047,168.864,168.946,168.948,169.065,168.883,168.967,168.966,169.083,168.902,168.988
347,GBP_JPY,2022-12-13T07:00:00.000000000Z,13629,168.975,169.266,168.771,168.790,168.995,169.283,168.788,168.806,169.015,169.300,168.806,168.822
348,GBP_JPY,2022-12-13T08:00:00.000000000Z,15976,168.790,168.862,168.482,168.843,168.807,168.880,168.500,168.860,168.824,168.899,168.517,168.877
349,GBP_JPY,2022-12-13T09:00:00.000000000Z,13471,168.844,169.125,168.629,168.977,168.862,169.144,168.650,168.994,168.881,169.163,168.666,169.010
350,GBP_JPY,2022-12-13T10:00:00.000000000Z,13140,168.975,169.190,168.911,168.978,168.993,169.208,168.930,168.996,169.011,169.226,168.949,169.015
351,GBP_JPY,2022-12-13T11:00:00.000000000Z,11248,168.979,169.204,168.883,169.054,168.997,169.221,168.901,169.071,169.015,169.240,168.918,169.088
352,GBP_JPY,2022-12-13T12:00:00.000000000Z,12538,169.049,169.068,168.848,168.907,169.066,169.084,168.866,168.924,169.083,169.101,168.883,168.942
353,GBP_JPY,2022-12-13T13:00:00.000000000Z,33014,168.908,169.054,167.423,167.725,168.924,169.072,167.498,167.750,168.941,169.091,167.573,167.774
354,GBP_JPY,2022-12-13T14:00:00.000000000Z,36719,167.722,167.896,167.395,167.639,167.746,167.916,167.418,167.660,167.769,167.939,167.440,167.682
355,GBP_JPY,2022-12-13T15:00:00.000000000Z,29983,167.639,167.672,167.398,167.538,167.660,167.691,167.414,167.554,167.680,167.711,167.431,167.569
356,GBP_JPY,2022-12-13T16:00:00.000000000Z,20760,167.541,167.584,167.087,167.207,167.556,167.600,167.106,167.224,167.570,167.618,167.125,167.241
357,GBP_JPY,2022-12-13T17:00:00.000000000Z,20555,167.206,167.352,167.080,167.340,167.224,167.370,167.098,167.357,167.242,167.389,167.116,167.374
358,GBP_JPY,2022-12-13T18:00:00.000000000Z,17681,167.336,167.544,167.302,167.387,167.354,167.562,167.321,167.406,167.371,167.580,167.340,167.424
359,GBP_JPY,2022-12-13T19:00:00.000000000Z,13294,167.385,167.670,167.339,167.614,167.402,167.687,167.358,167.632,167.420,167.704,167.377,167.649
360,GBP_JPY,2022-12-13T20:00:00.000000000Z,13014,167.614,167.723,167.525,167.622,167.632,167.740,167.545,167.640,167.651,167.759,167.564,167.659
361,GBP_JPY,2022-12-13T21:00:00.000000000Z,5184,167.626,167.730,167.570,167.652,167.644,167.748,167.590,167.676,167.663,167.770,167.609,167.699
362,GBP_JPY,2022-12-13T22:00:00.000000000Z,2582,167.606,167.769,167.442,167.469,167.681,167.844,167.517,167.544,167.756,167.919,167.592,167.619
363,GBP_JPY,2022-12-13T23:00:00.000000000Z,7936,167.474,167.693,167.448,167.478,167.549,167.716,167.471,167.500,167.624,167.747,167.494,167.521
364,GBP_JPY,2022-12-14T00:00:00.000000000Z,10806,167.479,167.545,167.112,167.246,167.500,167.569,167.134,167.266,167.521,167.593,167.154,167.287
365,GBP_JPY,2022-12-14T01:00:00.000000000Z,11598,167.240,167.552,167.167,167.455,167.261,167.574,167.188,167.474,167.282,167.595,167.207,167.494
366,GBP_JPY,2022-12-14T02:00:00.000000000Z,9042,167.457,167.504,167.269,167.321,167.476,167.524,167.289,167.340,167.494,167.544,167.309,167.358
367,GBP_JPY,2022-12-14T03:00:00.000000000Z,6691,167.315,167.388,167.259,167.379,167.334,167.408,167.279,167.399,167.353,167.429,167.297,167.419
368,GBP_JPY,2022-12-14T04:00:00.000000000Z,6517,167.375,167.417,167.297,167.371,167.396,167.437,167.318,167.390,167.416,167.457,167.335,167.409
369,GBP_JPY,2022-12-14T05:00:00.000000000Z,6921,167.370,167.424,167.267,167.308,167.390,167.444,167.288,167.327,167.409,167.463,167.308,167.346
370,GBP_JPY,2022-12-14T06:00:00.000000000Z,8917,167.308,167.581,167.258,167.390,167.328,167.598,167.276,167.465,167.347,167.616,167.295,167.540
371,GBP_JPY,2022-12-14T07:00:00.000000000Z,14242,167.383,167.504,167.197,167.490,167.458,167.522,167.216,167.508,167.533,167.552,167.236,167.526
372,GBP_JPY,2022-12-14T08:00:00.000000000Z,17107,167.489,167.624,167.303,167.374,167.508,167.642,167.322,167.392,167.527,167.661,167.342,167.410
373,GBP_JPY,2022-12-14T09:00:00.000000000Z,17106,167.374,167.650,167.368,167.563,167.392,167.667,167.387,167.579,167.409,167.685,167.406,167.595
374,GBP_JPY,2022-12-14T10:00:00.000000000Z,18882,167.563,167.566,166.804,166.931,167.580,167.585,166.852,166.949,167.597,167.604,166.896,166.967
375,GBP_JPY,2022-12-14T11:00:00.000000000Z,12989,166.933,167.074,166.842,166.956,166.950,167.091,166.862,166.974,166.967,167.109,166.880,166.993
376,GBP_JPY,2022-12-14T12:00:00.000000000Z,12057,166.956,167.266,166.888,166.918,166.973,167.283,166.905,166.935,166.990,167.301,166.922,166.952
377,GBP_JPY,2022-12-14T13:00:00.000000000Z,14167,166.919,167.111,166.710,166.956,166.936,167.128,166.728,166.974,166.952,167.145,166.746,166.991
378,GBP_JPY,2022-12-14T14:00:00.000000000Z,18411,166.955,167.165,166.803,167.103,166.974,167.182,166.820,167.116,166.992,167.199,166.836,167.130
379,GBP_JPY,2022-12-14T15:00:00.000000000Z,16826,167.105,167.329,167.011,167.251,167.120,167.346,167.031,167.264,167.135,167.362,167.047,167.277
380,GBP_JPY,2022-12-14T16:00:00.000000000Z,13881,167.249,167.573,167.216,167.438,167.264,167.589,167.230,167.454,167.278,167.606,167.245,167.471
381,GBP_JPY,2022-12-14T17:00:00.000000000Z,11996,167.439,167.783,167.377,167.752,167.454,167.799,167.393,167.770,167.470,167.816,167.409,167.787
382,GBP_JPY,2022-12-14T18:00:00.000000000Z,11097,167.755,167.895,167.286,167.603,167.771,167.916,167.361,167.678,167.787,167.937,167.436,167.753
383,GBP_JPY,2022-12-14T19:00:00.000000000Z,41873,167.586,168.103,167.306,167.941,167.661,168.178,167.381,167.965,167.736,168.253,167.456,167.989
384,GBP_JPY,2022-12-14T20:00:00.000000000Z,30363,167.937,168.215,167.727,168.027,167.961,168.239,167.750,168.046,167.985,168.263,167.774,168.065
385,GBP_JPY,2022-12-14T21:00:00.000000000Z,8963,168.027,168.375,167.974,168.349,168.045,168.395,167.993,168.376,168.063,168.461,168.011,168.404
386,GBP_JPY,2022-12-14T22:00:00.000000000Z,3409,168.227,168.320,168.128,168.287,168.302,168.395,168.203,168.362,168.377,168.470,168.278,168.437
387,GBP_JPY,2022-12-14T23:00:00.000000000Z,7604,168.299,168.304,167.979,168.085,168.374,168.379,168.001,168.110,168.449,168.454,168.023,168.134
388,GBP_JPY,2022-12-15T00:00:00.000000000Z,9190,168.078,168.238,168.054,168.130,168.102,168.258,168.076,168.149,168.127,168.279,168.098,168.168
389,GBP_JPY,2022-12-15T01:00:00.000000000Z,14291,168.126,168.138,167.825,167.928,168.145,168.159,167.846,167.951,168.164,168.180,167.867,167.974
390,GBP_JPY,2022-12-15T02:00:00.000000000Z,10246,167.930,168.048,167.890,167.972,167.954,168.068,167.909,167.992,167.978,168.088,167.928,168.012
391,GBP_JPY,2022-12-15T03:00:00.000000000Z,9285,167.975,168.029,167.836,167.895,167.995,168.048,167.858,167.912,168.015,168.067,167.879,167.930
392,GBP_JPY,2022-12-15T04:00:00.000000000Z,7254,167.893,168.051,167.814,168.014,167.912,168.070,167.836,168.033,167.930,168.090,167.858,168.052
393,GBP_JPY,2022-12-15T05:00:00.000000000Z,9813,168.017,168.199,167.956,168.025,168.036,168.218,167.976,168.042,168.055,168.237,167.994,168.060
394,GBP_JPY,2022-12-15T06:00:00.000000000Z,9411,168.027,168.193,168.009,168.113,168.044,168.212,168.028,168.134,168.060,168.231,168.047,168.156
395,GBP_JPY,2022-12-15T07:00:00.000000000Z,13493,168.129,168.229,168.077,168.194,168.149,168.246,168.096,168.212,168.169,168.264,168.114,168.229
396,GBP_JPY,2022-12-15T08:00:00.000000000Z,20197,168.192,168.388,167.973,168.047,168.210,168.408,167.990,168.064,168.227,168.428,168.007,168.082
397,GBP_JPY,2022-12-15T09:00:00.000000000Z,18963,168.049,168.569,168.016,168.496,168.066,168.587,168.034,168.514,168.082,168.607,168.051,168.533
398,GBP_JPY,2022-12-15T10:00:00.000000000Z,15310,168.495,168.802,168.454,168.658,168.514,168.820,168.472,168.674,168.533,168.839,168.489,168.690
399,GBP_JPY,2022-12-15T11:00:00.000000000Z,15187,168.657,168.826,168.208,168.208,168.674,168.844,168.283,168.283,168.691,168.862,168.358,168.358
400,GBP_JPY,2022-12-15T12:00:00.000000000Z,18199,168.216,168.398,167.773,168.047,168.291,168.421,167.846,168.064,168.366,168.444,167.917,168.081
401,GBP_JPY,2022-12-15T13:00:00.000000000Z,26173,168.049,168.298,167.903,168.001,168.066,168.334,167.934,168.020,168.082,168.370,167.964,168.038
402,GBP_JPY,2022-12-15T14:00:00.000000000Z,30327,168.003,168.449,167.882,168.249,168.022,168.464,167.900,168.267,168.040,168.480,167.917,168.285
403,GBP_JPY,2022-12-15T15:00:00.000000000Z,29225,168.250,168.473,168.016,168.096,168.268,168.493,168.034,168.112,168.287,168.513,168.053,168.127
404,GBP_JPY,2022-12-15T16:00:00.000000000Z,20769,168.092,168.445,167.962,168.311,168.108,168.462,167.978,168.328,168.124,168.479,167.994,168.344
405,GBP_JPY,2022-12-15T17:00:00.000000000Z,18092,168.311,168.319,167.875,167.894,168.328,168.336,167.890,167.912,168.345,168.354,167.905,167.930
406,GBP_JPY,2022-12-15T18:00:00.000000000Z,12346,167.890,168.063,167.731,167.886,167.908,168.081,167.748,167.904,167.926,168.099,167.764,167.922
407,GBP_JPY,2022-12-15T19:00:00.000000000Z,10878,167.888,167.974,167.664,167.923,167.906,167.989,167.682,167.940,167.923,168.006,167.701,167.956
408,GBP_JPY,2022-12-15T20:00:00.000000000Z,11475,167.919,167.956,167.612,167.622,167.936,167.972,167.629,167.640,167.954,167.989,167.645,167.658
409,GBP_JPY,2022-12-15T21:00:00.000000000Z,6125,167.622,167.857,167.612,167.772,167.641,167.875,167.630,167.800,167.660,167.900,167.649,167.829
410,GBP_JPY,2022-12-15T22:00:00.000000000Z,2822,167.823,167.897,167.732,167.768,167.898,167.972,167.807,167.843,167.973,168.047,167.882,167.918
411,GBP_JPY,2022-12-15T23:00:00.000000000Z,4183,167.788,167.918,167.698,167.911,167.863,167.936,167.730,167.930,167.938,167.954,167.762,167.949
412,GBP_JPY,2022-12-16T00:00:00.000000000Z,9301,167.910,167.991,167.711,167.733,167.928,168.012,167.730,167.753,167.946,168.033,167.749,167.773
413,GBP_JPY,2022-12-16T01:00:00.000000000Z,13727,167.726,167.761,167.479,167.572,167.746,167.780,167.501,167.592,167.766,167.800,167.521,167.611
414,GBP_JPY,2022-12-16T02:00:00.000000000Z,14319,167.571,167.668,167.367,167.588,167.591,167.688,167.388,167.608,167.611,167.708,167.408,167.629
415,GBP_JPY,2022-12-16T03:00:00.000000000Z,9839,167.589,167.688,167.467,167.576,167.610,167.710,167.490,167.598,167.631,167.731,167.509,167.619
416,GBP_JPY,2022-12-16T04:00:00.000000000Z,7883,167.576,167.683,167.471,167.516,167.596,167.700,167.491,167.536,167.616,167.719,167.511,167.557
417,GBP_JPY,2022-12-16T05:00:00.000000000Z,8803,167.515,167.717,167.509,167.633,167.536,167.740,167.528,167.651,167.558,167.764,167.547,167.669
418,GBP_JPY,2022-12-16T06:00:00.000000000Z,10731,167.630,167.679,167.420,167.580,167.650,167.698,167.440,167.604,167.669,167.718,167.459,167.628
419,GBP_JPY,2022-12-16T07:00:00.000000000Z,17010,167.584,167.584,167.052,167.090,167.608,167.608,167.070,167.107,167.632,167.638,167.089,167.124
420,GBP_JPY,2022-12-16T08:00:00.000000000Z,19951,167.088,167.204,166.561,166.567,167.106,167.222,166.582,166.588,167.124,167.241,166.601,166.609
421,GBP_JPY,2022-12-16T09:00:00.000000000Z,20295,166.568,166.614,166.108,166.591,166.588,166.634,166.127,166.608,166.609,166.658,166.146,166.626
422,GBP_JPY,2022-12-16T10:00:00.000000000Z,15492,166.591,166.956,166.432,166.949,166.608,166.972,166.452,166.966,166.624,166.989,166.470,166.984
423,GBP_JPY,2022-12-16T11:00:00.000000000Z,12861,166.949,167.358,166.893,167.037,166.968,167.374,166.911,167.054,166.986,167.391,166.929,167.072
424,GBP_JPY,2022-12-16T12:00:00.000000000Z,12186,167.036,167.174,166.759,166.817,167.052,167.190,166.776,166.834,167.069,167.207,166.794,166.851
425,GBP_JPY,2022-12-16T13:00:00.000000000Z,16368,166.813,167.051,166.777,167.023,166.830,167.068,166.793,167.040,166.847,167.085,166.809,167.058
426,GBP_JPY,2022-12-16T14:00:00.000000000Z,23945,167.028,167.432,166.882,167.079,167.046,167.452,166.904,167.096,167.063,167.472,166.922,167.114
427,GBP_JPY,2022-12-16T15:00:00.000000000Z,23240,167.079,167.125,165.978,166.056,167.098,167.142,165.994,166.070,167.117,167.161,166.009,166.085
428,GBP_JPY,2022-12-16T16:00:00.000000000Z,17658,166.054,166.225,165.973,166.130,166.069,166.240,165.990,166.147,166.084,166.257,166.007,166.164
429,GBP_JPY,2022-12-16T17:00:00.000000000Z,13303,166.133,166.506,166.124,166.152,166.150,166.524,166.144,166.169,166.167,166.543,166.163,166.186
430,GBP_JPY,2022-12-16T18:00:00.000000000Z,10310,166.151,166.273,166.020,166.111,166.170,166.291,166.036,166.129,166.188,166.311,166.053,166.147
431,GBP_JPY,2022-12-16T19:00:00.000000000Z,9022,166.111,166.173,166.025,166.126,166.128,166.192,166.044,166.143,166.145,166.211,166.061,166.160
432,GBP_JPY,2022-12-16T20:00:00.000000000Z,12398,166.126,166.310,166.077,166.232,166.142,166.327,166.094,166.248,166.159,166.345,166.112,166.265
433,GBP_JPY,2022-12-16T21:00:00.000000000Z,7234,166.230,166.247,165.738,165.863,166.248,166.264,165.813,165.938,166.266,166.282,165.888,166.013
434,GBP_JPY,2022-12-18T22:00:00.000000000Z,1034,165.146,165.628,165.135,165.574,165.221,165.703,165.210,165.649,165.296,165.778,165.285,165.724
435,GBP_JPY,2022-12-18T23:00:00.000000000Z,9759,165.550,166.073,165.519,166.040,165.625,166.098,165.594,166.066,165.700,166.124,165.669,166.091
436,GBP_JPY,2022-12-19T00:00:00.000000000Z,12047,166.046,166.063,165.454,165.725,166.070,166.085,165.478,165.747,166.093,166.109,165.501,165.769
437,GBP_JPY,2022-12-19T01:00:00.000000000Z,11639,165.727,165.788,165.518,165.702,165.747,165.812,165.542,165.724,165.767,165.838,165.566,165.746
438,GBP_JPY,2022-12-19T02:00:00.000000000Z,11747,165.701,166.109,165.618,166.036,165.724,166.132,165.642,166.059,165.746,166.155,165.662,166.082
439,GBP_JPY,2022-12-19T03:00:00.000000000Z,9171,166.039,166.113,165.903,165.978,166.060,166.134,165.925,165.999,166.082,166.156,165.947,166.020
440,GBP_JPY,2022-12-19T04:00:00.000000000Z,8432,165.975,165.975,165.756,165.842,165.996,165.996,165.779,165.862,166.017,166.019,165.802,165.883
441,GBP_JPY,2022-12-19T05:00:00.000000000Z,9021,165.846,165.885,165.669,165.729,165.867,165.906,165.692,165.750,165.888,165.927,165.713,165.770
442,GBP_JPY,2022-12-19T06:00:00.000000000Z,11597,165.729,165.832,165.540,165.797,165.748,165.856,165.563,165.818,165.768,165.881,165.584,165.838
443,GBP_JPY,2022-12-19T07:00:00.000000000Z,14079,165.798,165.798,165.471,165.587,165.819,165.820,165.492,165.605,165.840,165.844,165.512,165.623
444,GBP_JPY,2022-12-19T08:00:00.000000000Z,15882,165.591,165.944,165.564,165.876,165.608,165.961,165.582,165.895,165.626,165.979,165.599,165.914
445,GBP_JPY,2022-12-19T09:00:00.000000000Z,18318,165.870,166.432,165.827,166.226,165.890,166.450,165.856,166.245,165.910,166.471,165.881,166.264
446,GBP_JPY,2022-12-19T10:00:00.000000000Z,15190,166.224,166.283,166.028,166.151,166.243,166.300,166.046,166.168,166.262,166.317,166.063,166.186
447,GBP_JPY,2022-12-19T11:00:00.000000000Z,13936,166.150,166.182,165.933,166.116,166.169,166.200,165.954,166.133,166.188,166.219,165.976,166.150
448,GBP_JPY,2022-12-19T12:00:00.000000000Z,14635,166.117,166.244,165.992,166.074,166.134,166.261,166.010,166.092,166.152,166.280,166.027,166.109
449,GBP_JPY,2022-12-19T13:00:00.000000000Z,15938,166.072,166.322,165.984,166.252,166.090,166.338,166.002,166.270,166.107,166.354,166.020,166.287
450,GBP_JPY,2022-12-19T14:00:00.000000000Z,17199,166.255,166.552,166.255,166.334,166.272,166.569,166.272,166.351,166.289,166.586,166.289,166.368
451,GBP_JPY,2022-12-19T15:00:00.000000000Z,19137,166.336,166.393,165.931,166.151,166.353,166.410,165.949,166.166,166.370,166.429,165.965,166.181
452,GBP_JPY,2022-12-19T16:00:00.000000000Z,16095,166.150,166.888,166.147,166.697,166.166,166.904,166.162,166.712,166.181,166.921,166.176,166.728
453,GBP_JPY,2022-12-19T17:00:00.000000000Z,11907,166.695,166.723,166.576,166.578,166.712,166.740,166.594,166.595,166.729,166.758,166.610,166.612
454,GBP_JPY,2022-12-19T18:00:00.000000000Z,9520,166.579,166.585,166.366,166.398,166.594,166.602,166.382,166.414,166.610,166.619,166.399,166.430
455,GBP_JPY,2022-12-19T19:00:00.000000000Z,9663,166.397,166.407,166.201,166.313,166.414,166.421,166.217,166.330,166.431,166.436,166.233,166.346
456,GBP_JPY,2022-12-19T20:00:00.000000000Z,9002,166.317,166.477,166.225,166.362,166.334,166.494,166.243,166.380,166.350,166.510,166.260,166.397
457,GBP_JPY,2022-12-19T21:00:00.000000000Z,3196,166.363,166.394,166.242,166.260,166.380,166.416,166.272,166.289,166.396,166.438,166.300,166.318
458,GBP_JPY,2022-12-19T22:00:00.000000000Z,2216,166.279,166.339,166.030,166.217,166.354,166.414,166.105,166.278,166.429,166.489,166.180,166.338
459,GBP_JPY,2022-12-19T23:00:00.000000000Z,8256,166.218,166.484,166.198,166.463,166.280,166.507,166.224,166.487,166.341,166.530,166.249,166.511
460,GBP_JPY,2022-12-20T00:00:00.000000000Z,12232,166.462,166.779,166.441,166.748,166.486,166.798,166.461,166.768,166.509,166.820,166.481,166.789
461,GBP_JPY,2022-12-20T01:00:00.000000000Z,13345,166.749,166.942,166.662,166.818,166.769,166.962,166.682,166.842,166.789,166.982,166.703,166.865
462,GBP_JPY,2022-12-20T02:00:00.000000000Z,9767,166.817,166.883,166.554,166.750,166.842,166.902,166.608,166.776,166.866,166.923,166.640,166.803
463,GBP_JPY,2022-12-20T03:00:00.000000000Z,33833,166.751,167.009,161.632,161.983,166.776,167.039,161.660,162.014,166.801,167.069,161.688,162.046
464,GBP_JPY,2022-12-20T04:00:00.000000000Z,22331,161.982,162.058,161.496,161.859,162.014,162.089,161.526,161.882,162.046,162.120,161.555,161.906
465,GBP_JPY,2022-12-20T05:00:00.000000000Z,20420,161.860,161.861,160.872,161.030,161.884,161.886,160.891,161.054,161.909,161.910,160.908,161.079
466,GBP_JPY,2022-12-20T06:00:00.000000000Z,21568,161.027,162.246,160.782,161.889,161.050,162.270,160.806,161.918,161.074,162.296,160.829,161.946
467,GBP_JPY,2022-12-20T07:00:00.000000000Z,24494,161.894,161.977,160.709,161.026,161.922,161.997,160.730,161.046,161.949,162.017,160.752,161.065
468,GBP_JPY,2022-12-20T08:00:00.000000000Z,27505,161.023,161.537,160.589,161.080,161.042,161.556,160.610,161.098,161.062,161.575,160.631,161.116
469,GBP_JPY,2022-12-20T09:00:00.000000000Z,23484,161.077,161.092,160.271,160.437,161.095,161.115,160.294,160.457,161.113,161.138,160.314,160.477
470,GBP_JPY,2022-12-20T10:00:00.000000000Z,19850,160.435,161.270,160.421,161.202,160.456,161.289,160.442,161.222,160.477,161.308,160.463,161.242
471,GBP_JPY,2022-12-20T11:00:00.000000000Z,17202,161.204,161.230,160.848,161.066,161.223,161.252,160.868,161.086,161.242,161.274,160.887,161.107
472,GBP_JPY,2022-12-20T12:00:00.000000000Z,19821,161.068,161.469,160.933,160.960,161.090,161.491,160.954,160.980,161.111,161.513,160.974,160.999
473,GBP_JPY,2022-12-20T13:00:00.000000000Z,19560,160.964,161.091,160.428,160.566,160.982,161.112,160.449,160.584,161.001,161.133,160.468,160.602
474,GBP_JPY,2022-12-20T14:00:00.000000000Z,23719,160.568,160.898,160.450,160.888,160.586,160.914,160.467,160.906,160.604,160.932,160.483,160.923
475,GBP_JPY,2022-12-20T15:00:00.000000000Z,25067,160.888,160.888,159.450,159.478,160.906,160.906,159.466,159.493,160.924,160.924,159.481,159.508
476,GBP_JPY,2022-12-20T16:00:00.000000000Z,21864,159.479,159.689,159.062,159.168,159.493,159.706,159.080,159.186,159.507,159.723,159.096,159.203
477,GBP_JPY,2022-12-20T17:00:00.000000000Z,18113,159.170,159.354,158.579,159.238,159.188,159.372,158.602,159.258,159.205,159.391,158.620,159.278
478,GBP_JPY,2022-12-20T18:00:00.000000000Z,12566,159.242,159.800,159.214,159.691,159.259,159.820,159.236,159.708,159.276,159.839,159.253,159.726
479,GBP_JPY,2022-12-20T19:00:00.000000000Z,10491,159.691,160.045,159.599,160.032,159.710,160.064,159.620,160.050,159.728,160.082,159.640,160.067
480,GBP_JPY,2022-12-20T20:00:00.000000000Z,12617,160.032,160.439,159.978,160.384,160.048,160.456,160.000,160.400,160.065,160.474,160.021,160.417
481,GBP_JPY,2022-12-20T21:00:00.000000000Z,4735,160.378,160.504,160.315,160.432,160.396,160.526,160.335,160.460,160.415,160.548,160.354,160.489
482,GBP_JPY,2022-12-20T22:00:00.000000000Z,2198,160.204,160.533,160.184,160.479,160.279,160.599,160.259,160.546,160.354,160.670,160.334,160.613
483,GBP_JPY,2022-12-20T23:00:00.000000000Z,6414,160.480,160.852,160.437,160.736,160.546,160.874,160.502,160.758,160.612,160.899,160.567,160.780
484,GBP_JPY,2022-12-21T00:00:00.000000000Z,12426,160.729,160.778,160.211,160.273,160.752,160.800,160.233,160.295,160.775,160.822,160.255,160.317
485,GBP_JPY,2022-12-21T01:00:00.000000000Z,16617,160.265,160.962,160.197,160.796,160.287,161.002,160.222,160.818,160.309,161.042,160.244,160.841
486,GBP_JPY,2022-12-21T02:00:00.000000000Z,10934,160.796,160.977,160.466,160.532,160.819,160.997,160.488,160.554,160.842,161.017,160.509,160.575
487,GBP_JPY,2022-12-21T03:00:00.000000000Z,8039,160.540,160.807,160.476,160.695,160.562,160.826,160.496,160.714,160.585,160.845,160.517,160.734
488,GBP_JPY,2022-12-21T04:00:00.000000000Z,8903,160.698,160.905,160.626,160.833,160.716,160.925,160.650,160.854,160.735,160.945,160.671,160.874
489,GBP_JPY,2022-12-21T05:00:00.000000000Z,7936,160.831,161.023,160.745,160.818,160.852,161.042,160.766,160.837,160.872,161.062,160.787,160.856
490,GBP_JPY,2022-12-21T06:00:00.000000000Z,8460,160.812,160.816,160.539,160.683,160.832,160.837,160.560,160.704,160.852,160.858,160.579,160.724
491,GBP_JPY,2022-12-21T07:00:00.000000000Z,14034,160.687,160.764,160.368,160.505,160.709,160.781,160.390,160.524,160.731,160.799,160.410,160.543
492,GBP_JPY,2022-12-21T08:00:00.000000000Z,16304,160.504,160.516,159.850,159.866,160.524,160.536,159.867,159.883,160.544,160.557,159.883,159.900
493,GBP_JPY,2022-12-21T09:00:00.000000000Z,15418,159.866,160.038,159.635,159.801,159.884,160.055,159.654,159.820,159.903,160.073,159.671,159.840
494,GBP_JPY,2022-12-21T10:00:00.000000000Z,12869,159.796,159.997,159.652,159.942,159.816,160.017,159.670,159.960,159.835,160.037,159.688,159.977
495,GBP_JPY,2022-12-21T11:00:00.000000000Z,12633,159.939,159.976,159.473,159.494,159.957,159.994,159.492,159.511,159.975,160.012,159.509,159.528
496,GBP_JPY,2022-12-21T12:00:00.000000000Z,12796,159.497,159.961,159.459,159.921,159.514,159.980,159.478,159.940,159.532,159.998,159.495,159.960
497,GBP_JPY,2022-12-21T13:00:00.000000000Z,15825,159.917,160.652,159.908,160.606,159.935,160.670,159.926,160.624,159.953,160.689,159.943,160.642
498,GBP_JPY,2022-12-21T14:00:00.000000000Z,18768,160.602,160.853,159.810,159.925,160.620,160.872,159.826,159.959,160.638,160.891,159.843,159.993
499,GBP_JPY,2022-12-21T15:00:00.000000000Z,19693,159.932,160.062,159.687,159.797,159.966,160.080,159.704,159.812,160.001,160.139,159.720,159.827
500,GBP_JPY,2022-12-21T16:00:00.000000000Z,13992,159.794,160.005,159.604,159.764,159.809,160.022,159.620,159.780,159.824,160.039,159.637,159.795
501,GBP_JPY,2022-12-21T17:00:00.000000000Z,12004,159.763,159.899,159.563,159.698,159.780,159.916,159.582,159.716,159.796,159.934,159.600,159.735
502,GBP_JPY,2022-12-21T18:00:00.000000000Z,10766,159.696,159.767,159.531,159.704,159.714,159.784,159.548,159.723,159.733,159.803,159.566,159.742
503,GBP_JPY,2022-12-21T19:00:00.000000000Z,10924,159.704,159.953,159.659,159.665,159.722,159.970,159.676,159.683,159.739,159.987,159.693,159.701
504,GBP_JPY,2022-12-21T20:00:00.000000000Z,9413,159.660,159.968,159.660,159.955,159.680,159.987,159.680,159.973,159.701,160.006,159.700,159.991
505,GBP_JPY,2022-12-21T21:00:00.000000000Z,4965,159.953,160.005,159.838,159.999,159.972,160.034,159.858,160.028,159.991,160.063,159.876,160.058
506,GBP_JPY,2022-12-21T22:00:00.000000000Z,3951,159.901,159.910,159.799,159.838,159.976,159.985,159.868,159.895,160.051,160.060,159.909,159.952
507,GBP_JPY,2022-12-21T23:00:00.000000000Z,6730,159.837,159.886,159.736,159.851,159.894,159.920,159.760,159.873,159.952,159.979,159.784,159.895
508,GBP_JPY,2022-12-22T00:00:00.000000000Z,11672,159.850,159.975,159.633,159.790,159.873,159.996,159.652,159.809,159.896,160.018,159.669,159.828
509,GBP_JPY,2022-12-22T01:00:00.000000000Z,11348,159.790,159.793,159.522,159.702,159.810,159.812,159.544,159.722,159.829,159.832,159.565,159.743
510,GBP_JPY,2022-12-22T02:00:00.000000000Z,10483,159.702,159.809,159.419,159.659,159.722,159.828,159.440,159.680,159.741,159.851,159.460,159.701
511,GBP_JPY,2022-12-22T03:00:00.000000000Z,6658,159.660,159.830,159.587,159.829,159.680,159.850,159.608,159.848,159.700,159.870,159.627,159.867
512,GBP_JPY,2022-12-22T04:00:00.000000000Z,6096,159.828,159.920,159.683,159.685,159.848,159.938,159.702,159.703,159.867,159.957,159.719,159.721
513,GBP_JPY,2022-12-22T05:00:00.000000000Z,7149,159.688,159.861,159.674,159.844,159.707,159.882,159.693,159.864,159.726,159.903,159.712,159.885
514,GBP_JPY,2022-12-22T06:00:00.000000000Z,8876,159.839,159.866,159.736,159.784,159.860,159.886,159.755,159.806,159.880,159.907,159.773,159.827
515,GBP_JPY,2022-12-22T07:00:00.000000000Z,10197,159.764,160.059,159.620,160.033,159.788,160.080,159.639,160.052,159.812,160.100,159.658,160.070
516,GBP_JPY,2022-12-22T08:00:00.000000000Z,14321,160.025,160.234,159.777,159.908,160.044,160.252,159.796,159.926,160.062,160.273,159.814,159.943
517,GBP_JPY,2022-12-22T09:00:00.000000000Z,11111,159.906,160.046,159.525,159.667,159.924,160.063,159.544,159.684,159.941,160.080,159.563,159.701
518,GBP_JPY,2022-12-22T10:00:00.000000000Z,11024,159.665,159.830,159.425,159.537,159.683,159.847,159.444,159.554,159.701,159.866,159.462,159.572
519,GBP_JPY,2022-12-22T11:00:00.000000000Z,11696,159.537,159.695,159.046,159.084,159.556,159.712,159.064,159.103,159.576,159.728,159.082,159.122
520,GBP_JPY,2022-12-22T12:00:00.000000000Z,11119,159.087,159.261,159.011,159.229,159.106,159.279,159.030,159.248,159.125,159.297,159.049,159.266
521,GBP_JPY,2022-12-22T13:00:00.000000000Z,18442,159.231,159.330,158.926,159.217,159.250,159.350,158.978,159.236,159.270,159.369,159.022,159.255
522,GBP_JPY,2022-12-22T14:00:00.000000000Z,19106,159.222,159.272,158.807,158.989,159.242,159.292,158.826,159.006,159.261,159.313,158.845,159.022
523,GBP_JPY,2022-12-22T15:00:00.000000000Z,18416,158.985,159.161,158.788,159.049,159.002,159.180,158.806,159.064,159.020,159.198,158.822,159.080
524,GBP_JPY,2022-12-22T16:00:00.000000000Z,12580,159.050,159.350,159.002,159.181,159.064,159.370,159.022,159.198,159.079,159.389,159.038,159.214
525,GBP_JPY,2022-12-22T17:00:00.000000000Z,8349,159.181,159.223,158.973,159.134,159.198,159.240,158.991,159.150,159.215,159.259,159.009,159.165
526,GBP_JPY,2022-12-22T18:00:00.000000000Z,8218,159.133,159.217,158.943,159.024,159.150,159.234,158.962,159.041,159.166,159.252,158.980,159.058
527,GBP_JPY,2022-12-22T19:00:00.000000000Z,11983,159.023,159.301,159.007,159.265,159.040,159.316,159.025,159.280,159.058,159.333,159.043,159.295
528,GBP_JPY,2022-12-22T20:00:00.000000000Z,10004,159.259,159.477,159.204,159.360,159.276,159.498,159.222,159.378,159.294,159.520,159.239,159.397
529,GBP_JPY,2022-12-22T21:00:00.000000000Z,5431,159.361,159.386,159.216,159.336,159.380,159.404,159.236,159.373,159.399,159.449,159.256,159.410
530,GBP_JPY,2022-12-22T22:00:00.000000000Z,2088,159.297,159.362,159.109,159.283,159.372,159.437,159.184,159.358,159.447,159.512,159.259,159.433
531,GBP_JPY,2022-12-22T23:00:00.000000000Z,14201,159.279,159.398,159.035,159.290,159.354,159.435,159.070,159.324,159.429,159.510,159.106,159.357
532,GBP_JPY,2022-12-23T00:00:00.000000000Z,12628,159.291,159.545,159.147,159.315,159.325,159.577,159.172,159.340,159.359,159.609,159.194,159.364
533,GBP_JPY,2022-12-23T01:00:00.000000000Z,12861,159.317,159.785,159.265,159.719,159.341,159.808,159.287,159.740,159.365,159.832,159.309,159.762
534,GBP_JPY,2022-12-23T02:00:00.000000000Z,10623,159.718,159.868,159.647,159.672,159.740,159.886,159.668,159.694,159.762,159.906,159.688,159.715
535,GBP_JPY,2022-12-23T03:00:00.000000000Z,7182,159.675,159.836,159.614,159.802,159.695,159.854,159.638,159.820,159.715,159.872,159.660,159.839
536,GBP_JPY,2022-12-23T04:00:00.000000000Z,6253,159.802,159.913,159.712,159.770,159.820,159.930,159.732,159.788,159.837,159.948,159.751,159.807
537,GBP_JPY,2022-12-23T05:00:00.000000000Z,7650,159.768,159.806,159.572,159.660,159.786,159.826,159.594,159.680,159.805,159.847,159.614,159.700
538,GBP_JPY,2022-12-23T06:00:00.000000000Z,8180,159.663,159.733,159.563,159.668,159.683,159.754,159.582,159.688,159.703,159.774,159.599,159.709
539,GBP_JPY,2022-12-23T07:00:00.000000000Z,10813,159.658,159.876,159.523,159.824,159.678,159.896,159.543,159.843,159.697,159.915,159.563,159.862
540,GBP_JPY,2022-12-23T08:00:00.000000000Z,13599,159.823,160.048,159.708,159.785,159.844,160.069,159.726,159.804,159.864,160.091,159.743,159.822
541,GBP_JPY,2022-12-23T09:00:00.000000000Z,10011,159.785,160.087,159.666,159.933,159.803,160.104,159.685,159.951,159.821,160.122,159.703,159.969
542,GBP_JPY,2022-12-23T10:00:00.000000000Z,8551,159.935,160.120,159.797,160.092,159.951,160.138,159.814,160.111,159.967,160.156,159.831,160.130
543,GBP_JPY,2022-12-23T11:00:00.000000000Z,8143,160.096,160.341,160.023,160.120,160.114,160.358,160.042,160.138,160.131,160.375,160.061,160.156
544,GBP_JPY,2022-12-23T12:00:00.000000000Z,7999,160.119,160.232,159.961,160.084,160.138,160.250,159.982,160.103,160.156,160.268,160.004,160.122
545,GBP_JPY,2022-12-23T13:00:00.000000000Z,19959,160.081,160.123,159.775,159.900,160.101,160.146,159.824,159.920,160.121,160.170,159.846,159.941
546,GBP_JPY,2022-12-23T14:00:00.000000000Z,19241,159.900,160.187,159.828,160.073,159.920,160.208,159.850,160.128,159.939,160.228,159.870,160.183
547,GBP_JPY,2022-12-23T15:00:00.000000000Z,19455,160.081,160.508,159.897,160.163,160.156,160.529,159.969,160.180,160.231,160.550,160.039,160.198
548,GBP_JPY,2022-12-23T16:00:00.000000000Z,12488,160.162,160.199,159.974,159.989,160.179,160.216,159.992,160.006,160.196,160.232,160.010,160.024
549,GBP_JPY,2022-12-23T17:00:00.000000000Z,8588,159.988,160.207,159.975,160.100,160.006,160.228,159.995,160.120,160.025,160.250,160.015,160.140
550,GBP_JPY,2022-12-23T18:00:00.000000000Z,5849,160.100,160.123,159.766,159.814,160.120,160.142,159.784,159.835,160.141,160.163,159.801,159.856
551,GBP_JPY,2022-12-23T19:00:00.000000000Z,5653,159.814,159.938,159.791,159.914,159.832,159.955,159.811,159.932,159.850,159.972,159.831,159.950
552,GBP_JPY,2022-12-23T20:00:00.000000000Z,5505,159.913,160.050,159.817,160.028,159.930,160.070,159.837,160.048,159.948,160.089,159.857,160.068
553,GBP_JPY,2022-12-23T21:00:00.000000000Z,4588,160.029,160.066,159.877,159.954,160.048,160.138,159.952,160.029,160.068,160.213,159.979,160.104
554,GBP_JPY,2022-12-26T22:00:00.000000000Z,182,160.190,160.339,160.179,160.300,160.265,160.414,160.254,160.375,160.340,160.489,160.329,160.450
555,GBP_JPY,2022-12-26T23:00:00.000000000Z,7718,160.290,160.551,160.165,160.392,160.365,160.574,160.219,160.416,160.440,160.600,160.263,160.440
556,GBP_JPY,2022-12-27T00:00:00.000000000Z,8208,160.391,160.796,160.241,160.643,160.416,160.818,160.267,160.668,160.441,160.839,160.293,160.693
557,GBP_JPY,2022-12-27T01:00:00.000000000Z,8018,160.650,160.835,160.611,160.727,160.674,160.858,160.632,160.750,160.697,160.883,160.654,160.772
558,GBP_JPY,2022-12-27T02:00:00.000000000Z,6752,160.726,160.780,160.605,160.672,160.750,160.801,160.628,160.692,160.774,160.824,160.650,160.712
559,GBP_JPY,2022-12-27T03:00:00.000000000Z,6466,160.675,160.784,160.463,160.568,160.695,160.806,160.484,160.589,160.715,160.827,160.504,160.610
560,GBP_JPY,2022-12-27T04:00:00.000000000Z,4342,160.564,160.678,160.488,160.617,160.585,160.699,160.509,160.640,160.606,160.721,160.529,160.662
561,GBP_JPY,2022-12-27T05:00:00.000000000Z,5625,160.622,160.739,160.588,160.608,160.644,160.758,160.609,160.629,160.667,160.779,160.630,160.650
562,GBP_JPY,2022-12-27T06:00:00.000000000Z,6504,160.606,160.792,160.480,160.789,160.627,160.812,160.500,160.810,160.648,160.833,160.519,160.831
563,GBP_JPY,2022-12-27T07:00:00.000000000Z,8804,160.779,160.915,160.644,160.650,160.800,160.936,160.664,160.670,160.821,160.957,160.685,160.690
564,GBP_JPY,2022-12-27T08:00:00.000000000Z,11289,160.646,160.766,160.459,160.647,160.666,160.785,160.478,160.666,160.686,160.804,160.495,160.685
565,GBP_JPY,2022-12-27T09:00:00.000000000Z,9311,160.648,160.776,160.496,160.622,160.666,160.794,160.514,160.638,160.684,160.813,160.532,160.655
566,GBP_JPY,2022-12-27T10:00:00.000000000Z,9581,160.620,160.933,160.494,160.752,160.636,160.952,160.512,160.770,160.653,160.971,160.530,160.787
567,GBP_JPY,2022-12-27T11:00:00.000000000Z,7432,160.753,160.783,160.290,160.407,160.772,160.802,160.309,160.423,160.790,160.821,160.325,160.439
568,GBP_JPY,2022-12-27T12:00:00.000000000Z,9375,160.406,160.453,160.247,160.291,160.422,160.473,160.266,160.309,160.439,160.493,160.284,160.327
569,GBP_JPY,2022-12-27T13:00:00.000000000Z,13723,160.294,160.591,160.273,160.453,160.310,160.608,160.290,160.474,160.327,160.627,160.308,160.494
570,GBP_JPY,2022-12-27T14:00:00.000000000Z,13566,160.449,160.484,160.248,160.416,160.470,160.504,160.266,160.432,160.491,160.524,160.284,160.449
571,GBP_JPY,2022-12-27T15:00:00.000000000Z,15262,160.415,160.556,160.178,160.276,160.432,160.572,160.196,160.291,160.450,160.589,160.214,160.306
572,GBP_JPY,2022-12-27T16:00:00.000000000Z,10938,160.278,160.524,160.205,160.513,160.293,160.541,160.222,160.530,160.308,160.558,160.239,160.546
573,GBP_JPY,2022-12-27T17:00:00.000000000Z,8849,160.509,160.528,160.248,160.356,160.526,160.546,160.264,160.373,160.544,160.566,160.280,160.390
574,GBP_JPY,2022-12-27T18:00:00.000000000Z,7246,160.355,160.480,160.299,160.471,160.372,160.498,160.318,160.490,160.390,160.516,160.336,160.508
575,GBP_JPY,2022-12-27T19:00:00.000000000Z,7076,160.470,160.574,160.386,160.560,160.488,160.592,160.403,160.578,160.505,160.611,160.419,160.595
576,GBP_JPY,2022-12-27T20:00:00.000000000Z,6171,160.563,160.627,160.510,160.600,160.580,160.646,160.528,160.619,160.598,160.665,160.544,160.638
577,GBP_JPY,2022-12-27T21:00:00.000000000Z,2969,160.604,160.665,160.474,160.598,160.622,160.683,160.497,160.633,160.640,160.702,160.518,160.668
578,GBP_JPY,2022-12-27T22:00:00.000000000Z,530,160.557,160.557,160.338,160.504,160.632,160.632,160.413,160.579,160.707,160.707,160.488,160.654
579,GBP_JPY,2022-12-27T23:00:00.000000000Z,2739,160.523,160.585,160.466,160.512,160.598,160.631,160.494,160.538,160.673,160.677,160.515,160.565
580,GBP_JPY,2022-12-28T00:00:00.000000000Z,9901,160.506,160.831,160.497,160.700,160.533,160.852,160.524,160.724,160.560,160.875,160.549,160.747
581,GBP_JPY,2022-12-28T01:00:00.000000000Z,10697,160.697,160.860,160.692,160.785,160.722,160.882,160.716,160.809,160.748,160.903,160.740,160.833
582,GBP_JPY,2022-12-28T02:00:00.000000000Z,8240,160.785,161.102,160.784,160.996,160.810,161.125,160.808,161.016,160.834,161.148,160.832,161.037
583,GBP_JPY,2022-12-28T03:00:00.000000000Z,9051,160.994,161.372,160.891,161.151,161.014,161.393,160.912,161.174,161.035,161.416,160.934,161.197
584,GBP_JPY,2022-12-28T04:00:00.000000000Z,6474,161.144,161.254,160.962,161.079,161.167,161.276,160.985,161.104,161.190,161.299,161.008,161.128
585,GBP_JPY,2022-12-28T05:00:00.000000000Z,7068,161.080,161.283,161.076,161.211,161.104,161.304,161.101,161.232,161.127,161.326,161.126,161.252
586,GBP_JPY,2022-12-28T06:00:00.000000000Z,7103,161.210,161.304,160.964,161.270,161.232,161.326,160.984,161.292,161.253,161.349,161.005,161.315
587,GBP_JPY,2022-12-28T07:00:00.000000000Z,10205,161.270,161.332,161.096,161.277,161.290,161.355,161.118,161.296,161.311,161.378,161.140,161.314
588,GBP_JPY,2022-12-28T08:00:00.000000000Z,11930,161.275,161.439,161.145,161.158,161.294,161.458,161.164,161.176,161.314,161.478,161.183,161.194
589,GBP_JPY,2022-12-28T09:00:00.000000000Z,11275,161.166,161.405,161.162,161.225,161.183,161.422,161.180,161.241,161.200,161.440,161.196,161.257
590,GBP_JPY,2022-12-28T10:00:00.000000000Z,11312,161.218,161.478,161.150,161.454,161.236,161.494,161.169,161.472,161.253,161.512,161.187,161.490
591,GBP_JPY,2022-12-28T11:00:00.000000000Z,11509,161.457,161.792,161.456,161.614,161.474,161.810,161.474,161.633,161.490,161.828,161.490,161.652
592,GBP_JPY,2022-12-28T12:00:00.000000000Z,14532,161.612,161.639,161.280,161.384,161.632,161.656,161.298,161.402,161.652,161.676,161.317,161.420
593,GBP_JPY,2022-12-28T13:00:00.000000000Z,12918,161.387,161.719,161.377,161.696,161.404,161.734,161.392,161.712,161.421,161.750,161.407,161.727
594,GBP_JPY,2022-12-28T14:00:00.000000000Z,15154,161.697,162.285,161.633,162.275,161.712,162.303,161.648,162.294,161.727,162.322,161.662,162.314
595,GBP_JPY,2022-12-28T15:00:00.000000000Z,21156,162.282,162.329,161.478,161.539,162.302,162.344,161.494,161.555,162.321,162.359,161.511,161.571
596,GBP_JPY,2022-12-28T16:00:00.000000000Z,15470,161.535,161.582,161.365,161.541,161.551,161.598,161.382,161.556,161.567,161.616,161.400,161.572
597,GBP_JPY,2022-12-28T17:00:00.000000000Z,11413,161.540,161.619,161.324,161.588,161.557,161.635,161.344,161.605,161.574,161.651,161.360,161.622
598,GBP_JPY,2022-12-28T18:00:00.000000000Z,9395,161.590,161.604,161.419,161.436,161.608,161.622,161.438,161.452,161.626,161.640,161.456,161.469
599,GBP_JPY,2022-12-28T19:00:00.000000000Z,8364,161.436,161.671,161.402,161.606,161.453,161.689,161.419,161.622,161.470,161.708,161.436,161.637
600,GBP_JPY,2022-12-28T20:00:00.000000000Z,8005,161.607,161.684,161.564,161.593,161.622,161.702,161.582,161.610,161.637,161.720,161.599,161.628
601,GBP_JPY,2022-12-28T21:00:00.000000000Z,3957,161.594,161.672,161.538,161.598,161.611,161.690,161.558,161.635,161.628,161.710,161.578,161.672
602,GBP_JPY,2022-12-28T22:00:00.000000000Z,3892,161.617,161.617,161.331,161.365,161.636,161.685,161.406,161.440,161.656,161.760,161.481,161.515
603,GBP_JPY,2022-12-28T23:00:00.000000000Z,6626,161.351,161.478,161.147,161.203,161.426,161.532,161.170,161.226,161.501,161.590,161.193,161.248
604,GBP_JPY,2022-12-29T00:00:00.000000000Z,8027,161.201,161.465,161.131,161.311,161.224,161.484,161.151,161.333,161.246,161.504,161.171,161.355
605,GBP_JPY,2022-12-29T01:00:00.000000000Z,11115,161.310,161.399,160.952,161.006,161.333,161.418,160.972,161.026,161.356,161.439,160.993,161.047
606,GBP_JPY,2022-12-29T02:00:00.000000000Z,6902,161.019,161.043,160.737,160.965,161.040,161.063,160.760,160.984,161.060,161.084,160.782,161.003
607,GBP_JPY,2022-12-29T03:00:00.000000000Z,6886,160.966,161.139,160.907,161.112,160.984,161.160,160.924,161.135,161.003,161.183,160.942,161.158
608,GBP_JPY,2022-12-29T04:00:00.000000000Z,4602,161.114,161.121,160.826,160.827,161.138,161.144,160.846,160.846,161.162,161.167,160.865,160.865
609,GBP_JPY,2022-12-29T05:00:00.000000000Z,5678,160.826,161.014,160.822,160.902,160.846,161.036,160.841,160.923,160.866,161.058,160.860,160.944
610,GBP_JPY,2022-12-29T06:00:00.000000000Z,6742,160.903,160.952,160.702,160.816,160.925,160.975,160.724,160.836,160.947,161.000,160.745,160.855
611,GBP_JPY,2022-12-29T07:00:00.000000000Z,8834,160.806,161.005,160.737,160.993,160.826,161.025,160.760,161.012,160.845,161.045,160.779,161.032
612,GBP_JPY,2022-12-29T08:00:00.000000000Z,11798,160.996,161.064,160.767,160.843,161.016,161.084,160.788,160.861,161.036,161.104,160.810,160.879
613,GBP_JPY,2022-12-29T09:00:00.000000000Z,10663,160.844,161.159,160.844,161.067,160.863,161.177,160.863,161.084,160.882,161.195,160.882,161.102
614,GBP_JPY,2022-12-29T10:00:00.000000000Z,9799,161.067,161.079,160.808,161.035,161.086,161.096,160.826,161.054,161.104,161.115,160.843,161.072
615,GBP_JPY,2022-12-29T11:00:00.000000000Z,7324,161.034,161.045,160.749,160.897,161.052,161.063,160.766,160.914,161.069,161.082,160.783,160.932
616,GBP_JPY,2022-12-29T12:00:00.000000000Z,9056,160.896,160.954,160.740,160.820,160.914,160.971,160.758,160.837,160.933,160.989,160.777,160.854
617,GBP_JPY,2022-12-29T13:00:00.000000000Z,15988,160.823,160.839,160.432,160.449,160.840,160.856,160.450,160.468,160.857,160.874,160.469,160.488
618,GBP_JPY,2022-12-29T14:00:00.000000000Z,18178,160.448,160.654,160.129,160.211,160.468,160.671,160.148,160.229,160.488,160.688,160.166,160.247
619,GBP_JPY,2022-12-29T15:00:00.000000000Z,17828,160.209,160.666,160.041,160.583,160.226,160.686,160.061,160.600,160.243,160.705,160.081,160.618
620,GBP_JPY,2022-12-29T16:00:00.000000000Z,12491,160.583,160.833,160.521,160.567,160.601,160.848,160.542,160.584,160.619,160.866,160.563,160.602
621,GBP_JPY,2022-12-29T17:00:00.000000000Z,8872,160.566,160.687,160.431,160.539,160.585,160.704,160.450,160.556,160.604,160.721,160.467,160.573
622,GBP_JPY,2022-12-29T18:00:00.000000000Z,8794,160.540,160.569,160.349,160.503,160.558,160.587,160.368,160.522,160.576,160.606,160.386,160.540
623,GBP_JPY,2022-12-29T19:00:00.000000000Z,7297,160.503,160.564,160.383,160.400,160.521,160.582,160.401,160.418,160.539,160.601,160.418,160.436
624,GBP_JPY,2022-12-29T20:00:00.000000000Z,8955,160.404,160.509,160.343,160.502,160.422,160.530,160.361,160.520,160.440,160.550,160.379,160.537
625,GBP_JPY,2022-12-29T21:00:00.000000000Z,5309,160.501,160.511,160.307,160.336,160.520,160.532,160.348,160.364,160.538,160.553,160.367,160.393
626,GBP_JPY,2022-12-29T22:00:00.000000000Z,1168,160.311,160.449,160.216,160.303,160.386,160.524,160.291,160.378,160.461,160.599,160.366,160.453
627,GBP_JPY,2022-12-29T23:00:00.000000000Z,4822,160.295,160.433,160.142,160.224,160.370,160.464,160.166,160.248,160.445,160.494,160.189,160.271
628,GBP_JPY,2022-12-30T00:00:00.000000000Z,8010,160.225,160.272,159.725,159.791,160.248,160.296,159.745,159.812,160.271,160.320,159.765,159.834
629,GBP_JPY,2022-12-30T01:00:00.000000000Z,9046,159.788,159.822,159.674,159.714,159.810,159.843,159.696,159.734,159.831,159.864,159.717,159.755
630,GBP_JPY,2022-12-30T02:00:00.000000000Z,6745,159.717,159.819,159.680,159.737,159.738,159.839,159.700,159.754,159.758,159.859,159.718,159.772
631,GBP_JPY,2022-12-30T03:00:00.000000000Z,5283,159.736,159.899,159.711,159.791,159.754,159.918,159.730,159.813,159.773,159.938,159.750,159.835
632,GBP_JPY,2022-12-30T04:00:00.000000000Z,5053,159.791,159.847,159.732,159.786,159.810,159.866,159.753,159.806,159.828,159.887,159.774,159.826
633,GBP_JPY,2022-12-30T05:00:00.000000000Z,6977,159.785,159.814,159.661,159.718,159.806,159.835,159.682,159.738,159.826,159.856,159.701,159.758
634,GBP_JPY,2022-12-30T06:00:00.000000000Z,8139,159.716,159.743,159.521,159.533,159.736,159.763,159.542,159.554,159.755,159.784,159.563,159.576
635,GBP_JPY,2022-12-30T07:00:00.000000000Z,8370,159.521,159.589,159.116,159.443,159.542,159.608,159.136,159.462,159.564,159.629,159.157,159.481
636,GBP_JPY,2022-12-30T08:00:00.000000000Z,14874,159.439,159.544,158.748,158.795,159.459,159.568,158.768,158.816,159.479,159.591,158.788,158.838
637,GBP_JPY,2022-12-30T09:00:00.000000000Z,12528,158.795,158.963,158.433,158.956,158.815,158.982,158.453,158.974,158.835,159.002,158.473,158.992
638,GBP_JPY,2022-12-30T10:00:00.000000000Z,9741,158.951,159.038,158.709,158.862,158.971,159.055,158.729,158.882,158.991,159.073,158.748,158.903
639,GBP_JPY,2022-12-30T11:00:00.000000000Z,10675,158.864,158.868,158.554,158.593,158.882,158.886,158.574,158.613,158.901,158.906,158.594,158.633
640,GBP_JPY,2022-12-30T12:00:00.000000000Z,11999,158.591,158.985,158.545,158.632,158.611,159.004,158.562,158.653,158.631,159.022,158.580,158.674
641,GBP_JPY,2022-12-30T13:00:00.000000000Z,14532,158.632,158.996,158.537,158.960,158.654,159.013,158.555,158.978,158.676,159.032,158.572,158.996
642,GBP_JPY,2022-12-30T14:00:00.000000000Z,20648,158.955,159.306,158.861,159.134,158.973,159.326,158.880,159.152,158.991,159.346,158.899,159.170
643,GBP_JPY,2022-12-30T15:00:00.000000000Z,22925,159.137,159.431,158.658,158.694,159.155,159.450,158.676,158.712,159.173,159.469,158.693,158.729
644,GBP_JPY,2022-12-30T16:00:00.000000000Z,15026,158.692,159.200,158.599,159.158,158.710,159.219,158.618,159.178,158.727,159.238,158.635,159.197
645,GBP_JPY,2022-12-30T17:00:00.000000000Z,13452,159.162,159.196,158.380,158.492,159.184,159.216,158.402,158.510,159.206,159.235,158.422,158.529
646,GBP_JPY,2022-12-30T18:00:00.000000000Z,16147,158.491,158.501,157.897,157.913,158.512,158.522,157.919,157.935,158.533,158.544,157.941,157.957
647,GBP_JPY,2022-12-30T19:00:00.000000000Z,11252,157.911,158.221,157.818,157.995,157.932,158.240,157.840,158.016,157.953,158.261,157.860,158.038
648,GBP_JPY,2022-12-30T20:00:00.000000000Z,9695,157.993,158.700,157.993,158.678,158.014,158.721,158.014,158.700,158.036,158.742,158.034,158.722
649,GBP_JPY,2022-12-30T21:00:00.000000000Z,6807,158.682,158.682,158.263,158.503,158.704,158.706,158.338,158.578,158.727,158.737,158.413,158.653
650,GBP_JPY,2023-01-01T23:00:00.000000000Z,132,157.976,158.330,157.800,158.328,158.051,158.405,157.875,158.403,158.126,158.480,157.950,158.478
651,GBP_JPY,2023-01-02T00:00:00.000000000Z,166,158.299,158.459,158.099,158.170,158.374,158.534,158.174,158.245,158.449,158.609,158.249,158.320
652,GBP_JPY,2023-01-02T01:00:00.000000000Z,434,158.134,158.401,158.132,158.206,158.209,158.476,158.207,158.281,158.284,158.551,158.282,158.356
653,GBP_JPY,2023-01-02T02:00:00.000000000Z,66,158.237,158.329,158.176,158.176,158.312,158.404,158.251,158.251,158.387,158.479,158.326,158.326
654,GBP_JPY,2023-01-02T03:00:00.000000000Z,87,158.164,158.172,158.025,158.060,158.239,158.247,158.100,158.135,158.314,158.322,158.175,158.210
655,GBP_JPY,2023-01-02T04:00:00.000000000Z,110,158.052,158.113,158.037,158.091,158.127,158.188,158.112,158.166,158.202,158.263,158.187,158.241
656,GBP_JPY,2023-01-02T05:00:00.000000000Z,222,158.079,158.101,158.011,158.044,158.154,158.176,158.086,158.119,158.229,158.251,158.161,158.194
657,GBP_JPY,2023-01-02T06:00:00.000000000Z,738,158.039,158.101,157.923,158.034,158.114,158.176,157.998,158.109,158.189,158.251,158.073,158.184
658,GBP_JPY,2023-01-02T07:00:00.000000000Z,1210,158.038,158.099,157.870,157.898,158.113,158.174,157.945,157.960,158.188,158.249,158.012,158.021
659,GBP_JPY,2023-01-02T08:00:00.000000000Z,3543,157.898,158.079,157.640,157.699,157.967,158.153,157.715,157.774,158.036,158.228,157.790,157.849
660,GBP_JPY,2023-01-02T09:00:00.000000000Z,5728,157.667,157.867,157.600,157.631,157.742,157.942,157.646,157.674,157.817,158.017,157.689,157.716
661,GBP_JPY,2023-01-02T10:00:00.000000000Z,4343,157.627,157.657,157.483,157.611,157.671,157.707,157.558,157.653,157.715,157.778,157.619,157.695
662,GBP_JPY,2023-01-02T11:00:00.000000000Z,1835,157.610,157.705,157.563,157.583,157.652,157.764,157.610,157.632,157.693,157.839,157.651,157.681
663,GBP_JPY,2023-01-02T12:00:00.000000000Z,2047,157.591,157.622,157.492,157.534,157.634,157.671,157.520,157.574,157.676,157.723,157.544,157.614
664,GBP_JPY,2023-01-02T13:00:00.000000000Z,2546,157.535,157.547,157.383,157.392,157.574,157.590,157.426,157.444,157.613,157.638,157.468,157.496
665,GBP_JPY,2023-01-02T14:00:00.000000000Z,5540,157.393,157.579,157.390,157.477,157.444,157.622,157.440,157.534,157.496,157.693,157.482,157.591
666,GBP_JPY,2023-01-02T15:00:00.000000000Z,9145,157.476,157.609,157.443,157.458,157.532,157.666,157.500,157.515,157.588,157.725,157.557,157.572
667,GBP_JPY,2023-01-02T16:00:00.000000000Z,8773,157.455,157.550,157.285,157.478,157.514,157.625,157.360,157.532,157.574,157.700,157.435,157.587
668,GBP_JPY,2023-01-02T17:00:00.000000000Z,4562,157.479,157.531,157.444,157.510,157.536,157.606,157.508,157.585,157.594,157.681,157.558,157.660
669,GBP_JPY,2023-01-02T18:00:00.000000000Z,1898,157.516,157.519,157.445,157.489,157.591,157.594,157.520,157.564,157.666,157.669,157.594,157.639
670,GBP_JPY,2023-01-02T19:00:00.000000000Z,310,157.480,157.499,157.419,157.441,157.555,157.574,157.490,157.508,157.630,157.649,157.559,157.574
671,GBP_JPY,2023-01-02T20:00:00.000000000Z,116,157.440,157.491,157.415,157.445,157.508,157.566,157.490,157.520,157.575,157.641,157.564,157.595
672,GBP_JPY,2023-01-02T21:00:00.000000000Z,165,157.439,157.468,157.343,157.379,157.514,157.534,157.418,157.454,157.589,157.607,157.493,157.529
673,GBP_JPY,2023-01-02T22:00:00.000000000Z,72,157.346,157.572,157.346,157.471,157.421,157.647,157.421,157.546,157.496,157.722,157.496,157.621
674,GBP_JPY,2023-01-02T23:00:00.000000000Z,8509,157.489,158.363,157.394,157.754,157.564,158.392,157.432,157.778,157.639,158.420,157.471,157.802
675,GBP_JPY,2023-01-03T00:00:00.000000000Z,8238,157.749,157.890,157.416,157.422,157.773,157.913,157.436,157.442,157.797,157.936,157.457,157.463
676,GBP_JPY,2023-01-03T01:00:00.000000000Z,16633,157.428,157.438,156.353,156.829,157.449,157.458,156.383,156.852,157.470,157.483,156.413,156.874
677,GBP_JPY,2023-01-03T02:00:00.000000000Z,11614,156.831,157.087,156.695,156.915,156.852,157.108,156.716,156.937,156.874,157.130,156.737,156.959
678,GBP_JPY,2023-01-03T03:00:00.000000000Z,10473,156.917,156.990,156.627,156.686,156.938,157.012,156.648,156.708,156.959,157.035,156.670,156.730
679,GBP_JPY,2023-01-03T04:00:00.000000000Z,8753,156.685,156.700,156.431,156.438,156.708,156.721,156.453,156.460,156.731,156.743,156.473,156.481
680,GBP_JPY,2023-01-03T05:00:00.000000000Z,10427,156.440,156.816,156.416,156.669,156.462,156.838,156.437,156.690,156.483,156.863,156.458,156.712
681,GBP_JPY,2023-01-03T06:00:00.000000000Z,11913,156.665,156.812,156.433,156.614,156.688,156.835,156.454,156.636,156.710,156.859,156.476,156.657
682,GBP_JPY,2023-01-03T07:00:00.000000000Z,14038,156.613,156.920,156.443,156.486,156.634,156.940,156.462,156.506,156.655,156.961,156.481,156.527
683,GBP_JPY,2023-01-03T08:00:00.000000000Z,23874,156.488,156.595,155.717,155.776,156.508,156.615,155.734,155.796,156.527,156.635,155.749,155.815
684,GBP_JPY,2023-01-03T09:00:00.000000000Z,21707,155.774,155.832,155.336,155.490,155.792,155.851,155.356,155.510,155.810,155.872,155.375,155.530
685,GBP_JPY,2023-01-03T10:00:00.000000000Z,14630,155.491,155.784,155.392,155.626,155.509,155.803,155.410,155.643,155.527,155.825,155.427,155.660
686,GBP_JPY,2023-01-03T11:00:00.000000000Z,11630,155.628,156.196,155.587,156.141,155.644,156.212,155.604,156.156,155.660,156.229,155.622,156.172
687,GBP_JPY,2023-01-03T12:00:00.000000000Z,15644,156.140,156.727,156.112,156.577,156.156,156.742,156.130,156.596,156.172,156.760,156.145,156.614
688,GBP_JPY,2023-01-03T13:00:00.000000000Z,17327,156.577,156.865,156.383,156.684,156.595,156.880,156.400,156.700,156.613,156.897,156.416,156.716
689,GBP_JPY,2023-01-03T14:00:00.000000000Z,18527,156.686,157.090,156.535,156.600,156.701,157.108,156.554,156.620,156.716,157.126,156.572,156.639
690,GBP_JPY,2023-01-03T15:00:00.000000000Z,21689,156.600,157.313,156.595,156.997,156.620,157.332,156.616,157.013,156.641,157.350,156.633,157.029
691,GBP_JPY,2023-01-03T16:00:00.000000000Z,16906,156.999,157.056,156.490,156.576,157.014,157.074,156.508,156.594,157.029,157.093,156.524,156.611
692,GBP_JPY,2023-01-03T17:00:00.000000000Z,11657,156.574,156.657,156.364,156.472,156.592,156.675,156.380,156.492,156.611,156.694,156.396,156.512
693,GBP_JPY,2023-01-03T18:00:00.000000000Z,9949,156.472,156.593,156.395,156.469,156.491,156.610,156.411,156.483,156.510,156.627,156.427,156.497
694,GBP_JPY,2023-01-03T19:00:00.000000000Z,8119,156.472,156.721,156.407,156.713,156.485,156.738,156.424,156.728,156.498,156.754,156.439,156.744
695,GBP_JPY,2023-01-03T20:00:00.000000000Z,8579,156.707,156.847,156.707,156.787,156.722,156.862,156.722,156.803,156.738,156.879,156.738,156.819
696,GBP_JPY,2023-01-03T21:00:00.000000000Z,5246,156.789,156.831,156.642,156.738,156.805,156.848,156.661,156.760,156.821,156.866,156.679,156.782
697,GBP_JPY,2023-01-03T22:00:00.000000000Z,4287,156.730,156.781,156.683,156.723,156.768,156.856,156.752,156.798,156.807,156.931,156.807,156.873
698,GBP_JPY,2023-01-03T23:00:00.000000000Z,11171,156.718,157.242,156.705,157.088,156.793,157.272,156.780,157.114,156.868,157.309,156.852,157.139
699,GBP_JPY,2023-01-04T00:00:00.000000000Z,11948,157.090,157.228,156.788,157.070,157.115,157.253,156.811,157.090,157.140,157.278,156.834,157.110
700,GBP_JPY,2023-01-04T01:00:00.000000000Z,12672,157.070,157.235,156.608,156.680,157.090,157.260,156.628,156.702,157.109,157.285,156.647,156.724
701,GBP_JPY,2023-01-04T02:00:00.000000000Z,9065,156.682,156.926,156.671,156.766,156.703,156.946,156.692,156.785,156.724,156.967,156.711,156.804
702,GBP_JPY,2023-01-04T03:00:00.000000000Z,6652,156.765,156.865,156.574,156.623,156.784,156.883,156.596,156.642,156.804,156.901,156.615,156.661
703,GBP_JPY,2023-01-04T04:00:00.000000000Z,7033,156.624,156.926,156.618,156.877,156.642,156.944,156.636,156.896,156.660,156.964,156.655,156.915
704,GBP_JPY,2023-01-04T05:00:00.000000000Z,10607,156.876,156.960,156.761,156.807,156.894,156.978,156.784,156.824,156.912,156.998,156.803,156.841
705,GBP_JPY,2023-01-04T06:00:00.000000000Z,10307,156.805,156.808,156.617,156.682,156.822,156.824,156.638,156.702,156.839,156.842,156.657,156.721
706,GBP_JPY,2023-01-04T07:00:00.000000000Z,16037,156.673,156.765,156.488,156.630,156.692,156.784,156.507,156.649,156.711,156.803,156.526,156.668
707,GBP_JPY,2023-01-04T08:00:00.000000000Z,22973,156.631,157.284,156.594,157.177,156.652,157.303,156.613,157.195,156.672,157.324,156.632,157.213
708,GBP_JPY,2023-01-04T09:00:00.000000000Z,14548,157.177,157.460,157.132,157.278,157.194,157.478,157.150,157.294,157.212,157.495,157.169,157.310
709,GBP_JPY,2023-01-04T10:00:00.000000000Z,12188,157.279,157.659,157.277,157.378,157.296,157.676,157.292,157.394,157.312,157.694,157.308,157.410
710,GBP_JPY,2023-01-04T11:00:00.000000000Z,11111,157.378,157.501,157.133,157.342,157.394,157.516,157.148,157.358,157.411,157.532,157.164,157.375
711,GBP_JPY,2023-01-04T12:00:00.000000000Z,13704,157.335,157.767,157.335,157.625,157.353,157.784,157.353,157.640,157.371,157.800,157.371,157.655
712,GBP_JPY,2023-01-04T13:00:00.000000000Z,16971,157.623,157.638,157.463,157.578,157.638,157.656,157.480,157.594,157.653,157.675,157.494,157.610
713,GBP_JPY,2023-01-04T14:00:00.000000000Z,18698,157.567,158.156,157.542,158.074,157.583,158.173,157.560,158.118,157.599,158.190,157.576,158.162
714,GBP_JPY,2023-01-04T15:00:00.000000000Z,28857,158.065,159.112,157.891,158.995,158.108,159.130,157.910,159.010,158.151,159.147,157.930,159.026
715,GBP_JPY,2023-01-04T16:00:00.000000000Z,17640,158.995,159.211,158.795,159.191,159.010,159.228,158.812,159.210,159.024,159.246,158.829,159.230
716,GBP_JPY,2023-01-04T17:00:00.000000000Z,11420,159.196,160.163,159.142,159.913,159.214,160.179,159.161,159.930,159.231,160.196,159.180,159.948
717,GBP_JPY,2023-01-04T18:00:00.000000000Z,11130,159.917,159.950,159.729,159.738,159.933,159.968,159.748,159.813,159.949,160.004,159.767,159.888
718,GBP_JPY,2023-01-04T19:00:00.000000000Z,21258,159.744,159.982,159.667,159.903,159.819,160.000,159.688,159.920,159.894,160.018,159.707,159.938
719,GBP_JPY,2023-01-04T20:00:00.000000000Z,12445,159.902,160.006,159.804,159.979,159.920,160.022,159.820,159.998,159.939,160.040,159.836,160.017
720,GBP_JPY,2023-01-04T21:00:00.000000000Z,5977,159.978,159.994,159.851,159.933,159.998,160.010,159.912,159.954,160.018,160.032,159.929,159.974
721,GBP_JPY,2023-01-04T22:00:00.000000000Z,1074,159.775,159.857,159.591,159.597,159.850,159.932,159.656,159.662,159.925,160.007,159.718,159.726
722,GBP_JPY,2023-01-04T23:00:00.000000000Z,7329,159.657,159.726,159.264,159.424,159.724,159.780,159.287,159.446,159.791,159.841,159.309,159.468
723,GBP_JPY,2023-01-05T00:00:00.000000000Z,11966,159.422,159.469,159.031,159.216,159.444,159.490,159.053,159.237,159.467,159.512,159.072,159.258
724,GBP_JPY,2023-01-05T01:00:00.000000000Z,12802,159.221,159.306,158.986,159.186,159.242,159.326,159.007,159.207,159.263,159.347,159.028,159.228
725,GBP_JPY,2023-01-05T02:00:00.000000000Z,11466,159.188,159.251,158.941,159.003,159.209,159.270,158.960,159.022,159.230,159.290,158.977,159.042
726,GBP_JPY,2023-01-05T03:00:00.000000000Z,12005,159.004,159.351,158.966,159.290,159.022,159.373,158.988,159.310,159.040,159.395,159.009,159.330
727,GBP_JPY,2023-01-05T04:00:00.000000000Z,8434,159.291,159.368,159.097,159.256,159.312,159.388,159.118,159.279,159.333,159.409,159.138,159.302
728,GBP_JPY,2023-01-05T05:00:00.000000000Z,10023,159.261,159.581,159.244,159.462,159.283,159.600,159.268,159.480,159.305,159.621,159.291,159.498
729,GBP_JPY,2023-01-05T06:00:00.000000000Z,11038,159.464,159.581,159.213,159.231,159.484,159.604,159.234,159.250,159.505,159.626,159.254,159.269
730,GBP_JPY,2023-01-05T07:00:00.000000000Z,13313,159.218,159.303,159.004,159.072,159.238,159.324,159.024,159.091,159.257,159.344,159.043,159.110
731,GBP_JPY,2023-01-05T08:00:00.000000000Z,18149,159.078,159.662,158.984,159.373,159.096,159.682,159.002,159.390,159.113,159.703,159.019,159.407
732,GBP_JPY,2023-01-05T09:00:00.000000000Z,13613,159.369,159.470,159.242,159.437,159.386,159.487,159.260,159.452,159.404,159.505,159.277,159.468
733,GBP_JPY,2023-01-05T10:00:00.000000000Z,11776,159.432,159.527,159.223,159.306,159.448,159.544,159.240,159.322,159.463,159.560,159.257,159.339
734,GBP_JPY,2023-01-05T11:00:00.000000000Z,11577,159.307,159.372,159.122,159.232,159.322,159.388,159.140,159.250,159.337,159.405,159.155,159.268
735,GBP_JPY,2023-01-05T12:00:00.000000000Z,11842,159.231,159.448,159.162,159.330,159.248,159.464,159.180,159.346,159.265,159.480,159.196,159.361
736,GBP_JPY,2023-01-05T13:00:00.000000000Z,25962,159.332,160.026,159.211,159.343,159.348,160.047,159.228,159.358,159.364,160.068,159.243,159.374
737,GBP_JPY,2023-01-05T14:00:00.000000000Z,23091,159.341,159.371,159.090,159.251,159.358,159.388,159.108,159.266,159.375,159.406,159.125,159.280
738,GBP_JPY,2023-01-05T15:00:00.000000000Z,23707,159.253,159.461,158.942,159.046,159.270,159.479,158.957,159.060,159.287,159.497,158.972,159.074
739,GBP_JPY,2023-01-05T16:00:00.000000000Z,16095,159.045,159.114,158.791,158.950,159.060,159.130,158.808,158.969,159.074,159.147,158.825,158.988
740,GBP_JPY,2023-01-05T17:00:00.000000000Z,13116,158.952,158.980,158.572,158.651,158.970,159.000,158.588,158.670,158.989,159.021,158.604,158.688
741,GBP_JPY,2023-01-05T18:00:00.000000000Z,14381,158.651,158.829,158.496,158.788,158.670,158.846,158.516,158.806,158.689,158.864,158.534,158.825
742,GBP_JPY,2023-01-05T19:00:00.000000000Z,10373,158.792,158.973,158.710,158.715,158.810,158.990,158.726,158.734,158.828,159.009,158.743,158.753
743,GBP_JPY,2023-01-05T20:00:00.000000000Z,10487,158.715,158.857,158.715,158.824,158.733,158.878,158.732,158.840,158.751,158.899,158.748,158.857
744,GBP_JPY,2023-01-05T21:00:00.000000000Z,6028,158.825,158.904,158.805,158.884,158.842,158.924,158.822,158.906,158.859,158.945,158.837,158.927
745,GBP_JPY,2023-01-05T22:00:00.000000000Z,3572,158.781,158.894,158.671,158.866,158.856,158.969,158.746,158.941,158.931,159.044,158.821,159.016
746,GBP_JPY,2023-01-05T23:00:00.000000000Z,10170,158.846,159.019,158.723,158.749,158.921,159.072,158.750,158.780,158.996,159.135,158.777,158.811
747,GBP_JPY,2023-01-06T00:00:00.000000000Z,19963,158.749,159.248,158.726,159.225,158.778,159.272,158.758,159.248,158.808,159.299,158.790,159.270
748,GBP_JPY,2023-01-06T01:00:00.000000000Z,16052,159.224,159.467,159.215,159.466,159.248,159.488,159.238,159.486,159.272,159.510,159.260,159.505
749,GBP_JPY,2023-01-06T02:00:00.000000000Z,11120,159.469,159.525,159.282,159.359,159.490,159.545,159.302,159.378,159.510,159.566,159.321,159.397
750,GBP_JPY,2023-01-06T03:00:00.000000000Z,9733,159.351,159.780,159.349,159.615,159.370,159.798,159.368,159.635,159.390,159.817,159.387,159.655
751,GBP_JPY,2023-01-06T04:00:00.000000000Z,6150,159.613,159.758,159.552,159.658,159.633,159.778,159.572,159.678,159.653,159.797,159.591,159.698
752,GBP_JPY,2023-01-06T05:00:00.000000000Z,11236,159.657,159.910,159.374,159.693,159.678,159.929,159.392,159.712,159.700,159.951,159.408,159.731
753,GBP_JPY,2023-01-06T06:00:00.000000000Z,9550,159.702,159.871,159.569,159.573,159.722,159.892,159.590,159.591,159.743,159.912,159.609,159.609
754,GBP_JPY,2023-01-06T07:00:00.000000000Z,15923,159.572,159.745,159.254,159.591,159.592,159.762,159.316,159.608,159.611,159.778,159.369,159.625
755,GBP_JPY,2023-01-06T08:00:00.000000000Z,16412,159.590,160.003,159.558,159.688,159.608,160.022,159.577,159.704,159.625,160.041,159.596,159.721
756,GBP_JPY,2023-01-06T09:00:00.000000000Z,14738,159.689,159.766,159.314,159.377,159.704,159.784,159.332,159.396,159.720,159.802,159.348,159.416
757,GBP_JPY,2023-01-06T10:00:00.000000000Z,12186,159.377,159.429,159.152,159.275,159.396,159.448,159.171,159.293,159.415,159.467,159.190,159.311
758,GBP_JPY,2023-01-06T11:00:00.000000000Z,13043,159.273,159.474,159.179,159.374,159.292,159.490,159.196,159.390,159.312,159.508,159.213,159.405
759,GBP_JPY,2023-01-06T12:00:00.000000000Z,13055,159.379,159.716,159.346,159.704,159.394,159.732,159.362,159.720,159.410,159.748,159.378,159.736
760,GBP_JPY,2023-01-06T13:00:00.000000000Z,29825,159.700,159.945,158.887,159.050,159.715,160.020,158.904,159.068,159.730,160.095,158.921,159.087
761,GBP_JPY,2023-01-06T14:00:00.000000000Z,28106,159.048,159.439,158.909,159.346,159.065,159.456,158.928,159.421,159.082,159.512,158.946,159.496
762,GBP_JPY,2023-01-06T15:00:00.000000000Z,33506,159.370,159.675,159.009,159.526,159.445,159.694,159.072,159.543,159.520,159.714,159.095,159.560
763,GBP_JPY,2023-01-06T16:00:00.000000000Z,20968,159.522,159.695,159.384,159.473,159.540,159.711,159.402,159.490,159.558,159.728,159.421,159.507
764,GBP_JPY,2023-01-06T17:00:00.000000000Z,11301,159.473,159.642,159.415,159.639,159.490,159.660,159.433,159.656,159.508,159.677,159.450,159.672
765,GBP_JPY,2023-01-06T18:00:00.000000000Z,10032,159.640,159.689,159.497,159.588,159.656,159.705,159.513,159.606,159.671,159.723,159.529,159.624
766,GBP_JPY,2023-01-06T19:00:00.000000000Z,7348,159.588,159.766,159.564,159.710,159.606,159.782,159.582,159.724,159.623,159.800,159.599,159.739
767,GBP_JPY,2023-01-06T20:00:00.000000000Z,8173,159.716,159.785,159.669,159.764,159.732,159.800,159.686,159.780,159.747,159.816,159.701,159.795
768,GBP_JPY,2023-01-06T21:00:00.000000000Z,5006,159.765,159.822,159.640,159.672,159.782,159.845,159.698,159.731,159.798,159.871,159.718,159.790
769,GBP_JPY,2023-01-08T22:00:00.000000000Z,1329,159.401,159.776,159.373,159.687,159.476,159.836,159.448,159.762,159.551,159.899,159.523,159.837
770,GBP_JPY,2023-01-08T23:00:00.000000000Z,10375,159.663,159.984,159.609,159.731,159.738,160.013,159.630,159.754,159.813,160.048,159.649,159.778
771,GBP_JPY,2023-01-09T00:00:00.000000000Z,9189,159.735,159.826,159.580,159.618,159.758,159.846,159.604,159.639,159.780,159.867,159.627,159.660
772,GBP_JPY,2023-01-09T01:00:00.000000000Z,12187,159.614,159.699,159.469,159.574,159.636,159.722,159.490,159.595,159.657,159.744,159.512,159.616
773,GBP_JPY,2023-01-09T02:00:00.000000000Z,11272,159.574,159.633,159.352,159.378,159.594,159.652,159.374,159.398,159.614,159.672,159.395,159.419
774,GBP_JPY,2023-01-09T03:00:00.000000000Z,7676,159.389,159.581,159.295,159.555,159.408,159.606,159.315,159.575,159.428,159.631,159.333,159.595
775,GBP_JPY,2023-01-09T04:00:00.000000000Z,5988,159.556,159.951,159.498,159.888,159.575,159.970,159.517,159.908,159.594,159.991,159.535,159.927
776,GBP_JPY,2023-01-09T05:00:00.000000000Z,7767,159.886,160.295,159.866,160.128,159.906,160.315,159.888,160.147,159.927,160.337,159.908,160.166
777,GBP_JPY,2023-01-09T06:00:00.000000000Z,9292,160.129,160.270,160.011,160.093,160.147,160.289,160.028,160.114,160.165,160.309,160.046,160.134
778,GBP_JPY,2023-01-09T07:00:00.000000000Z,15814,160.103,160.601,159.987,160.508,160.123,160.622,160.007,160.528,160.143,160.643,160.026,160.548
779,GBP_JPY,2023-01-09T08:00:00.000000000Z,18452,160.507,160.698,160.422,160.634,160.528,160.718,160.442,160.652,160.548,160.738,160.458,160.669
780,GBP_JPY,2023-01-09T09:00:00.000000000Z,16426,160.636,161.225,160.634,161.021,160.654,161.242,160.654,161.038,160.673,161.260,160.672,161.055
781,GBP_JPY,2023-01-09T10:00:00.000000000Z,14766,161.020,161.035,160.561,160.645,161.038,161.051,160.578,160.661,161.057,161.067,160.593,160.677
782,GBP_JPY,2023-01-09T11:00:00.000000000Z,12432,160.642,160.941,160.558,160.909,160.658,160.956,160.577,160.925,160.675,160.974,160.593,160.941
783,GBP_JPY,2023-01-09T12:00:00.000000000Z,12638,160.908,160.910,160.451,160.562,160.924,160.926,160.470,160.577,160.941,160.943,160.485,160.592
784,GBP_JPY,2023-01-09T13:00:00.000000000Z,18850,160.560,160.654,160.305,160.338,160.576,160.670,160.324,160.356,160.593,160.688,160.343,160.375
785,GBP_JPY,2023-01-09T14:00:00.000000000Z,19905,160.337,160.761,160.300,160.722,160.356,160.778,160.318,160.738,160.376,160.796,160.335,160.753
786,GBP_JPY,2023-01-09T15:00:00.000000000Z,18154,160.719,161.084,160.617,160.847,160.736,161.100,160.637,160.861,160.752,161.116,160.656,160.875
787,GBP_JPY,2023-01-09T16:00:00.000000000Z,15377,160.846,160.875,160.510,160.580,160.860,160.886,160.527,160.596,160.875,160.901,160.544,160.612
788,GBP_JPY,2023-01-09T17:00:00.000000000Z,12078,160.574,160.687,160.543,160.666,160.589,160.702,160.560,160.681,160.604,160.716,160.576,160.696
789,GBP_JPY,2023-01-09T18:00:00.000000000Z,10638,160.662,160.731,160.549,160.677,160.677,160.747,160.566,160.692,160.692,160.763,160.584,160.708
790,GBP_JPY,2023-01-09T19:00:00.000000000Z,10582,160.680,160.702,160.457,160.547,160.696,160.719,160.474,160.562,160.711,160.736,160.490,160.578
791,GBP_JPY,2023-01-09T20:00:00.000000000Z,13802,160.549,160.714,160.469,160.521,160.564,160.730,160.486,160.538,160.580,160.748,160.500,160.555
792,GBP_JPY,2023-01-09T21:00:00.000000000Z,4901,160.516,160.693,160.503,160.663,160.533,160.711,160.520,160.694,160.550,160.732,160.536,160.724
793,GBP_JPY,2023-01-09T22:00:00.000000000Z,1892,160.522,160.677,160.481,160.622,160.597,160.752,160.556,160.695,160.672,160.827,160.631,160.768
794,GBP_JPY,2023-01-09T23:00:00.000000000Z,7170,160.623,160.729,160.321,160.485,160.697,160.766,160.368,160.508,160.771,160.803,160.402,160.531
795,GBP_JPY,2023-01-10T00:00:00.000000000Z,13586,160.488,160.920,160.314,160.324,160.512,160.940,160.332,160.343,160.535,160.959,160.350,160.362
796,GBP_JPY,2023-01-10T01:00:00.000000000Z,13371,160.321,160.365,160.028,160.175,160.340,160.383,160.049,160.195,160.360,160.402,160.070,160.215
797,GBP_JPY,2023-01-10T02:00:00.000000000Z,13204,160.176,160.382,160.137,160.365,160.195,160.400,160.156,160.382,160.214,160.419,160.175,160.400
798,GBP_JPY,2023-01-10T03:00:00.000000000Z,10936,160.364,160.478,160.316,160.397,160.382,160.496,160.334,160.416,160.400,160.513,160.351,160.435
799,GBP_JPY,2023-01-10T04:00:00.000000000Z,6775,160.395,160.520,160.366,160.480,160.414,160.540,160.384,160.500,160.433,160.561,160.402,160.519
800,GBP_JPY,2023-01-10T05:00:00.000000000Z,8772,160.479,160.525,160.286,160.417,160.498,160.545,160.308,160.440,160.517,160.565,160.328,160.463
801,GBP_JPY,2023-01-10T06:00:00.000000000Z,11343,160.419,160.574,160.343,160.545,160.441,160.593,160.364,160.564,160.463,160.613,160.385,160.582
802,GBP_JPY,2023-01-10T07:00:00.000000000Z,17039,160.555,160.781,160.427,160.633,160.572,160.802,160.445,160.649,160.590,160.823,160.463,160.665
803,GBP_JPY,2023-01-10T08:00:00.000000000Z,17376,160.635,160.703,160.329,160.398,160.652,160.718,160.348,160.416,160.669,160.736,160.364,160.435
804,GBP_JPY,2023-01-10T09:00:00.000000000Z,16130,160.402,160.603,160.232,160.594,160.420,160.620,160.250,160.612,160.439,160.638,160.268,160.630
805,GBP_JPY,2023-01-10T10:00:00.000000000Z,12342,160.594,160.646,160.508,160.624,160.611,160.663,160.527,160.641,160.628,160.682,160.546,160.658
806,GBP_JPY,2023-01-10T11:00:00.000000000Z,11978,160.625,160.787,160.457,160.486,160.641,160.801,160.474,160.502,160.657,160.817,160.491,160.519
807,GBP_JPY,2023-01-10T12:00:00.000000000Z,12965,160.482,160.641,160.365,160.535,160.498,160.660,160.384,160.551,160.513,160.678,160.403,160.567
808,GBP_JPY,2023-01-10T13:00:00.000000000Z,15138,160.537,160.655,160.392,160.554,160.553,160.673,160.409,160.570,160.569,160.691,160.426,160.585
809,GBP_JPY,2023-01-10T14:00:00.000000000Z,27003,160.557,160.572,160.276,160.456,160.574,160.592,160.294,160.476,160.590,160.612,160.310,160.496
810,GBP_JPY,2023-01-10T15:00:00.000000000Z,22798,160.460,160.769,160.305,160.553,160.480,160.788,160.324,160.568,160.499,160.807,160.342,160.584
811,GBP_JPY,2023-01-10T16:00:00.000000000Z,16041,160.551,160.885,160.541,160.717,160.566,160.904,160.558,160.736,160.582,160.923,160.574,160.755
812,GBP_JPY,2023-01-10T17:00:00.000000000Z,11731,160.716,160.761,160.539,160.599,160.734,160.778,160.555,160.616,160.752,160.797,160.570,160.633
813,GBP_JPY,2023-01-10T18:00:00.000000000Z,8889,160.598,160.842,160.558,160.833,160.614,160.858,160.577,160.849,160.630,160.874,160.594,160.865
814,GBP_JPY,2023-01-10T19:00:00.000000000Z,7723,160.835,160.899,160.766,160.831,160.851,160.916,160.782,160.848,160.867,160.933,160.798,160.864
815,GBP_JPY,2023-01-10T20:00:00.000000000Z,8045,160.832,160.834,160.617,160.672,160.848,160.849,160.634,160.686,160.863,160.865,160.649,160.700
816,GBP_JPY,2023-01-10T21:00:00.000000000Z,3843,160.674,160.737,160.586,160.627,160.690,160.754,160.604,160.649,160.706,160.772,160.620,160.671
817,GBP_JPY,2023-01-10T22:00:00.000000000Z,3711,160.605,160.637,160.457,160.502,160.680,160.712,160.532,160.565,160.755,160.787,160.602,160.628
818,GBP_JPY,2023-01-10T23:00:00.000000000Z,5974,160.512,160.649,160.491,160.539,160.575,160.674,160.514,160.560,160.638,160.703,160.537,160.582
819,GBP_JPY,2023-01-11T00:00:00.000000000Z,10955,160.529,160.886,160.527,160.797,160.552,160.907,160.549,160.820,160.574,160.929,160.571,160.843
820,GBP_JPY,2023-01-11T01:00:00.000000000Z,11439,160.805,160.895,160.701,160.847,160.826,160.918,160.726,160.868,160.846,160.942,160.751,160.888
821,GBP_JPY,2023-01-11T02:00:00.000000000Z,9756,160.847,161.067,160.814,161.008,160.868,161.087,160.834,161.028,160.889,161.107,160.854,161.049
822,GBP_JPY,2023-01-11T03:00:00.000000000Z,6867,161.011,161.038,160.902,160.970,161.030,161.057,160.923,160.988,161.050,161.077,160.942,161.006
823,GBP_JPY,2023-01-11T04:00:00.000000000Z,5380,160.972,161.051,160.801,160.817,160.988,161.072,160.820,160.838,161.005,161.092,160.838,160.858
824,GBP_JPY,2023-01-11T05:00:00.000000000Z,6768,160.818,160.949,160.807,160.924,160.837,160.968,160.827,160.944,160.856,160.987,160.847,160.964
825,GBP_JPY,2023-01-11T06:00:00.000000000Z,8028,160.927,161.078,160.870,160.910,160.945,161.096,160.888,160.930,160.963,161.116,160.905,160.950
826,GBP_JPY,2023-01-11T07:00:00.000000000Z,12077,160.913,161.037,160.834,160.973,160.931,161.054,160.854,160.988,160.949,161.071,160.874,161.004
827,GBP_JPY,2023-01-11T08:00:00.000000000Z,13693,160.976,161.200,160.822,160.893,160.992,161.216,160.837,160.910,161.008,161.234,160.851,160.927
828,GBP_JPY,2023-01-11T09:00:00.000000000Z,13035,160.897,161.058,160.672,160.722,160.912,161.073,160.690,160.736,160.928,161.089,160.708,160.750
829,GBP_JPY,2023-01-11T10:00:00.000000000Z,11785,160.722,160.826,160.535,160.780,160.737,160.842,160.550,160.796,160.752,160.859,160.565,160.812
830,GBP_JPY,2023-01-11T11:00:00.000000000Z,10555,160.779,160.829,160.555,160.806,160.794,160.845,160.570,160.824,160.810,160.862,160.586,160.842
831,GBP_JPY,2023-01-11T12:00:00.000000000Z,11787,160.810,160.880,160.605,160.823,160.827,160.897,160.620,160.841,160.844,160.915,160.636,160.859
832,GBP_JPY,2023-01-11T13:00:00.000000000Z,12519,160.824,160.946,160.514,160.635,160.841,160.962,160.530,160.648,160.858,160.978,160.545,160.661
833,GBP_JPY,2023-01-11T14:00:00.000000000Z,17413,160.633,160.994,160.511,160.990,160.647,161.010,160.528,161.006,160.661,161.026,160.544,161.021
834,GBP_JPY,2023-01-11T15:00:00.000000000Z,17044,160.987,161.105,160.636,160.781,161.003,161.120,160.652,160.796,161.019,161.137,160.669,160.811
835,GBP_JPY,2023-01-11T16:00:00.000000000Z,12104,160.784,160.839,160.552,160.716,160.798,160.851,160.568,160.732,160.813,160.866,160.583,160.747
836,GBP_JPY,2023-01-11T17:00:00.000000000Z,9373,160.719,160.773,160.568,160.574,160.734,160.788,160.584,160.590,160.750,160.803,160.600,160.605
837,GBP_JPY,2023-01-11T18:00:00.000000000Z,14535,160.575,160.854,160.575,160.751,160.590,160.870,160.590,160.766,160.604,160.887,160.604,160.780
838,GBP_JPY,2023-01-11T19:00:00.000000000Z,10435,160.752,160.956,160.685,160.933,160.767,160.972,160.702,160.948,160.782,160.988,160.719,160.963
839,GBP_JPY,2023-01-11T20:00:00.000000000Z,11819,160.933,160.992,160.860,160.956,160.947,161.009,160.874,160.972,160.961,161.026,160.889,160.987
840,GBP_JPY,2023-01-11T21:00:00.000000000Z,7052,160.956,160.997,160.855,160.979,160.972,161.012,160.870,160.998,160.989,161.033,160.886,161.017
841,GBP_JPY,2023-01-11T22:00:00.000000000Z,3310,160.781,160.920,160.609,160.780,160.856,160.995,160.684,160.855,160.931,161.070,160.759,160.930
842,GBP_JPY,2023-01-11T23:00:00.000000000Z,12035,160.753,160.837,160.212,160.349,160.828,160.893,160.240,160.376,160.903,160.968,160.268,160.403
843,GBP_JPY,2023-01-12T00:00:00.000000000Z,13396,160.352,160.496,159.989,160.263,160.379,160.516,160.012,160.283,160.406,160.535,160.035,160.303
844,GBP_JPY,2023-01-12T01:00:00.000000000Z,11648,160.265,160.454,159.897,160.077,160.286,160.478,159.916,160.098,160.306,160.503,159.936,160.120
845,GBP_JPY,2023-01-12T02:00:00.000000000Z,8847,160.076,160.205,159.910,160.071,160.098,160.226,159.930,160.091,160.121,160.249,159.949,160.111
846,GBP_JPY,2023-01-12T03:00:00.000000000Z,6970,160.074,160.203,160.061,160.195,160.094,160.222,160.082,160.215,160.114,160.241,160.104,160.235
847,GBP_JPY,2023-01-12T04:00:00.000000000Z,6317,160.197,160.300,159.879,159.925,160.216,160.320,159.898,159.942,160.236,160.339,159.916,159.960
848,GBP_JPY,2023-01-12T05:00:00.000000000Z,7161,159.922,160.015,159.853,159.999,159.940,160.036,159.875,160.018,159.958,160.063,159.897,160.036
849,GBP_JPY,2023-01-12T06:00:00.000000000Z,8417,159.999,160.011,159.822,159.974,160.018,160.032,159.844,159.994,160.037,160.053,159.867,160.013
850,GBP_JPY,2023-01-12T07:00:00.000000000Z,13039,159.978,160.107,159.846,159.860,159.998,160.128,159.862,159.877,160.017,160.148,159.878,159.894
851,GBP_JPY,2023-01-12T08:00:00.000000000Z,13378,159.863,159.993,159.772,159.873,159.881,160.010,159.790,159.890,159.899,160.026,159.806,159.906
852,GBP_JPY,2023-01-12T09:00:00.000000000Z,16362,159.872,160.012,159.343,159.452,159.890,160.029,159.360,159.468,159.907,160.047,159.378,159.485
853,GBP_JPY,2023-01-12T10:00:00.000000000Z,13752,159.454,159.706,159.212,159.536,159.470,159.723,159.228,159.554,159.485,159.740,159.243,159.571
854,GBP_JPY,2023-01-12T11:00:00.000000000Z,11003,159.533,159.538,159.068,159.148,159.552,159.554,159.086,159.166,159.570,159.572,159.105,159.183
855,GBP_JPY,2023-01-12T12:00:00.000000000Z,13641,159.150,159.205,158.520,158.553,159.166,159.220,158.539,158.570,159.183,159.236,158.557,158.587
856,GBP_JPY,2023-01-12T13:00:00.000000000Z,31896,158.553,158.932,158.135,158.625,158.571,158.991,158.206,158.646,158.589,159.066,158.269,158.667
857,GBP_JPY,2023-01-12T14:00:00.000000000Z,33015,158.625,158.963,158.013,158.228,158.646,158.983,158.034,158.248,158.668,159.003,158.053,158.268
858,GBP_JPY,2023-01-12T15:00:00.000000000Z,30846,158.226,158.271,157.716,157.812,158.246,158.290,157.734,157.830,158.266,158.310,157.750,157.848
859,GBP_JPY,2023-01-12T16:00:00.000000000Z,22029,157.814,158.078,157.719,158.032,157.832,158.097,157.736,158.056,157.849,158.116,157.754,158.079
860,GBP_JPY,2023-01-12T17:00:00.000000000Z,16766,158.037,158.227,157.749,157.973,158.060,158.246,157.780,157.990,158.082,158.267,157.806,158.008
861,GBP_JPY,2023-01-12T18:00:00.000000000Z,17801,157.972,158.010,157.755,157.933,157.988,158.030,157.780,157.952,158.005,158.049,157.799,157.971
862,GBP_JPY,2023-01-12T19:00:00.000000000Z,14249,157.936,158.034,157.803,158.022,157.955,158.052,157.822,158.040,157.974,158.070,157.840,158.057
863,GBP_JPY,2023-01-12T20:00:00.000000000Z,13779,158.023,158.083,157.758,157.790,158.040,158.100,157.774,157.807,158.056,158.117,157.791,157.824
864,GBP_JPY,2023-01-12T21:00:00.000000000Z,6803,157.794,157.952,157.753,157.905,157.810,157.973,157.771,157.924,157.826,158.019,157.788,157.944
865,GBP_JPY,2023-01-12T22:00:00.000000000Z,225,157.877,157.999,157.765,157.926,157.952,158.074,157.840,158.001,158.027,158.149,157.915,158.076
866,GBP_JPY,2023-01-12T23:00:00.000000000Z,10981,157.945,157.982,157.634,157.789,158.020,158.040,157.658,157.812,158.095,158.110,157.681,157.836
867,GBP_JPY,2023-01-13T00:00:00.000000000Z,17503,157.794,157.921,157.326,157.736,157.818,157.940,157.360,157.756,157.841,157.962,157.395,157.775
868,GBP_JPY,2023-01-13T01:00:00.000000000Z,16709,157.736,157.866,157.349,157.526,157.756,157.886,157.369,157.545,157.777,157.908,157.389,157.564
869,GBP_JPY,2023-01-13T02:00:00.000000000Z,14059,157.523,157.673,157.451,157.619,157.542,157.695,157.472,157.639,157.561,157.717,157.491,157.659
870,GBP_JPY,2023-01-13T03:00:00.000000000Z,9028,157.618,157.641,157.438,157.493,157.640,157.659,157.458,157.512,157.662,157.678,157.476,157.531
871,GBP_JPY,2023-01-13T04:00:00.000000000Z,7408,157.495,157.594,157.285,157.499,157.513,157.612,157.308,157.517,157.531,157.630,157.326,157.535
872,GBP_JPY,2023-01-13T05:00:00.000000000Z,8710,157.502,157.558,157.312,157.317,157.520,157.577,157.332,157.338,157.538,157.596,157.350,157.359
873,GBP_JPY,2023-01-13T06:00:00.000000000Z,13006,157.321,157.394,156.728,156.833,157.340,157.411,156.747,156.856,157.358,157.429,156.765,156.878
874,GBP_JPY,2023-01-13T07:00:00.000000000Z,16034,156.835,157.053,156.588,156.771,156.858,157.074,156.606,156.789,156.880,157.094,156.625,156.807
875,GBP_JPY,2023-01-13T08:00:00.000000000Z,20541,156.773,157.033,156.583,156.972,156.790,157.048,156.599,156.990,156.807,157.064,156.615,157.009
876,GBP_JPY,2023-01-13T09:00:00.000000000Z,15121,156.975,157.412,156.940,157.145,156.994,157.428,156.959,157.164,157.012,157.446,156.978,157.182
877,GBP_JPY,2023-01-13T10:00:00.000000000Z,12041,157.142,157.237,156.941,157.001,157.160,157.256,156.958,157.016,157.179,157.275,156.975,157.032
878,GBP_JPY,2023-01-13T11:00:00.000000000Z,13801,156.999,157.055,156.616,156.717,157.015,157.072,156.632,156.734,157.031,157.089,156.648,156.750
879,GBP_JPY,2023-01-13T12:00:00.000000000Z,13314,156.721,156.855,156.436,156.487,156.738,156.873,156.453,156.503,156.754,156.892,156.470,156.519
880,GBP_JPY,2023-01-13T13:00:00.000000000Z,16505,156.484,156.568,155.921,156.023,156.501,156.586,155.938,156.039,156.518,156.603,155.956,156.055
881,GBP_JPY,2023-01-13T14:00:00.000000000Z,21782,156.022,156.207,155.664,155.722,156.038,156.222,155.680,155.797,156.055,156.238,155.695,155.872
882,GBP_JPY,2023-01-13T15:00:00.000000000Z,24074,155.753,156.145,155.631,155.745,155.828,156.162,155.648,155.760,155.903,156.178,155.665,155.774
883,GBP_JPY,2023-01-13T16:00:00.000000000Z,16614,155.746,155.986,155.640,155.882,155.760,156.002,155.656,155.899,155.773,156.017,155.671,155.916
884,GBP_JPY,2023-01-13T17:00:00.000000000Z,12373,155.881,155.971,155.706,155.902,155.898,155.988,155.724,155.921,155.916,156.005,155.741,155.940
885,GBP_JPY,2023-01-13T18:00:00.000000000Z,10314,155.900,156.323,155.850,156.310,155.919,156.338,155.870,156.326,155.938,156.355,155.890,156.342
886,GBP_JPY,2023-01-13T19:00:00.000000000Z,9193,156.312,156.446,156.234,156.426,156.328,156.462,156.250,156.442,156.343,156.480,156.266,156.458
887,GBP_JPY,2023-01-13T20:00:00.000000000Z,7717,156.428,156.520,156.381,156.444,156.444,156.536,156.398,156.460,156.460,156.552,156.415,156.476
888,GBP_JPY,2023-01-13T21:00:00.000000000Z,5922,156.448,156.476,156.212,156.212,156.464,156.490,156.287,156.287,156.479,156.528,156.362,156.362
889,GBP_JPY,2023-01-15T22:00:00.000000000Z,2357,156.105,156.234,156.013,156.200,156.180,156.309,156.088,156.275,156.255,156.384,156.163,156.350
890,GBP_JPY,2023-01-15T23:00:00.000000000Z,10396,156.207,156.655,156.193,156.510,156.282,156.680,156.268,156.537,156.357,156.705,156.309,156.564
891,GBP_JPY,2023-01-16T00:00:00.000000000Z,12658,156.509,156.915,156.458,156.555,156.534,156.936,156.482,156.572,156.560,156.957,156.506,156.589
892,GBP_JPY,2023-01-16T01:00:00.000000000Z,14579,156.558,156.724,156.271,156.660,156.574,156.746,156.290,156.682,156.590,156.767,156.308,156.704
893,GBP_JPY,2023-01-16T02:00:00.000000000Z,13179,156.660,156.789,156.267,156.405,156.683,156.808,156.288,156.427,156.706,156.830,156.310,156.449
894,GBP_JPY,2023-01-16T03:00:00.000000000Z,7357,156.408,156.440,156.173,156.294,156.429,156.462,156.194,156.314,156.450,156.483,156.214,156.335
895,GBP_JPY,2023-01-16T04:00:00.000000000Z,8460,156.293,156.562,156.237,156.485,156.314,156.582,156.256,156.506,156.335,156.602,156.275,156.527
896,GBP_JPY,2023-01-16T05:00:00.000000000Z,7458,156.485,156.654,156.439,156.472,156.505,156.672,156.459,156.490,156.525,156.692,156.479,156.509
897,GBP_JPY,2023-01-16T06:00:00.000000000Z,10571,156.473,156.771,156.340,156.656,156.492,156.790,156.360,156.675,156.512,156.808,156.379,156.694
898,GBP_JPY,2023-01-16T07:00:00.000000000Z,12745,156.657,156.787,156.428,156.509,156.676,156.806,156.444,156.526,156.694,156.825,156.460,156.543
899,GBP_JPY,2023-01-16T08:00:00.000000000Z,20051,156.507,157.066,156.379,156.722,156.524,157.082,156.394,156.738,156.540,157.099,156.409,156.755
900,GBP_JPY,2023-01-16T09:00:00.000000000Z,14631,156.723,156.805,156.480,156.612,156.738,156.822,156.500,156.627,156.754,156.839,156.517,156.642
901,GBP_JPY,2023-01-16T10:00:00.000000000Z,11315,156.608,156.954,156.565,156.821,156.626,156.969,156.580,156.836,156.643,156.985,156.595,156.851
902,GBP_JPY,2023-01-16T11:00:00.000000000Z,9987,156.823,156.949,156.458,156.573,156.838,156.968,156.475,156.588,156.853,156.988,156.492,156.603
903,GBP_JPY,2023-01-16T12:00:00.000000000Z,9496,156.566,156.688,156.437,156.510,156.583,156.706,156.452,156.526,156.600,156.724,156.465,156.542
904,GBP_JPY,2023-01-16T13:00:00.000000000Z,11161,156.509,156.631,156.444,156.578,156.526,156.649,156.461,156.596,156.543,156.667,156.478,156.615
905,GBP_JPY,2023-01-16T14:00:00.000000000Z,11466,156.576,156.916,156.510,156.730,156.596,156.933,156.528,156.747,156.616,156.950,156.544,156.764
906,GBP_JPY,2023-01-16T15:00:00.000000000Z,8842,156.731,156.903,156.638,156.856,156.748,156.921,156.656,156.875,156.764,156.940,156.670,156.894
907,GBP_JPY,2023-01-16T16:00:00.000000000Z,7159,156.864,156.982,156.756,156.955,156.882,156.998,156.773,156.972,156.900,157.015,156.790,156.988
908,GBP_JPY,2023-01-16T17:00:00.000000000Z,6656,156.957,157.032,156.886,156.896,156.974,157.050,156.904,156.912,156.990,157.067,156.920,156.927
909,GBP_JPY,2023-01-16T18:00:00.000000000Z,4335,156.891,156.902,156.657,156.703,156.910,156.918,156.673,156.720,156.928,156.935,156.687,156.736
910,GBP_JPY,2023-01-16T19:00:00.000000000Z,3275,156.704,156.766,156.631,156.763,156.723,156.786,156.648,156.783,156.742,156.806,156.666,156.803
911,GBP_JPY,2023-01-16T20:00:00.000000000Z,3092,156.764,156.810,156.715,156.744,156.783,156.828,156.732,156.762,156.802,156.846,156.749,156.780
912,GBP_JPY,2023-01-16T21:00:00.000000000Z,3674,156.749,156.753,156.622,156.720,156.770,156.774,156.642,156.754,156.790,156.810,156.663,156.789
913,GBP_JPY,2023-01-16T22:00:00.000000000Z,3504,156.727,156.746,156.576,156.646,156.802,156.821,156.642,156.721,156.877,156.896,156.708,156.796
914,GBP_JPY,2023-01-16T23:00:00.000000000Z,8737,156.675,156.719,156.367,156.666,156.750,156.788,156.392,156.686,156.825,156.861,156.416,156.707
915,GBP_JPY,2023-01-17T00:00:00.000000000Z,9469,156.664,156.943,156.577,156.612,156.685,156.961,156.593,156.628,156.706,156.980,156.609,156.645
916,GBP_JPY,2023-01-17T01:00:00.000000000Z,11820,156.608,157.134,156.579,156.957,156.626,157.151,156.598,156.988,156.643,157.168,156.617,157.019
917,GBP_JPY,2023-01-17T02:00:00.000000000Z,9777,156.957,157.228,156.906,157.181,156.990,157.244,156.933,157.197,157.022,157.263,156.959,157.213
918,GBP_JPY,2023-01-17T03:00:00.000000000Z,6731,157.179,157.195,156.898,156.974,157.195,157.212,156.916,156.990,157.211,157.230,156.934,157.006
919,GBP_JPY,2023-01-17T04:00:00.000000000Z,6127,156.974,157.016,156.858,156.885,156.991,157.033,156.873,156.902,157.008,157.050,156.888,156.919
920,GBP_JPY,2023-01-17T05:00:00.000000000Z,6316,156.883,156.970,156.830,156.955,156.899,156.985,156.846,156.970,156.915,157.000,156.862,156.985
921,GBP_JPY,2023-01-17T06:00:00.000000000Z,8613,156.954,157.167,156.808,156.876,156.970,157.182,156.825,156.932,156.986,157.198,156.841,156.989
922,GBP_JPY,2023-01-17T07:00:00.000000000Z,14828,156.877,157.316,156.831,157.235,156.931,157.334,156.888,157.250,156.985,157.352,156.932,157.266
923,GBP_JPY,2023-01-17T08:00:00.000000000Z,16764,157.233,157.276,156.861,156.883,157.249,157.292,156.878,156.898,157.265,157.309,156.894,156.914
924,GBP_JPY,2023-01-17T09:00:00.000000000Z,12829,156.885,157.371,156.884,157.214,156.900,157.388,156.900,157.230,156.914,157.405,156.914,157.245
925,GBP_JPY,2023-01-17T10:00:00.000000000Z,14036,157.215,157.508,157.156,157.403,157.233,157.525,157.174,157.421,157.251,157.544,157.192,157.439
926,GBP_JPY,2023-01-17T11:00:00.000000000Z,12696,157.404,157.831,157.358,157.706,157.421,157.847,157.376,157.724,157.438,157.863,157.392,157.741
927,GBP_JPY,2023-01-17T12:00:00.000000000Z,14720,157.704,157.816,157.416,157.563,157.722,157.834,157.436,157.579,157.739,157.852,157.453,157.595
928,GBP_JPY,2023-01-17T13:00:00.000000000Z,18770,157.561,157.696,157.210,157.685,157.577,157.708,157.232,157.700,157.593,157.723,157.254,157.715
929,GBP_JPY,2023-01-17T14:00:00.000000000Z,19975,157.686,157.854,157.488,157.662,157.700,157.870,157.504,157.678,157.715,157.888,157.521,157.693
930,GBP_JPY,2023-01-17T15:00:00.000000000Z,25992,157.662,158.022,157.271,157.338,157.676,158.034,157.286,157.354,157.691,158.047,157.301,157.369
931,GBP_JPY,2023-01-17T16:00:00.000000000Z,17523,157.336,157.386,157.058,157.163,157.352,157.400,157.074,157.180,157.367,157.415,157.091,157.196
932,GBP_JPY,2023-01-17T17:00:00.000000000Z,10233,157.165,157.261,157.067,157.241,157.180,157.276,157.082,157.256,157.196,157.293,157.097,157.272
933,GBP_JPY,2023-01-17T18:00:00.000000000Z,6819,157.239,157.454,157.210,157.425,157.256,157.468,157.226,157.440,157.273,157.483,157.242,157.454
934,GBP_JPY,2023-01-17T19:00:00.000000000Z,9637,157.422,157.543,157.323,157.516,157.437,157.558,157.340,157.529,157.452,157.574,157.355,157.542
935,GBP_JPY,2023-01-17T20:00:00.000000000Z,8617,157.520,157.527,157.386,157.418,157.533,157.542,157.402,157.433,157.546,157.558,157.417,157.448
936,GBP_JPY,2023-01-17T21:00:00.000000000Z,4401,157.417,157.574,157.386,157.469,157.432,157.593,157.403,157.488,157.448,157.612,157.419,157.508
937,GBP_JPY,2023-01-17T22:00:00.000000000Z,2879,157.351,157.553,157.309,157.487,157.426,157.596,157.384,157.548,157.501,157.640,157.459,157.609
938,GBP_JPY,2023-01-17T23:00:00.000000000Z,4869,157.466,157.589,157.435,157.560,157.527,157.621,157.456,157.582,157.588,157.653,157.478,157.603
939,GBP_JPY,2023-01-18T00:00:00.000000000Z,12119,157.565,158.135,157.470,158.099,157.586,158.156,157.490,158.120,157.607,158.177,157.511,158.142
940,GBP_JPY,2023-01-18T01:00:00.000000000Z,11345,158.109,158.364,157.850,157.920,158.130,158.385,157.870,157.940,158.152,158.406,157.891,157.961
941,GBP_JPY,2023-01-18T02:00:00.000000000Z,20512,157.918,160.306,157.658,160.191,157.938,160.328,157.686,160.212,157.958,160.359,157.712,160.232
942,GBP_JPY,2023-01-18T03:00:00.000000000Z,21262,160.176,160.992,160.108,160.877,160.196,161.018,160.134,160.896,160.217,161.045,160.154,160.916
943,GBP_JPY,2023-01-18T04:00:00.000000000Z,12589,160.874,161.434,160.834,161.304,160.894,161.456,160.854,161.324,160.914,161.480,160.873,161.345
944,GBP_JPY,2023-01-18T05:00:00.000000000Z,11608,161.305,161.514,160.566,160.658,161.326,161.534,160.588,160.676,161.347,161.555,160.611,160.693
945,GBP_JPY,2023-01-18T06:00:00.000000000Z,14649,160.656,161.199,160.465,160.669,160.674,161.217,160.484,160.692,160.691,161.235,160.501,160.716
946,GBP_JPY,2023-01-18T07:00:00.000000000Z,24475,160.694,161.168,160.348,160.390,160.728,161.184,160.368,160.411,160.762,161.207,160.387,160.432
947,GBP_JPY,2023-01-18T08:00:00.000000000Z,23044,160.388,160.505,159.821,159.983,160.409,160.524,159.842,160.001,160.430,160.544,159.862,160.019
948,GBP_JPY,2023-01-18T09:00:00.000000000Z,20603,159.985,160.117,159.339,159.901,160.002,160.135,159.360,159.920,160.019,160.153,159.382,159.939
949,GBP_JPY,2023-01-18T10:00:00.000000000Z,18607,159.902,160.074,159.305,159.508,159.920,160.093,159.326,159.527,159.938,160.112,159.348,159.546
950,GBP_JPY,2023-01-18T11:00:00.000000000Z,17145,159.504,160.032,159.404,159.569,159.524,160.047,159.420,159.589,159.544,160.062,159.437,159.609
951,GBP_JPY,2023-01-18T12:00:00.000000000Z,16783,159.570,159.741,159.383,159.648,159.589,159.759,159.400,159.664,159.608,159.777,159.415,159.680
952,GBP_JPY,2023-01-18T13:00:00.000000000Z,26197,159.646,159.750,158.795,158.801,159.664,159.768,158.811,158.818,159.683,159.786,158.826,158.834
953,GBP_JPY,2023-01-18T14:00:00.000000000Z,28256,158.802,159.098,158.584,159.016,158.818,159.119,158.602,159.030,158.833,159.140,158.621,159.045
954,GBP_JPY,2023-01-18T15:00:00.000000000Z,22465,159.022,159.244,158.715,159.087,159.038,159.259,158.732,159.104,159.054,159.274,158.746,159.120
955,GBP_JPY,2023-01-18T16:00:00.000000000Z,17266,159.088,159.114,158.763,158.854,159.104,159.128,158.778,158.873,159.119,159.142,158.794,158.892
956,GBP_JPY,2023-01-18T17:00:00.000000000Z,14927,158.860,159.147,158.785,159.017,158.878,159.164,158.802,159.034,158.895,159.182,158.819,159.050
957,GBP_JPY,2023-01-18T18:00:00.000000000Z,13065,159.015,159.025,158.693,158.852,159.033,159.042,158.710,158.873,159.051,159.059,158.725,158.894
958,GBP_JPY,2023-01-18T19:00:00.000000000Z,11427,158.852,158.923,158.759,158.808,158.874,158.940,158.776,158.822,158.896,158.958,158.792,158.836
959,GBP_JPY,2023-01-18T20:00:00.000000000Z,11168,158.807,159.001,158.807,158.981,158.823,159.016,158.823,158.998,158.839,159.033,158.839,159.015
960,GBP_JPY,2023-01-18T21:00:00.000000000Z,6328,158.982,159.123,158.915,159.101,158.998,159.142,158.930,159.120,159.014,159.191,158.944,159.139
961,GBP_JPY,2023-01-18T22:00:00.000000000Z,4385,159.024,159.081,158.794,158.939,159.099,159.156,158.869,158.991,159.174,159.231,158.944,159.043
962,GBP_JPY,2023-01-18T23:00:00.000000000Z,8813,158.932,159.044,158.567,158.705,158.991,159.070,158.590,158.724,159.050,159.100,158.614,158.743
963,GBP_JPY,2023-01-19T00:00:00.000000000Z,13221,158.696,158.701,158.098,158.212,158.717,158.720,158.120,158.228,158.738,158.740,158.140,158.245
964,GBP_JPY,2023-01-19T01:00:00.000000000Z,11451,158.212,158.641,158.164,158.600,158.230,158.658,158.183,158.616,158.249,158.676,158.202,158.632
965,GBP_JPY,2023-01-19T02:00:00.000000000Z,8239,158.596,158.609,158.291,158.336,158.612,158.628,158.312,158.353,158.628,158.646,158.333,158.370
966,GBP_JPY,2023-01-19T03:00:00.000000000Z,8322,158.334,158.403,158.124,158.219,158.351,158.420,158.144,158.238,158.368,158.439,158.164,158.258
967,GBP_JPY,2023-01-19T04:00:00.000000000Z,8897,158.219,158.223,157.765,157.868,158.240,158.242,157.784,157.886,158.262,158.262,157.803,157.904
968,GBP_JPY,2023-01-19T05:00:00.000000000Z,9954,157.867,157.894,157.551,157.797,157.886,157.912,157.575,157.815,157.904,157.929,157.594,157.833
969,GBP_JPY,2023-01-19T06:00:00.000000000Z,11075,157.799,157.880,157.676,157.724,157.816,157.898,157.693,157.740,157.833,157.917,157.710,157.757
970,GBP_JPY,2023-01-19T07:00:00.000000000Z,16163,157.725,158.177,157.643,158.082,157.742,158.192,157.662,158.098,157.760,158.208,157.680,158.115
971,GBP_JPY,2023-01-19T08:00:00.000000000Z,16497,158.083,158.330,158.004,158.050,158.099,158.350,158.022,158.066,158.115,158.370,158.039,158.082
972,GBP_JPY,2023-01-19T09:00:00.000000000Z,13805,158.054,158.370,158.042,158.299,158.070,158.386,158.058,158.316,158.086,158.401,158.073,158.332
973,GBP_JPY,2023-01-19T10:00:00.000000000Z,15145,158.300,158.664,158.252,158.521,158.318,158.680,158.269,158.538,158.335,158.697,158.284,158.556
974,GBP_JPY,2023-01-19T11:00:00.000000000Z,13955,158.516,158.897,158.407,158.864,158.532,158.912,158.424,158.878,158.549,158.930,158.440,158.893
975,GBP_JPY,2023-01-19T12:00:00.000000000Z,13589,158.863,158.888,158.521,158.622,158.878,158.904,158.541,158.640,158.893,158.921,158.558,158.657
976,GBP_JPY,2023-01-19T13:00:00.000000000Z,21616,158.625,158.786,158.388,158.533,158.641,158.806,158.440,158.551,158.657,158.825,158.456,158.569
977,GBP_JPY,2023-01-19T14:00:00.000000000Z,20480,158.532,158.613,158.399,158.536,158.549,158.628,158.416,158.550,158.566,158.644,158.432,158.565
978,GBP_JPY,2023-01-19T15:00:00.000000000Z,19043,158.537,158.800,158.486,158.750,158.552,158.815,158.500,158.764,158.567,158.830,158.514,158.777
979,GBP_JPY,2023-01-19T16:00:00.000000000Z,13823,158.748,159.017,158.700,158.849,158.762,159.031,158.714,158.866,158.776,159.047,158.727,158.883
980,GBP_JPY,2023-01-19T17:00:00.000000000Z,10515,158.850,159.084,158.840,159.052,158.866,159.100,158.857,159.068,158.882,159.117,158.873,159.083
981,GBP_JPY,2023-01-19T18:00:00.000000000Z,11704,159.054,159.126,158.966,159.017,159.070,159.142,158.982,159.031,159.086,159.157,158.998,159.045
982,GBP_JPY,2023-01-19T19:00:00.000000000Z,10454,159.015,159.171,159.012,159.152,159.030,159.186,159.027,159.166,159.046,159.202,159.042,159.180
983,GBP_JPY,2023-01-19T20:00:00.000000000Z,9138,159.152,159.208,159.009,159.087,159.166,159.224,159.025,159.102,159.179,159.239,159.040,159.116
984,GBP_JPY,2023-01-19T21:00:00.000000000Z,5891,159.083,159.151,159.035,159.142,159.098,159.168,159.052,159.159,159.114,159.189,159.068,159.176
985,GBP_JPY,2023-01-19T22:00:00.000000000Z,4431,159.060,159.127,159.013,159.025,159.135,159.178,159.083,159.093,159.210,159.230,159.146,159.161
986,GBP_JPY,2023-01-19T23:00:00.000000000Z,7438,159.020,159.232,159.019,159.069,159.088,159.257,159.063,159.088,159.156,159.282,159.086,159.107
987,GBP_JPY,2023-01-20T00:00:00.000000000Z,10084,159.066,159.403,159.029,159.310,159.085,159.422,159.048,159.330,159.104,159.442,159.067,159.349
988,GBP_JPY,2023-01-20T01:00:00.000000000Z,11629,159.311,159.599,159.183,159.557,159.330,159.618,159.203,159.574,159.349,159.637,159.223,159.591
989,GBP_JPY,2023-01-20T02:00:00.000000000Z,8422,159.557,159.648,159.469,159.481,159.574,159.668,159.492,159.502,159.592,159.688,159.512,159.522
990,GBP_JPY,2023-01-20T03:00:00.000000000Z,6303,159.480,159.547,159.371,159.471,159.501,159.565,159.388,159.492,159.522,159.586,159.404,159.513
991,GBP_JPY,2023-01-20T04:00:00.000000000Z,8133,159.471,159.718,159.454,159.607,159.492,159.739,159.474,159.626,159.512,159.760,159.494,159.644
992,GBP_JPY,2023-01-20T05:00:00.000000000Z,10125,159.612,159.958,159.563,159.888,159.630,159.976,159.582,159.906,159.648,159.995,159.600,159.924
993,GBP_JPY,2023-01-20T06:00:00.000000000Z,9933,159.889,159.892,159.674,159.722,159.906,159.910,159.694,159.744,159.923,159.928,159.713,159.767
994,GBP_JPY,2023-01-20T07:00:00.000000000Z,13633,159.718,159.719,159.186,159.337,159.741,159.741,159.204,159.352,159.764,159.764,159.222,159.368
995,GBP_JPY,2023-01-20T08:00:00.000000000Z,14513,159.335,159.702,159.223,159.634,159.352,159.716,159.240,159.650,159.369,159.732,159.256,159.665
996,GBP_JPY,2023-01-20T09:00:00.000000000Z,13621,159.631,159.862,159.571,159.764,159.646,159.878,159.586,159.780,159.662,159.895,159.601,159.796
997,GBP_JPY,2023-01-20T10:00:00.000000000Z,14962,159.765,160.333,159.728,160.293,159.780,160.350,159.756,160.310,159.795,160.369,159.783,160.328
998,GBP_JPY,2023-01-20T11:00:00.000000000Z,12133,160.300,160.566,160.133,160.468,160.318,160.582,160.151,160.484,160.335,160.598,160.168,160.499
999,GBP_JPY,2023-01-20T12:00:00.000000000Z,15156,160.469,160.871,160.451,160.722,160.484,160.888,160.468,160.738,160.499,160.907,160.486,160.755
1000,GBP_JPY,2023-01-20T13:00:00.000000000Z,16700,160.721,161.183,160.664,161.168,160.738,161.200,160.681,161.184,160.755,161.216,160.698,161.199
1001,GBP_JPY,2023-01-20T14:00:00.000000000Z,19317,161.167,161.273,160.847,160.955,161.185,161.290,160.864,160.984,161.203,161.309,160.879,161.013
1002,GBP_JPY,2023-01-20T15:00:00.000000000Z,19704,160.957,161.173,160.642,160.709,160.985,161.186,160.656,160.723,161.013,161.200,160.671,160.737
1003,GBP_JPY,2023-01-20T16:00:00.000000000Z,13553,160.708,160.790,160.589,160.782,160.722,160.803,160.604,160.798,160.737,160.818,160.619,160.815
1004,GBP_JPY,2023-01-20T17:00:00.000000000Z,9688,160.783,160.805,160.567,160.678,160.800,160.822,160.584,160.697,160.818,160.839,160.599,160.716
1005,GBP_JPY,2023-01-20T18:00:00.000000000Z,11762,160.684,160.702,160.423,160.583,160.701,160.729,160.440,160.602,160.718,160.779,160.455,160.620
1006,GBP_JPY,2023-01-20T19:00:00.000000000Z,7706,160.584,160.639,160.471,160.593,160.601,160.654,160.488,160.608,160.618,160.670,160.504,160.622
1007,GBP_JPY,2023-01-20T20:00:00.000000000Z,8303,160.593,160.668,160.525,160.600,160.608,160.683,160.540,160.615,160.624,160.699,160.556,160.630
1008,GBP_JPY,2023-01-20T21:00:00.000000000Z,4062,160.601,160.690,160.541,160.576,160.616,160.710,160.592,160.640,160.630,160.735,160.608,160.703
1009,GBP_JPY,2023-01-22T22:00:00.000000000Z,399,160.547,160.758,160.521,160.716,160.614,160.833,160.596,160.774,160.680,160.908,160.667,160.833
1010,GBP_JPY,2023-01-22T23:00:00.000000000Z,7891,160.706,160.858,160.438,160.493,160.766,160.891,160.462,160.516,160.827,160.926,160.484,160.540
1011,GBP_JPY,2023-01-23T00:00:00.000000000Z,9792,160.493,160.778,160.349,160.603,160.518,160.798,160.368,160.624,160.542,160.819,160.386,160.644
1012,GBP_JPY,2023-01-23T01:00:00.000000000Z,10806,160.603,160.658,160.440,160.535,160.624,160.677,160.462,160.554,160.645,160.697,160.482,160.574
1013,GBP_JPY,2023-01-23T02:00:00.000000000Z,5782,160.534,160.595,160.446,160.502,160.553,160.614,160.464,160.520,160.572,160.633,160.481,160.539
1014,GBP_JPY,2023-01-23T03:00:00.000000000Z,6220,160.495,160.800,160.416,160.752,160.514,160.820,160.437,160.772,160.534,160.841,160.456,160.793
1015,GBP_JPY,2023-01-23T04:00:00.000000000Z,7865,160.754,161.169,160.748,161.000,160.774,161.188,160.767,161.020,160.793,161.207,160.786,161.039
1016,GBP_JPY,2023-01-23T05:00:00.000000000Z,7004,161.000,161.270,160.967,161.187,161.018,161.289,160.984,161.206,161.037,161.308,160.999,161.226
1017,GBP_JPY,2023-01-23T06:00:00.000000000Z,10680,161.183,161.624,161.153,161.523,161.202,161.644,161.173,161.540,161.222,161.664,161.193,161.558
1018,GBP_JPY,2023-01-23T07:00:00.000000000Z,14879,161.523,161.605,161.332,161.560,161.540,161.623,161.350,161.579,161.557,161.643,161.366,161.598
1019,GBP_JPY,2023-01-23T08:00:00.000000000Z,15654,161.563,161.585,160.865,161.003,161.582,161.604,160.884,161.020,161.601,161.625,160.901,161.036
1020,GBP_JPY,2023-01-23T09:00:00.000000000Z,11311,161.004,161.263,160.964,161.062,161.020,161.280,160.981,161.080,161.035,161.297,160.998,161.097
1021,GBP_JPY,2023-01-23T10:00:00.000000000Z,11878,161.063,161.067,160.743,160.870,161.080,161.084,160.761,160.886,161.096,161.100,160.776,160.902
1022,GBP_JPY,2023-01-23T11:00:00.000000000Z,11433,160.869,161.003,160.795,160.990,160.884,161.018,160.812,161.006,160.899,161.036,160.829,161.021
1023,GBP_JPY,2023-01-23T12:00:00.000000000Z,12047,160.989,161.211,160.917,161.039,161.006,161.226,160.934,161.056,161.022,161.242,160.951,161.072
1024,GBP_JPY,2023-01-23T13:00:00.000000000Z,15313,161.046,161.216,160.954,161.101,161.061,161.232,160.969,161.117,161.076,161.248,160.984,161.133
1025,GBP_JPY,2023-01-23T14:00:00.000000000Z,18465,161.101,161.487,161.078,161.293,161.116,161.502,161.092,161.309,161.131,161.517,161.107,161.325
1026,GBP_JPY,2023-01-23T15:00:00.000000000Z,17962,161.296,161.611,161.118,161.567,161.314,161.624,161.134,161.580,161.333,161.638,161.149,161.593
1027,GBP_JPY,2023-01-23T16:00:00.000000000Z,13297,161.566,161.681,161.488,161.645,161.580,161.694,161.505,161.660,161.593,161.707,161.521,161.674
1028,GBP_JPY,2023-01-23T17:00:00.000000000Z,9740,161.650,161.697,161.497,161.580,161.664,161.710,161.511,161.594,161.677,161.726,161.525,161.607
1029,GBP_JPY,2023-01-23T18:00:00.000000000Z,8573,161.579,161.797,161.558,161.627,161.593,161.812,161.572,161.642,161.607,161.827,161.586,161.656
1030,GBP_JPY,2023-01-23T19:00:00.000000000Z,9182,161.630,161.657,161.495,161.569,161.644,161.672,161.510,161.582,161.659,161.688,161.524,161.595
1031,GBP_JPY,2023-01-23T20:00:00.000000000Z,10664,161.566,161.719,161.532,161.698,161.582,161.734,161.548,161.714,161.597,161.750,161.562,161.729
1032,GBP_JPY,2023-01-23T21:00:00.000000000Z,5477,161.695,161.778,161.630,161.731,161.710,161.796,161.645,161.770,161.724,161.815,161.660,161.808
1033,GBP_JPY,2023-01-23T22:00:00.000000000Z,801,161.670,161.720,161.520,161.621,161.745,161.784,161.595,161.690,161.820,161.859,161.655,161.760
1034,GBP_JPY,2023-01-23T23:00:00.000000000Z,7302,161.653,161.717,161.486,161.647,161.728,161.736,161.506,161.666,161.803,161.811,161.526,161.685
1035,GBP_JPY,2023-01-24T00:00:00.000000000Z,8798,161.648,161.758,161.225,161.386,161.668,161.776,161.242,161.404,161.687,161.794,161.258,161.421
1036,GBP_JPY,2023-01-24T01:00:00.000000000Z,8420,161.388,161.482,161.272,161.355,161.404,161.500,161.290,161.374,161.421,161.519,161.308,161.392
1037,GBP_JPY,2023-01-24T02:00:00.000000000Z,6957,161.355,161.579,161.228,161.414,161.372,161.597,161.248,161.428,161.390,161.615,161.267,161.442
1038,GBP_JPY,2023-01-24T03:00:00.000000000Z,6076,161.413,161.491,161.338,161.416,161.426,161.506,161.355,161.433,161.440,161.522,161.371,161.450
1039,GBP_JPY,2023-01-24T04:00:00.000000000Z,6360,161.417,161.463,161.191,161.337,161.433,161.482,161.208,161.354,161.449,161.500,161.225,161.372
1040,GBP_JPY,2023-01-24T05:00:00.000000000Z,5913,161.339,161.395,161.159,161.191,161.354,161.413,161.180,161.210,161.370,161.431,161.199,161.228
1041,GBP_JPY,2023-01-24T06:00:00.000000000Z,6379,161.195,161.412,161.126,161.283,161.214,161.429,161.144,161.300,161.232,161.447,161.163,161.318
1042,GBP_JPY,2023-01-24T07:00:00.000000000Z,10792,161.286,161.317,160.927,161.067,161.302,161.333,160.945,161.085,161.318,161.350,160.963,161.103
1043,GBP_JPY,2023-01-24T08:00:00.000000000Z,13339,161.058,161.302,161.021,161.108,161.074,161.320,161.037,161.126,161.090,161.337,161.050,161.143
1044,GBP_JPY,2023-01-24T09:00:00.000000000Z,14665,161.110,161.416,160.166,160.427,161.127,161.432,160.183,160.444,161.144,161.450,160.199,160.462
1045,GBP_JPY,2023-01-24T10:00:00.000000000Z,12062,160.429,160.468,160.153,160.296,160.442,160.486,160.168,160.312,160.456,160.503,160.182,160.329
1046,GBP_JPY,2023-01-24T11:00:00.000000000Z,9211,160.296,160.472,160.197,160.308,160.314,160.488,160.214,160.324,160.332,160.503,160.231,160.341
1047,GBP_JPY,2023-01-24T12:00:00.000000000Z,9719,160.310,160.402,160.039,160.057,160.326,160.418,160.056,160.072,160.343,160.435,160.071,160.088
1048,GBP_JPY,2023-01-24T13:00:00.000000000Z,14383,160.061,160.325,159.981,160.317,160.075,160.340,159.996,160.332,160.089,160.355,160.009,160.346
1049,GBP_JPY,2023-01-24T14:00:00.000000000Z,18252,160.317,160.884,160.157,160.749,160.331,160.904,160.198,160.767,160.345,160.923,160.214,160.785
1050,GBP_JPY,2023-01-24T15:00:00.000000000Z,21967,160.748,160.897,160.154,160.199,160.766,160.912,160.168,160.213,160.785,160.929,160.183,160.227
1051,GBP_JPY,2023-01-24T16:00:00.000000000Z,14431,160.196,160.328,160.116,160.265,160.210,160.342,160.130,160.280,160.224,160.357,160.144,160.294
1052,GBP_JPY,2023-01-24T17:00:00.000000000Z,10777,160.265,160.437,160.136,160.251,160.281,160.450,160.152,160.265,160.297,160.464,160.167,160.279
1053,GBP_JPY,2023-01-24T18:00:00.000000000Z,8069,160.251,160.454,160.247,160.400,160.264,160.468,160.264,160.415,160.277,160.483,160.277,160.430
1054,GBP_JPY,2023-01-24T19:00:00.000000000Z,6932,160.401,160.438,160.287,160.427,160.416,160.451,160.302,160.440,160.430,160.465,160.317,160.454
1055,GBP_JPY,2023-01-24T20:00:00.000000000Z,7450,160.432,160.537,160.379,160.534,160.446,160.551,160.392,160.548,160.459,160.565,160.405,160.562
1056,GBP_JPY,2023-01-24T21:00:00.000000000Z,7181,160.531,160.667,160.491,160.641,160.544,160.682,160.505,160.661,160.557,160.699,160.519,160.681
1057,GBP_JPY,2023-01-24T22:00:00.000000000Z,9466,160.466,160.573,160.439,160.463,160.541,160.616,160.514,160.534,160.616,160.675,160.589,160.605
1058,GBP_JPY,2023-01-24T23:00:00.000000000Z,7048,160.464,160.573,160.372,160.558,160.534,160.592,160.392,160.576,160.603,160.631,160.412,160.595
1059,GBP_JPY,2023-01-25T00:00:00.000000000Z,9749,160.564,160.789,160.499,160.632,160.582,160.808,160.517,160.646,160.601,160.828,160.535,160.661
1060,GBP_JPY,2023-01-25T01:00:00.000000000Z,9665,160.630,160.681,160.390,160.557,160.646,160.696,160.407,160.575,160.662,160.711,160.423,160.593
1061,GBP_JPY,2023-01-25T02:00:00.000000000Z,7274,160.557,160.717,160.439,160.600,160.574,160.734,160.456,160.616,160.590,160.753,160.474,160.631
1062,GBP_JPY,2023-01-25T03:00:00.000000000Z,7199,160.600,160.913,160.527,160.854,160.617,160.928,160.546,160.870,160.634,160.944,160.564,160.887
1063,GBP_JPY,2023-01-25T04:00:00.000000000Z,5833,160.853,160.913,160.707,160.763,160.870,160.932,160.722,160.780,160.888,160.950,160.737,160.798
1064,GBP_JPY,2023-01-25T05:00:00.000000000Z,6794,160.763,160.854,160.704,160.715,160.781,160.873,160.722,160.732,160.799,160.892,160.739,160.750
1065,GBP_JPY,2023-01-25T06:00:00.000000000Z,8186,160.714,160.842,160.645,160.753,160.732,160.860,160.664,160.772,160.750,160.878,160.681,160.790
1066,GBP_JPY,2023-01-25T07:00:00.000000000Z,11084,160.752,160.798,160.457,160.645,160.770,160.815,160.472,160.660,160.787,160.836,160.487,160.675
1067,GBP_JPY,2023-01-25T08:00:00.000000000Z,12286,160.648,160.798,160.325,160.396,160.664,160.813,160.342,160.414,160.680,160.828,160.358,160.431
1068,GBP_JPY,2023-01-25T09:00:00.000000000Z,11835,160.391,160.549,159.749,159.839,160.408,160.565,159.764,159.854,160.425,160.581,159.780,159.870
1069,GBP_JPY,2023-01-25T10:00:00.000000000Z,10221,159.841,160.005,159.647,159.890,159.855,160.022,159.662,159.905,159.869,160.038,159.677,159.920
1070,GBP_JPY,2023-01-25T11:00:00.000000000Z,9514,159.890,159.913,159.496,159.590,159.904,159.926,159.512,159.606,159.917,159.941,159.528,159.622
1071,GBP_JPY,2023-01-25T12:00:00.000000000Z,11418,159.592,159.939,159.557,159.915,159.608,159.952,159.573,159.931,159.624,159.966,159.589,159.947
1072,GBP_JPY,2023-01-25T13:00:00.000000000Z,13233,159.911,160.142,159.863,160.038,159.927,160.157,159.878,160.052,159.943,160.172,159.891,160.065
1073,GBP_JPY,2023-01-25T14:00:00.000000000Z,17210,160.039,160.356,159.629,160.256,160.051,160.370,159.645,160.274,160.063,160.385,159.660,160.292
1074,GBP_JPY,2023-01-25T15:00:00.000000000Z,21836,160.255,160.377,159.891,160.138,160.272,160.393,159.904,160.151,160.289,160.409,159.917,160.164
1075,GBP_JPY,2023-01-25T16:00:00.000000000Z,15442,160.133,160.440,160.117,160.373,160.146,160.455,160.130,160.388,160.159,160.471,160.144,160.404
1076,GBP_JPY,2023-01-25T17:00:00.000000000Z,9543,160.371,160.481,160.335,160.476,160.388,160.496,160.350,160.490,160.405,160.512,160.363,160.505
1077,GBP_JPY,2023-01-25T18:00:00.000000000Z,10078,160.479,160.576,160.404,160.490,160.494,160.591,160.418,160.505,160.508,160.607,160.433,160.520
1078,GBP_JPY,2023-01-25T19:00:00.000000000Z,8172,160.488,160.720,160.488,160.603,160.503,160.734,160.503,160.616,160.518,160.749,160.517,160.628
1079,GBP_JPY,2023-01-25T20:00:00.000000000Z,8215,160.606,160.674,160.558,160.653,160.618,160.688,160.572,160.668,160.629,160.703,160.586,160.684
1080,GBP_JPY,2023-01-25T21:00:00.000000000Z,7346,160.656,160.715,160.592,160.641,160.670,160.730,160.607,160.684,160.684,160.746,160.619,160.728
1081,GBP_JPY,2023-01-25T22:00:00.000000000Z,3991,160.651,160.666,160.536,160.557,160.726,160.741,160.596,160.602,160.801,160.816,160.642,160.648
1082,GBP_JPY,2023-01-25T23:00:00.000000000Z,6828,160.557,160.630,160.373,160.395,160.604,160.659,160.393,160.416,160.650,160.688,160.410,160.437
1083,GBP_JPY,2023-01-26T00:00:00.000000000Z,10555,160.390,160.538,160.221,160.305,160.410,160.557,160.240,160.322,160.429,160.576,160.257,160.338
1084,GBP_JPY,2023-01-26T01:00:00.000000000Z,8590,160.317,160.397,160.115,160.337,160.332,160.414,160.132,160.355,160.348,160.431,160.148,160.373
1085,GBP_JPY,2023-01-26T02:00:00.000000000Z,6966,160.339,160.595,160.234,160.438,160.357,160.611,160.253,160.452,160.375,160.628,160.270,160.466
1086,GBP_JPY,2023-01-26T03:00:00.000000000Z,6354,160.439,160.466,160.245,160.267,160.452,160.482,160.262,160.284,160.466,160.498,160.279,160.300
1087,GBP_JPY,2023-01-26T04:00:00.000000000Z,5926,160.265,160.341,159.997,160.240,160.282,160.358,160.014,160.258,160.298,160.375,160.031,160.275
1088,GBP_JPY,2023-01-26T05:00:00.000000000Z,6220,160.242,160.415,160.199,160.369,160.260,160.432,160.216,160.387,160.277,160.450,160.233,160.405
1089,GBP_JPY,2023-01-26T06:00:00.000000000Z,7661,160.365,160.485,160.272,160.389,160.383,160.502,160.290,160.406,160.401,160.519,160.306,160.423
1090,GBP_JPY,2023-01-26T07:00:00.000000000Z,13134,160.386,160.699,160.355,160.657,160.404,160.716,160.372,160.672,160.422,160.733,160.390,160.686
1091,GBP_JPY,2023-01-26T08:00:00.000000000Z,15115,160.659,161.200,160.653,160.864,160.675,161.216,160.670,160.882,160.691,161.233,160.686,160.899
1092,GBP_JPY,2023-01-26T09:00:00.000000000Z,14540,160.866,160.979,160.601,160.930,160.884,160.996,160.620,160.947,160.901,161.013,160.638,160.964
1093,GBP_JPY,2023-01-26T10:00:00.000000000Z,10072,160.929,161.013,160.649,160.730,160.946,161.031,160.664,160.746,160.964,161.049,160.679,160.762
1094,GBP_JPY,2023-01-26T11:00:00.000000000Z,8601,160.732,161.032,160.702,160.855,160.747,161.048,160.718,160.870,160.762,161.064,160.733,160.886
1095,GBP_JPY,2023-01-26T12:00:00.000000000Z,10880,160.853,161.038,160.714,160.820,160.868,161.054,160.730,160.836,160.884,161.070,160.744,160.853
1096,GBP_JPY,2023-01-26T13:00:00.000000000Z,20710,160.826,161.262,160.660,160.931,160.841,161.337,160.676,160.947,160.856,161.412,160.690,160.963
1097,GBP_JPY,2023-01-26T14:00:00.000000000Z,21891,160.937,161.451,160.860,161.248,160.954,161.467,160.878,161.276,160.971,161.486,160.894,161.305
1098,GBP_JPY,2023-01-26T15:00:00.000000000Z,21641,161.249,161.360,161.034,161.157,161.276,161.376,161.054,161.170,161.304,161.394,161.072,161.183
1099,GBP_JPY,2023-01-26T16:00:00.000000000Z,15942,161.158,161.379,161.045,161.266,161.172,161.395,161.061,161.282,161.185,161.412,161.077,161.298
1100,GBP_JPY,2023-01-26T17:00:00.000000000Z,10120,161.267,161.338,161.146,161.278,161.284,161.352,161.162,161.294,161.300,161.369,161.178,161.309
1101,GBP_JPY,2023-01-26T18:00:00.000000000Z,10246,161.279,161.421,161.227,161.420,161.295,161.435,161.243,161.435,161.311,161.450,161.258,161.450
1102,GBP_JPY,2023-01-26T19:00:00.000000000Z,6873,161.421,161.572,161.402,161.569,161.435,161.586,161.418,161.584,161.449,161.600,161.432,161.600
1103,GBP_JPY,2023-01-26T20:00:00.000000000Z,6484,161.572,161.693,161.511,161.676,161.586,161.707,161.526,161.690,161.601,161.722,161.542,161.705
1104,GBP_JPY,2023-01-26T21:00:00.000000000Z,4135,161.677,161.725,161.603,161.631,161.690,161.740,161.632,161.655,161.704,161.756,161.647,161.679
1105,GBP_JPY,2023-01-26T22:00:00.000000000Z,10210,161.475,161.576,161.356,161.445,161.550,161.638,161.431,161.512,161.625,161.710,161.506,161.579
1106,GBP_JPY,2023-01-26T23:00:00.000000000Z,8051,161.442,161.509,160.963,161.130,161.510,161.570,160.980,161.151,161.579,161.630,160.998,161.172
1107,GBP_JPY,2023-01-27T00:00:00.000000000Z,12236,161.122,161.260,160.722,160.963,161.142,161.278,160.738,160.982,161.162,161.298,160.753,161.000
1108,GBP_JPY,2023-01-27T01:00:00.000000000Z,8755,160.968,161.066,160.788,160.850,160.986,161.085,160.805,160.868,161.005,161.104,160.820,160.885
1109,GBP_JPY,2023-01-27T02:00:00.000000000Z,6378,160.852,160.947,160.748,160.835,160.870,160.964,160.766,160.850,160.888,160.982,160.784,160.866
1110,GBP_JPY,2023-01-27T03:00:00.000000000Z,6002,160.830,160.952,160.735,160.849,160.846,160.969,160.752,160.868,160.863,160.987,160.769,160.886
1111,GBP_JPY,2023-01-27T04:00:00.000000000Z,5543,160.850,161.178,160.840,160.946,160.868,161.195,160.857,160.962,160.885,161.213,160.874,160.977
1112,GBP_JPY,2023-01-27T05:00:00.000000000Z,5071,160.947,160.983,160.823,160.921,160.963,161.000,160.840,160.936,160.979,161.016,160.855,160.950
1113,GBP_JPY,2023-01-27T06:00:00.000000000Z,6704,160.920,161.057,160.698,161.021,160.936,161.073,160.714,161.038,160.951,161.090,160.730,161.056
1114,GBP_JPY,2023-01-27T07:00:00.000000000Z,8935,161.023,161.053,160.766,160.830,161.041,161.071,160.784,160.846,161.059,161.089,160.801,160.861
1115,GBP_JPY,2023-01-27T08:00:00.000000000Z,12309,160.820,160.885,160.535,160.831,160.836,160.902,160.552,160.848,160.853,160.919,160.569,160.865
1116,GBP_JPY,2023-01-27T09:00:00.000000000Z,10453,160.835,160.872,160.557,160.623,160.851,160.888,160.574,160.637,160.867,160.905,160.590,160.651
1117,GBP_JPY,2023-01-27T10:00:00.000000000Z,9421,160.622,160.722,160.473,160.636,160.637,160.736,160.490,160.650,160.652,160.752,160.507,160.664
1118,GBP_JPY,2023-01-27T11:00:00.000000000Z,8744,160.634,160.770,160.580,160.684,160.650,160.785,160.596,160.700,160.665,160.800,160.612,160.715
1119,GBP_JPY,2023-01-27T12:00:00.000000000Z,8718,160.686,160.720,160.514,160.576,160.701,160.736,160.530,160.592,160.716,160.751,160.545,160.607
1120,GBP_JPY,2023-01-27T13:00:00.000000000Z,15354,160.577,160.635,160.430,160.448,160.592,160.652,160.453,160.462,160.607,160.669,160.474,160.476
1121,GBP_JPY,2023-01-27T14:00:00.000000000Z,17974,160.450,160.933,160.400,160.782,160.466,160.948,160.414,160.844,160.481,160.963,160.428,160.906
1122,GBP_JPY,2023-01-27T15:00:00.000000000Z,19524,160.788,160.921,160.426,160.622,160.849,160.935,160.442,160.634,160.910,160.951,160.458,160.646
1123,GBP_JPY,2023-01-27T16:00:00.000000000Z,13765,160.622,160.899,160.577,160.813,160.634,160.914,160.589,160.827,160.647,160.930,160.601,160.841
1124,GBP_JPY,2023-01-27T17:00:00.000000000Z,8897,160.813,161.002,160.757,160.972,160.828,161.017,160.772,160.986,160.843,161.033,160.785,161.001
1125,GBP_JPY,2023-01-27T18:00:00.000000000Z,8103,160.976,160.988,160.825,160.945,160.990,161.002,160.838,160.960,161.004,161.017,160.850,160.974
1126,GBP_JPY,2023-01-27T19:00:00.000000000Z,5838,160.949,161.036,160.888,160.978,160.962,161.050,160.904,160.992,160.976,161.064,160.918,161.007
1127,GBP_JPY,2023-01-27T20:00:00.000000000Z,5797,160.985,161.032,160.862,160.913,160.998,161.046,160.878,160.928,161.012,161.059,160.893,160.942
1128,GBP_JPY,2023-01-27T21:00:00.000000000Z,4854,160.916,161.012,160.737,160.798,160.930,161.030,160.812,160.873,160.945,161.059,160.887,160.948
1129,GBP_JPY,2023-01-29T22:00:00.000000000Z,1454,160.642,160.828,160.583,160.815,160.717,160.903,160.658,160.890,160.792,160.978,160.733,160.965
1130,GBP_JPY,2023-01-29T23:00:00.000000000Z,7849,160.802,161.015,160.773,160.991,160.876,161.032,160.803,161.009,160.951,161.049,160.832,161.027
1131,GBP_JPY,2023-01-30T00:00:00.000000000Z,10776,160.991,161.331,160.987,161.280,161.010,161.350,161.004,161.298,161.029,161.368,161.021,161.317
1132,GBP_JPY,2023-01-30T01:00:00.000000000Z,10143,161.284,161.377,161.199,161.365,161.302,161.394,161.216,161.382,161.319,161.412,161.233,161.400
1133,GBP_JPY,2023-01-30T02:00:00.000000000Z,8940,161.371,161.392,161.120,161.160,161.388,161.409,161.138,161.178,161.406,161.427,161.156,161.196
1134,GBP_JPY,2023-01-30T03:00:00.000000000Z,8664,161.160,161.253,160.954,160.959,161.177,161.270,160.970,160.972,161.194,161.288,160.985,160.985
1135,GBP_JPY,2023-01-30T04:00:00.000000000Z,16902,160.957,160.969,160.239,160.586,160.971,161.019,160.260,160.604,160.985,161.094,160.281,160.621
1136,GBP_JPY,2023-01-30T05:00:00.000000000Z,10536,160.587,160.792,160.448,160.692,160.606,160.810,160.468,160.710,160.624,160.830,160.486,160.727
1137,GBP_JPY,2023-01-30T06:00:00.000000000Z,9511,160.691,160.697,160.448,160.588,160.708,160.714,160.466,160.604,160.725,160.730,160.483,160.619
1138,GBP_JPY,2023-01-30T07:00:00.000000000Z,11097,160.581,160.584,160.195,160.401,160.598,160.598,160.212,160.418,160.614,160.615,160.227,160.435
1139,GBP_JPY,2023-01-30T08:00:00.000000000Z,17761,160.405,161.145,160.405,160.969,160.421,161.161,160.421,160.983,160.437,161.177,160.437,160.997
1140,GBP_JPY,2023-01-30T09:00:00.000000000Z,12385,160.967,161.155,160.915,161.054,160.981,161.170,160.930,161.070,160.995,161.185,160.946,161.085
1141,GBP_JPY,2023-01-30T10:00:00.000000000Z,10504,161.050,161.347,161.029,161.153,161.066,161.362,161.046,161.168,161.083,161.378,161.062,161.184
1142,GBP_JPY,2023-01-30T11:00:00.000000000Z,10513,161.158,161.315,161.127,161.201,161.174,161.330,161.144,161.216,161.189,161.346,161.160,161.230
1143,GBP_JPY,2023-01-30T12:00:00.000000000Z,10445,161.202,161.296,161.081,161.145,161.216,161.313,161.096,161.160,161.230,161.330,161.110,161.174
1144,GBP_JPY,2023-01-30T13:00:00.000000000Z,12981,161.147,161.223,160.943,161.028,161.162,161.238,160.960,161.044,161.178,161.255,160.974,161.059
1145,GBP_JPY,2023-01-30T14:00:00.000000000Z,14709,161.029,161.337,161.015,161.203,161.044,161.352,161.029,161.218,161.058,161.367,161.043,161.233
1146,GBP_JPY,2023-01-30T15:00:00.000000000Z,16013,161.200,161.409,161.095,161.322,161.214,161.424,161.110,161.336,161.228,161.439,161.124,161.349
1147,GBP_JPY,2023-01-30T16:00:00.000000000Z,11744,161.323,161.387,161.220,161.254,161.336,161.402,161.236,161.264,161.348,161.417,161.250,161.275
1148,GBP_JPY,2023-01-30T17:00:00.000000000Z,9333,161.252,161.300,161.126,161.218,161.264,161.314,161.140,161.233,161.276,161.329,161.153,161.248
1149,GBP_JPY,2023-01-30T18:00:00.000000000Z,7379,161.219,161.230,161.124,161.154,161.233,161.243,161.138,161.169,161.247,161.257,161.151,161.184
1150,GBP_JPY,2023-01-30T19:00:00.000000000Z,7195,161.151,161.174,161.009,161.172,161.166,161.189,161.024,161.187,161.181,161.204,161.038,161.202
1151,GBP_JPY,2023-01-30T20:00:00.000000000Z,7401,161.170,161.204,161.070,161.095,161.184,161.218,161.084,161.110,161.199,161.233,161.098,161.126
1152,GBP_JPY,2023-01-30T21:00:00.000000000Z,3949,161.094,161.121,161.019,161.089,161.108,161.136,161.034,161.108,161.122,161.151,161.048,161.126
1153,GBP_JPY,2023-01-30T22:00:00.000000000Z,4261,161.012,161.061,160.982,161.014,161.087,161.112,161.034,161.066,161.162,161.184,161.079,161.117
1154,GBP_JPY,2023-01-30T23:00:00.000000000Z,5297,161.013,161.184,160.974,161.132,161.062,161.202,160.998,161.150,161.111,161.220,161.019,161.168
1155,GBP_JPY,2023-01-31T00:00:00.000000000Z,9332,161.122,161.161,160.966,161.065,161.142,161.180,160.984,161.082,161.161,161.199,161.001,161.098
1156,GBP_JPY,2023-01-31T01:00:00.000000000Z,9627,161.066,161.068,160.829,160.917,161.082,161.084,160.846,160.934,161.097,161.100,160.864,160.950
1157,GBP_JPY,2023-01-31T02:00:00.000000000Z,7097,160.910,160.978,160.744,160.880,160.928,160.993,160.762,160.896,160.945,161.009,160.777,160.913
1158,GBP_JPY,2023-01-31T03:00:00.000000000Z,5747,160.881,160.957,160.708,160.752,160.897,160.974,160.725,160.768,160.913,160.994,160.742,160.784
1159,GBP_JPY,2023-01-31T04:00:00.000000000Z,5564,160.752,160.827,160.654,160.827,160.769,160.846,160.670,160.846,160.786,160.866,160.687,160.864
1160,GBP_JPY,2023-01-31T05:00:00.000000000Z,6479,160.827,160.838,160.602,160.619,160.846,160.855,160.619,160.634,160.865,160.872,160.636,160.648
1161,GBP_JPY,2023-01-31T06:00:00.000000000Z,6505,160.622,160.823,160.610,160.799,160.636,160.840,160.626,160.815,160.651,160.857,160.642,160.831
1162,GBP_JPY,2023-01-31T07:00:00.000000000Z,10044,160.797,160.907,160.703,160.709,160.813,160.924,160.720,160.724,160.829,160.942,160.736,160.739
1163,GBP_JPY,2023-01-31T08:00:00.000000000Z,14770,160.713,160.778,160.400,160.493,160.728,160.793,160.415,160.508,160.743,160.808,160.430,160.523
1164,GBP_JPY,2023-01-31T09:00:00.000000000Z,10995,160.495,160.745,160.431,160.700,160.509,160.760,160.446,160.716,160.523,160.775,160.461,160.733
1165,GBP_JPY,2023-01-31T10:00:00.000000000Z,9314,160.701,160.729,160.503,160.552,160.717,160.743,160.517,160.565,160.733,160.758,160.530,160.578
1166,GBP_JPY,2023-01-31T11:00:00.000000000Z,8331,160.548,160.757,160.503,160.757,160.560,160.771,160.518,160.771,160.573,160.785,160.533,160.785
1167,GBP_JPY,2023-01-31T12:00:00.000000000Z,9368,160.756,160.854,160.417,160.438,160.772,160.869,160.433,160.452,160.787,160.884,160.447,160.466
1168,GBP_JPY,2023-01-31T13:00:00.000000000Z,20394,160.441,160.512,159.947,160.039,160.454,160.524,159.964,160.053,160.468,160.537,159.980,160.067
1169,GBP_JPY,2023-01-31T14:00:00.000000000Z,18106,160.039,160.085,159.883,159.924,160.054,160.099,159.897,159.939,160.068,160.113,159.911,159.954
1170,GBP_JPY,2023-01-31T15:00:00.000000000Z,21844,159.924,160.193,159.755,160.000,159.938,160.206,159.768,160.010,159.953,160.220,159.780,160.020
1171,GBP_JPY,2023-01-31T16:00:00.000000000Z,13861,159.995,160.416,159.984,160.398,160.005,160.428,159.996,160.412,160.015,160.439,160.008,160.425
1172,GBP_JPY,2023-01-31T17:00:00.000000000Z,7479,160.398,160.577,160.339,160.467,160.412,160.591,160.354,160.481,160.427,160.606,160.368,160.495
1173,GBP_JPY,2023-01-31T18:00:00.000000000Z,4886,160.467,160.500,160.400,160.469,160.480,160.514,160.413,160.483,160.493,160.528,160.426,160.497
1174,GBP_JPY,2023-01-31T19:00:00.000000000Z,5505,160.470,160.546,160.383,160.393,160.485,160.560,160.396,160.408,160.500,160.574,160.410,160.424
1175,GBP_JPY,2023-01-31T20:00:00.000000000Z,6999,160.392,160.462,160.310,160.419,160.406,160.476,160.324,160.434,160.421,160.491,160.338,160.449
1176,GBP_JPY,2023-01-31T21:00:00.000000000Z,5431,160.420,160.476,160.224,160.252,160.434,160.490,160.238,160.274,160.448,160.505,160.251,160.297
1177,GBP_JPY,2023-01-31T22:00:00.000000000Z,1303,160.222,160.300,160.148,160.182,160.297,160.375,160.204,160.233,160.372,160.450,160.253,160.284
1178,GBP_JPY,2023-01-31T23:00:00.000000000Z,4780,160.178,160.213,160.082,160.133,160.228,160.245,160.101,160.148,160.279,160.293,160.120,160.164
1179,GBP_JPY,2023-02-01T00:00:00.000000000Z,6574,160.133,160.245,159.837,159.932,160.147,160.265,159.856,159.950,160.161,160.285,159.873,159.967
1180,GBP_JPY,2023-02-01T01:00:00.000000000Z,7124,159.927,160.061,159.859,160.049,159.944,160.077,159.876,160.064,159.962,160.093,159.892,160.079
1181,GBP_JPY,2023-02-01T02:00:00.000000000Z,5256,160.048,160.102,159.956,160.023,160.064,160.116,159.972,160.038,160.080,160.131,159.987,160.054
1182,GBP_JPY,2023-02-01T03:00:00.000000000Z,3834,160.026,160.138,159.997,160.076,160.040,160.154,160.016,160.094,160.055,160.171,160.033,160.112
1183,GBP_JPY,2023-02-01T04:00:00.000000000Z,4709,160.078,160.409,160.061,160.398,160.095,160.425,160.077,160.413,160.112,160.442,160.091,160.428
1184,GBP_JPY,2023-02-01T05:00:00.000000000Z,4792,160.398,160.490,160.327,160.447,160.414,160.503,160.342,160.460,160.429,160.517,160.357,160.472
1185,GBP_JPY,2023-02-01T06:00:00.000000000Z,4916,160.445,160.583,160.378,160.519,160.458,160.599,160.394,160.536,160.470,160.616,160.407,160.552
1186,GBP_JPY,2023-02-01T07:00:00.000000000Z,10250,160.515,160.660,160.339,160.360,160.532,160.676,160.354,160.375,160.548,160.691,160.369,160.390
1187,GBP_JPY,2023-02-01T08:00:00.000000000Z,12755,160.362,160.425,160.076,160.087,160.378,160.440,160.090,160.101,160.393,160.455,160.103,160.115
1188,GBP_JPY,2023-02-01T09:00:00.000000000Z,11115,160.084,160.135,159.898,159.958,160.098,160.150,159.914,159.973,160.113,160.164,159.929,159.988
1189,GBP_JPY,2023-02-01T10:00:00.000000000Z,10090,159.956,160.084,159.899,159.989,159.972,160.096,159.914,160.001,159.987,160.110,159.929,160.013
1190,GBP_JPY,2023-02-01T11:00:00.000000000Z,8285,159.989,160.077,159.920,160.004,160.000,160.091,159.934,160.018,160.012,160.106,159.948,160.031
1191,GBP_JPY,2023-02-01T12:00:00.000000000Z,7376,160.001,160.042,159.801,160.026,160.014,160.054,159.815,160.040,160.028,160.068,159.829,160.055
1192,GBP_JPY,2023-02-01T13:00:00.000000000Z,15881,160.029,160.055,159.592,159.637,160.044,160.069,159.606,159.652,160.058,160.083,159.620,159.666
1193,GBP_JPY,2023-02-01T14:00:00.000000000Z,14426,159.635,159.852,159.520,159.520,159.649,159.867,159.555,159.595,159.663,159.883,159.569,159.670
1194,GBP_JPY,2023-02-01T15:00:00.000000000Z,21271,159.541,159.766,159.224,159.297,159.616,159.792,159.236,159.309,159.691,159.867,159.247,159.321
1195,GBP_JPY,2023-02-01T16:00:00.000000000Z,11849,159.300,159.373,159.054,159.091,159.312,159.386,159.068,159.104,159.324,159.401,159.082,159.118
1196,GBP_JPY,2023-02-01T17:00:00.000000000Z,8471,159.091,159.166,158.901,158.978,159.105,159.179,158.914,158.992,159.119,159.194,158.927,159.006
1197,GBP_JPY,2023-02-01T18:00:00.000000000Z,7969,158.974,159.199,158.969,159.042,158.988,159.212,158.983,159.117,159.002,159.225,158.997,159.192
1198,GBP_JPY,2023-02-01T19:00:00.000000000Z,36825,159.047,159.587,158.948,159.252,159.122,159.608,159.023,159.269,159.197,159.628,159.098,159.286
1199,GBP_JPY,2023-02-01T20:00:00.000000000Z,25437,159.251,159.612,159.251,159.406,159.267,159.628,159.267,159.422,159.283,159.688,159.283,159.438
1200,GBP_JPY,2023-02-01T21:00:00.000000000Z,8695,159.407,159.652,159.354,159.486,159.422,159.668,159.372,159.506,159.438,159.684,159.390,159.525
1201,GBP_JPY,2023-02-01T22:00:00.000000000Z,850,159.530,159.539,159.375,159.496,159.605,159.614,159.444,159.530,159.680,159.689,159.503,159.565
1202,GBP_JPY,2023-02-01T23:00:00.000000000Z,8430,159.507,159.507,159.208,159.296,159.542,159.542,159.226,159.313,159.576,159.576,159.243,159.330
1203,GBP_JPY,2023-02-02T00:00:00.000000000Z,10932,159.291,159.352,158.877,159.199,159.308,159.367,158.894,159.214,159.325,159.384,158.910,159.229
1204,GBP_JPY,2023-02-02T01:00:00.000000000Z,7856,159.201,159.327,159.085,159.176,159.217,159.340,159.100,159.192,159.233,159.353,159.113,159.207
1205,GBP_JPY,2023-02-02T02:00:00.000000000Z,6244,159.178,159.262,159.153,159.198,159.192,159.276,159.168,159.210,159.207,159.292,159.183,159.221
1206,GBP_JPY,2023-02-02T03:00:00.000000000Z,5111,159.197,159.304,159.130,159.271,159.210,159.319,159.144,159.286,159.223,159.334,159.158,159.302
1207,GBP_JPY,2023-02-02T04:00:00.000000000Z,4395,159.274,159.278,159.119,159.139,159.288,159.293,159.136,159.154,159.303,159.308,159.152,159.170
1208,GBP_JPY,2023-02-02T05:00:00.000000000Z,5414,159.140,159.360,159.109,159.335,159.156,159.374,159.123,159.351,159.172,159.389,159.137,159.367
1209,GBP_JPY,2023-02-02T06:00:00.000000000Z,6504,159.329,159.536,159.310,159.325,159.345,159.550,159.324,159.342,159.361,159.565,159.339,159.358
1210,GBP_JPY,2023-02-02T07:00:00.000000000Z,10316,159.320,159.393,159.177,159.181,159.335,159.406,159.194,159.196,159.350,159.420,159.210,159.211
1211,GBP_JPY,2023-02-02T08:00:00.000000000Z,14768,159.178,159.603,159.175,159.438,159.193,159.622,159.192,159.454,159.208,159.640,159.207,159.469
1212,GBP_JPY,2023-02-02T09:00:00.000000000Z,13812,159.435,159.444,158.975,159.137,159.450,159.460,158.988,159.152,159.466,159.476,159.001,159.167
1213,GBP_JPY,2023-02-02T10:00:00.000000000Z,11697,159.137,159.159,158.725,158.750,159.152,159.173,158.740,158.764,159.166,159.187,158.756,158.777
1214,GBP_JPY,2023-02-02T11:00:00.000000000Z,11011,158.748,158.830,158.635,158.664,158.762,158.850,158.650,158.739,158.776,158.870,158.665,158.814
1215,GBP_JPY,2023-02-02T12:00:00.000000000Z,25074,158.677,159.330,157.507,157.830,158.752,159.375,157.552,157.847,158.827,159.427,157.571,157.864
1216,GBP_JPY,2023-02-02T13:00:00.000000000Z,25686,157.831,158.139,157.742,157.962,157.846,158.164,157.769,157.976,157.862,158.196,157.794,157.990
1217,GBP_JPY,2023-02-02T14:00:00.000000000Z,25226,157.963,158.033,157.699,157.900,157.976,158.048,157.714,157.932,157.990,158.062,157.729,157.963
1218,GBP_JPY,2023-02-02T15:00:00.000000000Z,21068,157.906,158.061,157.650,157.849,157.936,158.082,157.666,157.863,157.967,158.104,157.683,157.877
1219,GBP_JPY,2023-02-02T16:00:00.000000000Z,16222,157.850,157.883,157.374,157.450,157.863,157.896,157.390,157.465,157.876,157.913,157.404,157.480
1220,GBP_JPY,2023-02-02T17:00:00.000000000Z,11550,157.448,157.478,157.193,157.306,157.464,157.493,157.208,157.321,157.480,157.508,157.222,157.336
1221,GBP_JPY,2023-02-02T18:00:00.000000000Z,9451,157.310,157.468,157.170,157.451,157.324,157.483,157.187,157.466,157.338,157.498,157.202,157.481
1222,GBP_JPY,2023-02-02T19:00:00.000000000Z,13033,157.449,157.470,157.308,157.338,157.464,157.486,157.322,157.352,157.479,157.502,157.337,157.365
1223,GBP_JPY,2023-02-02T20:00:00.000000000Z,11421,157.341,157.569,157.325,157.556,157.353,157.582,157.338,157.569,157.365,157.596,157.351,157.582
1224,GBP_JPY,2023-02-02T21:00:00.000000000Z,9960,157.555,157.564,157.293,157.323,157.568,157.576,157.318,157.351,157.582,157.589,157.342,157.379
1225,GBP_JPY,2023-02-02T22:00:00.000000000Z,6250,157.257,157.312,157.226,157.248,157.332,157.365,157.300,157.300,157.407,157.440,157.353,157.353
1226,GBP_JPY,2023-02-02T23:00:00.000000000Z,5432,157.240,157.382,157.233,157.356,157.292,157.402,157.254,157.370,157.345,157.423,157.274,157.384
1227,GBP_JPY,2023-02-03T00:00:00.000000000Z,9762,157.357,157.381,156.956,157.057,157.372,157.394,156.974,157.070,157.387,157.408,156.990,157.082
1228,GBP_JPY,2023-02-03T01:00:00.000000000Z,7731,157.055,157.285,157.011,157.242,157.069,157.300,157.026,157.258,157.083,157.317,157.040,157.273
1229,GBP_JPY,2023-02-03T02:00:00.000000000Z,6384,157.239,157.246,156.851,156.926,157.255,157.262,156.868,156.943,157.271,157.279,156.883,156.960
1230,GBP_JPY,2023-02-03T03:00:00.000000000Z,5797,156.923,157.016,156.813,156.990,156.938,157.032,156.829,157.007,156.953,157.048,156.845,157.024
1231,GBP_JPY,2023-02-03T04:00:00.000000000Z,5330,156.992,157.050,156.918,156.938,157.008,157.066,156.936,156.954,157.024,157.084,156.951,156.969
1232,GBP_JPY,2023-02-03T05:00:00.000000000Z,6427,156.935,157.098,156.929,157.067,156.952,157.114,156.946,157.082,156.968,157.132,156.961,157.097
1233,GBP_JPY,2023-02-03T06:00:00.000000000Z,6845,157.069,157.165,157.051,157.107,157.084,157.180,157.068,157.122,157.100,157.196,157.084,157.138
1234,GBP_JPY,2023-02-03T07:00:00.000000000Z,12465,157.103,157.103,156.726,156.875,157.117,157.117,156.740,156.890,157.131,157.134,156.755,156.904
1235,GBP_JPY,2023-02-03T08:00:00.000000000Z,12173,156.876,156.979,156.718,156.964,156.890,156.992,156.734,156.976,156.904,157.006,156.749,156.987
1236,GBP_JPY,2023-02-03T09:00:00.000000000Z,11538,156.964,157.496,156.836,157.420,156.976,157.510,156.851,157.435,156.989,157.525,156.865,157.450
1237,GBP_JPY,2023-02-03T10:00:00.000000000Z,9271,157.418,157.574,157.260,157.449,157.434,157.588,157.274,157.463,157.449,157.602,157.288,157.477
1238,GBP_JPY,2023-02-03T11:00:00.000000000Z,8984,157.446,157.510,157.320,157.396,157.461,157.524,157.334,157.410,157.476,157.538,157.349,157.423
1239,GBP_JPY,2023-02-03T12:00:00.000000000Z,9613,157.397,157.471,157.243,157.257,157.410,157.486,157.257,157.269,157.422,157.501,157.271,157.281
1240,GBP_JPY,2023-02-03T13:00:00.000000000Z,27071,157.255,157.710,157.106,157.585,157.268,157.785,157.181,157.599,157.282,157.860,157.247,157.613
1241,GBP_JPY,2023-02-03T14:00:00.000000000Z,26332,157.586,158.189,157.496,158.090,157.598,158.205,157.512,158.132,157.611,158.221,157.528,158.175
1242,GBP_JPY,2023-02-03T15:00:00.000000000Z,29202,158.062,158.743,157.948,158.643,158.137,158.756,158.023,158.656,158.212,158.769,158.072,158.669
1243,GBP_JPY,2023-02-03T16:00:00.000000000Z,17506,158.650,158.688,157.986,158.222,158.662,158.701,158.000,158.235,158.674,158.715,158.014,158.248
1244,GBP_JPY,2023-02-03T17:00:00.000000000Z,12193,158.222,158.481,158.179,158.227,158.236,158.494,158.195,158.241,158.250,158.509,158.208,158.255
1245,GBP_JPY,2023-02-03T18:00:00.000000000Z,9847,158.228,158.230,158.041,158.122,158.241,158.244,158.055,158.135,158.254,158.259,158.069,158.148
1246,GBP_JPY,2023-02-03T19:00:00.000000000Z,8779,158.124,158.151,157.974,157.987,158.137,158.164,157.988,158.000,158.150,158.179,158.001,158.013
1247,GBP_JPY,2023-02-03T20:00:00.000000000Z,7862,157.985,158.073,157.959,158.023,157.998,158.083,157.973,158.036,158.011,158.096,157.986,158.050
1248,GBP_JPY,2023-02-03T21:00:00.000000000Z,4694,158.026,158.146,157.992,158.095,158.038,158.161,158.022,158.144,158.051,158.234,158.033,158.192
1249,GBP_JPY,2023-02-05T22:00:00.000000000Z,980,159.246,159.246,158.462,158.747,159.321,159.321,158.537,158.822,159.396,159.396,158.612,158.897
1250,GBP_JPY,2023-02-05T23:00:00.000000000Z,9970,158.738,159.037,158.513,159.033,158.813,159.058,158.538,159.050,158.888,159.079,158.562,159.068
1251,GBP_JPY,2023-02-06T00:00:00.000000000Z,12672,159.031,159.297,158.876,159.253,159.050,159.310,158.894,159.270,159.069,159.326,158.912,159.287
1252,GBP_JPY,2023-02-06T01:00:00.000000000Z,10529,159.244,159.314,159.079,159.277,159.261,159.330,159.096,159.294,159.278,159.348,159.113,159.310
1253,GBP_JPY,2023-02-06T02:00:00.000000000Z,10309,159.279,159.421,158.841,159.156,159.296,159.436,158.870,159.172,159.312,159.496,158.896,159.189
1254,GBP_JPY,2023-02-06T03:00:00.000000000Z,7623,159.157,159.218,158.872,158.967,159.174,159.236,158.889,158.983,159.191,159.255,158.906,158.999
1255,GBP_JPY,2023-02-06T04:00:00.000000000Z,7828,158.969,159.097,158.736,158.789,158.985,159.121,158.800,158.804,159.001,159.196,158.814,158.819
1256,GBP_JPY,2023-02-06T05:00:00.000000000Z,6051,158.793,158.957,158.709,158.957,158.806,158.973,158.724,158.972,158.820,158.989,158.740,158.987
1257,GBP_JPY,2023-02-06T06:00:00.000000000Z,5943,158.955,159.111,158.877,159.020,158.972,159.126,158.894,159.035,158.988,159.142,158.909,159.050
1258,GBP_JPY,2023-02-06T07:00:00.000000000Z,10299,159.020,159.020,158.746,158.831,159.036,159.036,158.762,158.846,159.052,159.052,158.778,158.860
1259,GBP_JPY,2023-02-06T08:00:00.000000000Z,15369,158.830,159.127,158.774,158.963,158.844,159.141,158.788,158.980,158.858,159.155,158.803,158.998
1260,GBP_JPY,2023-02-06T09:00:00.000000000Z,14690,158.962,159.123,158.787,158.806,158.980,159.140,158.802,158.822,158.998,159.156,158.815,158.837
1261,GBP_JPY,2023-02-06T10:00:00.000000000Z,13114,158.806,159.130,158.731,159.025,158.822,159.144,158.748,159.040,158.838,159.160,158.763,159.055
1262,GBP_JPY,2023-02-06T11:00:00.000000000Z,10433,159.021,159.225,158.959,159.154,159.036,159.240,158.985,159.170,159.052,159.256,159.002,159.187
1263,GBP_JPY,2023-02-06T12:00:00.000000000Z,10892,159.155,159.408,159.088,159.391,159.171,159.424,159.104,159.404,159.187,159.439,159.119,159.418
1264,GBP_JPY,2023-02-06T13:00:00.000000000Z,14295,159.395,159.757,159.347,159.700,159.408,159.772,159.362,159.715,159.422,159.788,159.377,159.730
1265,GBP_JPY,2023-02-06T14:00:00.000000000Z,17842,159.697,159.888,159.565,159.758,159.713,159.902,159.576,159.772,159.729,159.917,159.587,159.786
1266,GBP_JPY,2023-02-06T15:00:00.000000000Z,16722,159.753,159.942,159.458,159.578,159.768,159.956,159.473,159.589,159.783,159.970,159.487,159.600
1267,GBP_JPY,2023-02-06T16:00:00.000000000Z,13336,159.576,159.704,159.374,159.408,159.588,159.717,159.387,159.422,159.601,159.732,159.400,159.435
1268,GBP_JPY,2023-02-06T17:00:00.000000000Z,9662,159.409,159.650,159.340,159.478,159.423,159.666,159.354,159.490,159.437,159.681,159.368,159.501
1269,GBP_JPY,2023-02-06T18:00:00.000000000Z,7477,159.478,159.541,159.404,159.450,159.490,159.553,159.417,159.464,159.503,159.567,159.430,159.478
1270,GBP_JPY,2023-02-06T19:00:00.000000000Z,7475,159.452,159.503,159.314,159.322,159.466,159.516,159.327,159.336,159.480,159.530,159.340,159.350
1271,GBP_JPY,2023-02-06T20:00:00.000000000Z,8613,159.323,159.523,159.301,159.438,159.338,159.536,159.314,159.453,159.352,159.551,159.326,159.468
1272,GBP_JPY,2023-02-06T21:00:00.000000000Z,5183,159.441,159.483,159.366,159.425,159.456,159.495,159.380,159.448,159.471,159.508,159.393,159.471
1273,GBP_JPY,2023-02-06T22:00:00.000000000Z,4192,159.422,159.465,159.285,159.358,159.497,159.540,159.360,159.404,159.572,159.615,159.435,159.450
1274,GBP_JPY,2023-02-06T23:00:00.000000000Z,3039,159.352,159.562,159.332,159.486,159.400,159.580,159.371,159.502,159.447,159.599,159.387,159.518
1275,GBP_JPY,2023-02-07T00:00:00.000000000Z,6711,159.484,159.544,159.276,159.513,159.500,159.558,159.290,159.528,159.516,159.571,159.304,159.544
1276,GBP_JPY,2023-02-07T01:00:00.000000000Z,6601,159.513,159.562,159.334,159.434,159.528,159.576,159.350,159.450,159.543,159.592,159.366,159.466
1277,GBP_JPY,2023-02-07T02:00:00.000000000Z,4597,159.435,159.495,159.337,159.495,159.450,159.510,159.350,159.510,159.465,159.526,159.363,159.524
1278,GBP_JPY,2023-02-07T03:00:00.000000000Z,6784,159.495,159.495,159.253,159.325,159.510,159.510,159.270,159.342,159.526,159.526,159.286,159.359
1279,GBP_JPY,2023-02-07T04:00:00.000000000Z,4882,159.323,159.396,159.206,159.252,159.339,159.410,159.221,159.267,159.355,159.425,159.236,159.282
1280,GBP_JPY,2023-02-07T05:00:00.000000000Z,4886,159.252,159.405,159.221,159.340,159.266,159.420,159.236,159.354,159.280,159.436,159.250,159.369
1281,GBP_JPY,2023-02-07T06:00:00.000000000Z,6932,159.336,159.340,159.044,159.071,159.350,159.354,159.058,159.086,159.365,159.369,159.072,159.102
1282,GBP_JPY,2023-02-07T07:00:00.000000000Z,10597,159.073,159.090,158.779,158.887,159.088,159.106,158.796,158.904,159.104,159.121,158.812,158.920
1283,GBP_JPY,2023-02-07T08:00:00.000000000Z,17936,158.889,158.974,158.364,158.544,158.906,158.990,158.379,158.560,158.922,159.005,158.394,158.576
1284,GBP_JPY,2023-02-07T09:00:00.000000000Z,13966,158.541,158.649,158.223,158.226,158.556,158.664,158.236,158.238,158.572,158.679,158.250,158.251
1285,GBP_JPY,2023-02-07T10:00:00.000000000Z,12015,158.229,158.367,158.109,158.282,158.240,158.380,158.123,158.296,158.251,158.396,158.137,158.310
1286,GBP_JPY,2023-02-07T11:00:00.000000000Z,13265,158.281,158.437,158.205,158.378,158.294,158.452,158.222,158.394,158.308,158.466,158.237,158.411
1287,GBP_JPY,2023-02-07T12:00:00.000000000Z,11994,158.376,158.399,158.203,158.217,158.392,158.415,158.219,158.232,158.407,158.431,158.234,158.248
1288,GBP_JPY,2023-02-07T13:00:00.000000000Z,16584,158.224,158.259,157.846,157.985,158.238,158.276,157.862,158.000,158.253,158.293,157.879,158.015
1289,GBP_JPY,2023-02-07T14:00:00.000000000Z,16214,157.986,158.151,157.838,158.068,158.002,158.166,157.852,158.082,158.018,158.181,157.867,158.096
1290,GBP_JPY,2023-02-07T15:00:00.000000000Z,17777,158.067,158.162,157.579,157.627,158.082,158.176,157.592,157.640,158.097,158.191,157.605,157.652
1291,GBP_JPY,2023-02-07T16:00:00.000000000Z,16445,157.629,157.855,157.522,157.786,157.642,157.868,157.538,157.800,157.655,157.883,157.554,157.815
1292,GBP_JPY,2023-02-07T17:00:00.000000000Z,21418,157.789,157.853,157.598,157.772,157.802,157.872,157.614,157.788,157.816,157.891,157.629,157.805
1293,GBP_JPY,2023-02-07T18:00:00.000000000Z,31007,157.775,157.814,157.418,157.734,157.792,157.832,157.434,157.748,157.808,157.850,157.449,157.761
1294,GBP_JPY,2023-02-07T19:00:00.000000000Z,17367,157.735,158.008,157.728,157.741,157.748,158.022,157.742,157.755,157.760,158.039,157.756,157.769
1295,GBP_JPY,2023-02-07T20:00:00.000000000Z,9951,157.742,157.945,157.742,157.817,157.755,157.959,157.754,157.832,157.768,157.974,157.766,157.848
1296,GBP_JPY,2023-02-07T21:00:00.000000000Z,4981,157.816,157.976,157.804,157.890,157.830,157.994,157.819,157.910,157.844,158.013,157.833,157.930
1297,GBP_JPY,2023-02-07T22:00:00.000000000Z,8812,157.826,157.957,157.722,157.888,157.901,157.990,157.797,157.928,157.976,158.023,157.872,157.967
1298,GBP_JPY,2023-02-07T23:00:00.000000000Z,4999,157.894,157.983,157.887,157.966,157.934,158.001,157.904,157.983,157.973,158.019,157.921,158.000
1299,GBP_JPY,2023-02-08T00:00:00.000000000Z,7225,157.966,157.999,157.600,157.753,157.982,158.015,157.616,157.768,157.999,158.032,157.631,157.782
1300,GBP_JPY,2023-02-08T01:00:00.000000000Z,9502,157.752,158.092,157.700,158.047,157.768,158.108,157.716,158.064,157.783,158.125,157.733,158.081
1301,GBP_JPY,2023-02-08T02:00:00.000000000Z,9310,158.047,158.236,158.047,158.116,158.065,158.254,158.064,158.132,158.083,158.272,158.082,158.149
1302,GBP_JPY,2023-02-08T03:00:00.000000000Z,5961,158.120,158.139,157.987,158.059,158.136,158.156,158.004,158.076,158.151,158.175,158.022,158.094
1303,GBP_JPY,2023-02-08T04:00:00.000000000Z,6621,158.063,158.112,157.949,158.091,158.080,158.126,157.970,158.106,158.097,158.142,157.989,158.121
1304,GBP_JPY,2023-02-08T05:00:00.000000000Z,5033,158.093,158.127,157.956,158.003,158.106,158.142,157.972,158.020,158.119,158.159,157.987,158.036
1305,GBP_JPY,2023-02-08T06:00:00.000000000Z,7624,158.001,158.115,157.920,158.017,158.018,158.130,157.938,158.032,158.034,158.146,157.954,158.047
1306,GBP_JPY,2023-02-08T07:00:00.000000000Z,14337,158.015,158.401,158.009,158.357,158.031,158.415,158.026,158.370,158.047,158.429,158.043,158.383
1307,GBP_JPY,2023-02-08T08:00:00.000000000Z,17505,158.354,158.418,158.064,158.116,158.369,158.433,158.080,158.130,158.384,158.448,158.095,158.145
1308,GBP_JPY,2023-02-08T09:00:00.000000000Z,13010,158.111,158.307,158.039,158.172,158.127,158.321,158.054,158.187,158.143,158.336,158.069,158.202
1309,GBP_JPY,2023-02-08T10:00:00.000000000Z,11298,158.169,158.304,158.130,158.190,158.184,158.319,158.144,158.205,158.200,158.334,158.158,158.220
1310,GBP_JPY,2023-02-08T11:00:00.000000000Z,8607,158.189,158.252,158.027,158.223,158.204,158.266,158.044,158.240,158.220,158.282,158.058,158.258
1311,GBP_JPY,2023-02-08T12:00:00.000000000Z,8844,158.222,158.458,158.194,158.425,158.240,158.474,158.208,158.441,158.258,158.491,158.222,158.457
1312,GBP_JPY,2023-02-08T13:00:00.000000000Z,12636,158.427,158.670,158.410,158.583,158.442,158.684,158.426,158.598,158.457,158.699,158.442,158.613
1313,GBP_JPY,2023-02-08T14:00:00.000000000Z,17078,158.585,158.672,158.493,158.542,158.600,158.684,158.508,158.556,158.615,158.701,158.523,158.570
1314,GBP_JPY,2023-02-08T15:00:00.000000000Z,16525,158.537,158.825,158.408,158.768,158.552,158.836,158.421,158.780,158.567,158.848,158.434,158.793
1315,GBP_JPY,2023-02-08T16:00:00.000000000Z,13563,158.767,158.767,158.532,158.710,158.779,158.779,158.544,158.724,158.791,158.791,158.556,158.739
1316,GBP_JPY,2023-02-08T17:00:00.000000000Z,9623,158.708,158.723,158.531,158.602,158.722,158.738,158.546,158.616,158.737,158.752,158.560,158.631
1317,GBP_JPY,2023-02-08T18:00:00.000000000Z,12004,158.600,158.647,158.497,158.628,158.614,158.661,158.512,158.642,158.629,158.676,158.526,158.657
1318,GBP_JPY,2023-02-08T19:00:00.000000000Z,8742,158.630,158.647,158.513,158.561,158.644,158.660,158.527,158.575,158.657,158.673,158.540,158.589
1319,GBP_JPY,2023-02-08T20:00:00.000000000Z,7262,158.559,158.651,158.483,158.612,158.573,158.663,158.498,158.625,158.587,158.676,158.511,158.638
1320,GBP_JPY,2023-02-08T21:00:00.000000000Z,4121,158.608,158.676,158.531,158.658,158.621,158.692,158.545,158.674,158.634,158.715,158.557,158.691
1321,GBP_JPY,2023-02-08T22:00:00.000000000Z,8365,158.533,158.582,158.457,158.461,158.608,158.641,158.526,158.530,158.683,158.704,158.589,158.599
1322,GBP_JPY,2023-02-08T23:00:00.000000000Z,6847,158.454,158.603,158.438,158.578,158.517,158.622,158.492,158.598,158.580,158.640,158.519,158.618
1323,GBP_JPY,2023-02-09T00:00:00.000000000Z,8438,158.580,158.729,158.409,158.635,158.599,158.743,158.428,158.652,158.618,158.757,158.448,158.668
1324,GBP_JPY,2023-02-09T01:00:00.000000000Z,10795,158.636,158.997,158.615,158.808,158.652,159.014,158.632,158.824,158.668,159.033,158.648,158.841
1325,GBP_JPY,2023-02-09T02:00:00.000000000Z,6887,158.805,158.877,158.727,158.760,158.822,158.888,158.744,158.776,158.838,158.900,158.760,158.793
1326,GBP_JPY,2023-02-09T03:00:00.000000000Z,5117,158.761,158.771,158.648,158.736,158.777,158.787,158.662,158.752,158.793,158.804,158.677,158.767
1327,GBP_JPY,2023-02-09T04:00:00.000000000Z,4481,158.736,158.868,158.646,158.835,158.752,158.884,158.665,158.850,158.768,158.899,158.682,158.866
1328,GBP_JPY,2023-02-09T05:00:00.000000000Z,8389,158.835,159.134,158.040,158.799,158.850,159.162,158.115,158.818,158.865,159.233,158.190,158.836
1329,GBP_JPY,2023-02-09T06:00:00.000000000Z,8811,158.800,158.904,158.611,158.809,158.820,158.918,158.632,158.826,158.840,158.934,158.654,158.843
1330,GBP_JPY,2023-02-09T07:00:00.000000000Z,13242,158.810,158.943,158.591,158.608,158.826,158.959,158.606,158.624,158.842,158.976,158.619,158.640
1331,GBP_JPY,2023-02-09T08:00:00.000000000Z,14474,158.607,158.945,158.457,158.774,158.622,158.960,158.472,158.789,158.637,158.975,158.487,158.804
1332,GBP_JPY,2023-02-09T09:00:00.000000000Z,11613,158.773,158.900,158.671,158.842,158.790,158.916,158.686,158.858,158.806,158.933,158.702,158.873
1333,GBP_JPY,2023-02-09T10:00:00.000000000Z,11163,158.840,159.087,158.756,158.973,158.856,159.102,158.773,158.988,158.871,159.117,158.790,159.002
1334,GBP_JPY,2023-02-09T11:00:00.000000000Z,9733,158.970,159.091,158.891,159.019,158.986,159.106,158.906,159.032,159.002,159.121,158.920,159.046
1335,GBP_JPY,2023-02-09T12:00:00.000000000Z,10492,159.016,159.143,158.862,159.043,159.030,159.156,158.877,159.059,159.045,159.172,158.892,159.075
1336,GBP_JPY,2023-02-09T13:00:00.000000000Z,16093,159.044,159.123,158.832,158.977,159.059,159.138,158.848,158.991,159.074,159.154,158.862,159.005
1337,GBP_JPY,2023-02-09T14:00:00.000000000Z,16402,158.975,159.160,158.915,159.094,158.990,159.172,158.930,159.105,159.006,159.184,158.945,159.116
1338,GBP_JPY,2023-02-09T15:00:00.000000000Z,14153,159.093,159.325,159.093,159.311,159.105,159.336,159.105,159.323,159.117,159.347,159.117,159.335
1339,GBP_JPY,2023-02-09T16:00:00.000000000Z,14981,159.311,159.407,159.110,159.217,159.322,159.419,159.125,159.231,159.333,159.433,159.139,159.245
1340,GBP_JPY,2023-02-09T17:00:00.000000000Z,10078,159.214,159.324,159.111,159.234,159.230,159.344,159.126,159.248,159.245,159.364,159.140,159.263
1341,GBP_JPY,2023-02-09T18:00:00.000000000Z,11757,159.233,159.425,159.200,159.416,159.248,159.438,159.216,159.430,159.264,159.453,159.230,159.444
1342,GBP_JPY,2023-02-09T19:00:00.000000000Z,11242,159.414,159.492,159.319,159.432,159.428,159.505,159.332,159.445,159.442,159.519,159.345,159.458
1343,GBP_JPY,2023-02-09T20:00:00.000000000Z,8783,159.431,159.497,159.329,159.467,159.445,159.509,159.342,159.481,159.459,159.522,159.356,159.495
1344,GBP_JPY,2023-02-09T21:00:00.000000000Z,6086,159.466,159.497,159.359,159.367,159.480,159.510,159.375,159.386,159.495,159.525,159.388,159.404
1345,GBP_JPY,2023-02-09T22:00:00.000000000Z,9745,159.391,159.509,159.195,159.297,159.466,159.584,159.270,159.372,159.541,159.659,159.345,159.447
1346,GBP_JPY,2023-02-09T23:00:00.000000000Z,6516,159.307,159.378,159.196,159.327,159.382,159.397,159.227,159.346,159.457,159.458,159.258,159.364
1347,GBP_JPY,2023-02-10T00:00:00.000000000Z,9784,159.331,159.577,159.285,159.391,159.348,159.594,159.302,159.408,159.366,159.610,159.318,159.424
1348,GBP_JPY,2023-02-10T01:00:00.000000000Z,10352,159.393,159.622,159.362,159.381,159.409,159.638,159.380,159.397,159.425,159.655,159.396,159.413
1349,GBP_JPY,2023-02-10T02:00:00.000000000Z,6543,159.383,159.415,159.184,159.252,159.400,159.431,159.201,159.269,159.417,159.447,159.218,159.286
1350,GBP_JPY,2023-02-10T03:00:00.000000000Z,7307,159.251,159.323,159.158,159.316,159.267,159.340,159.176,159.330,159.283,159.357,159.192,159.344
1351,GBP_JPY,2023-02-10T04:00:00.000000000Z,7535,159.315,159.357,159.207,159.276,159.330,159.372,159.224,159.293,159.345,159.389,159.238,159.310
1352,GBP_JPY,2023-02-10T05:00:00.000000000Z,9687,159.274,159.409,159.020,159.181,159.292,159.426,159.094,159.198,159.311,159.444,159.147,159.215
1353,GBP_JPY,2023-02-10T06:00:00.000000000Z,9002,159.178,159.310,159.107,159.259,159.196,159.326,159.125,159.282,159.215,159.343,159.142,159.304
1354,GBP_JPY,2023-02-10T07:00:00.000000000Z,23527,159.252,159.329,158.010,158.094,159.274,159.346,158.030,158.114,159.295,159.362,158.049,158.133
1355,GBP_JPY,2023-02-10T08:00:00.000000000Z,23706,158.093,158.112,157.521,158.092,158.113,158.130,157.539,158.110,158.133,158.150,157.557,158.129
1356,GBP_JPY,2023-02-10T09:00:00.000000000Z,22046,158.090,159.159,158.019,158.416,158.110,159.180,158.037,158.436,158.129,159.204,158.054,158.455
1357,GBP_JPY,2023-02-10T10:00:00.000000000Z,12392,158.416,158.588,158.291,158.533,158.435,158.603,158.310,158.550,158.454,158.618,158.329,158.567
1358,GBP_JPY,2023-02-10T11:00:00.000000000Z,11491,158.542,158.678,158.236,158.414,158.558,158.692,158.252,158.430,158.574,158.706,158.268,158.445
1359,GBP_JPY,2023-02-10T12:00:00.000000000Z,10994,158.414,158.673,158.264,158.302,158.430,158.688,158.280,158.317,158.446,158.703,158.294,158.332
1360,GBP_JPY,2023-02-10T13:00:00.000000000Z,16306,158.301,158.430,158.150,158.314,158.316,158.445,158.166,158.330,158.332,158.461,158.182,158.345
1361,GBP_JPY,2023-02-10T14:00:00.000000000Z,17390,158.314,158.787,158.242,158.618,158.330,158.800,158.260,158.681,158.346,158.815,158.277,158.744
1362,GBP_JPY,2023-02-10T15:00:00.000000000Z,20497,158.610,158.945,158.472,158.580,158.678,158.960,158.485,158.594,158.747,158.975,158.498,158.607
1363,GBP_JPY,2023-02-10T16:00:00.000000000Z,12965,158.575,158.825,158.559,158.578,158.588,158.840,158.572,158.592,158.602,158.856,158.586,158.607
1364,GBP_JPY,2023-02-10T17:00:00.000000000Z,9644,158.577,158.636,158.359,158.431,158.592,158.650,158.373,158.442,158.607,158.666,158.386,158.454
1365,GBP_JPY,2023-02-10T18:00:00.000000000Z,7290,158.432,158.623,158.424,158.554,158.445,158.638,158.438,158.568,158.458,158.653,158.452,158.582
1366,GBP_JPY,2023-02-10T19:00:00.000000000Z,8033,158.555,158.590,158.409,158.448,158.568,158.602,158.424,158.462,158.582,158.616,158.437,158.476
1367,GBP_JPY,2023-02-10T20:00:00.000000000Z,7380,158.449,158.457,158.364,158.398,158.464,158.472,158.378,158.410,158.478,158.487,158.391,158.423
1368,GBP_JPY,2023-02-10T21:00:00.000000000Z,5418,158.400,158.505,158.149,158.397,158.414,158.580,158.224,158.472,158.428,158.655,158.299,158.547
1369,GBP_JPY,2023-02-12T22:00:00.000000000Z,150,158.397,158.512,158.382,158.394,158.472,158.587,158.457,158.469,158.547,158.662,158.532,158.544
1370,GBP_JPY,2023-02-12T23:00:00.000000000Z,6097,158.389,158.630,158.348,158.523,158.464,158.648,158.415,158.539,158.539,158.667,158.435,158.555
1371,GBP_JPY,2023-02-13T00:00:00.000000000Z,8430,158.526,158.680,158.403,158.664,158.542,158.698,158.421,158.682,158.557,158.715,158.439,158.700
1372,GBP_JPY,2023-02-13T01:00:00.000000000Z,10919,158.662,158.786,158.576,158.639,158.682,158.805,158.596,158.654,158.701,158.824,158.612,158.670
1373,GBP_JPY,2023-02-13T02:00:00.000000000Z,8879,158.638,158.776,158.624,158.712,158.654,158.792,158.642,158.728,158.671,158.809,158.660,158.745
1374,GBP_JPY,2023-02-13T03:00:00.000000000Z,7329,158.713,159.112,158.712,158.966,158.728,159.130,158.728,158.984,158.744,159.148,158.744,159.002
1375,GBP_JPY,2023-02-13T04:00:00.000000000Z,7016,158.967,159.168,158.963,159.135,158.984,159.185,158.980,159.151,159.002,159.204,158.997,159.167
1376,GBP_JPY,2023-02-13T05:00:00.000000000Z,7668,159.131,159.255,159.090,159.212,159.146,159.272,159.106,159.228,159.161,159.289,159.123,159.245
1377,GBP_JPY,2023-02-13T06:00:00.000000000Z,9243,159.211,159.444,159.153,159.325,159.230,159.458,159.168,159.342,159.248,159.473,159.184,159.358
1378,GBP_JPY,2023-02-13T07:00:00.000000000Z,11407,159.320,159.429,159.213,159.384,159.336,159.446,159.228,159.399,159.353,159.464,159.244,159.414
1379,GBP_JPY,2023-02-13T08:00:00.000000000Z,13593,159.382,159.608,159.361,159.527,159.398,159.622,159.376,159.541,159.415,159.637,159.390,159.555
1380,GBP_JPY,2023-02-13T09:00:00.000000000Z,11196,159.526,159.870,159.477,159.715,159.544,159.884,159.492,159.728,159.561,159.898,159.508,159.742
1381,GBP_JPY,2023-02-13T10:00:00.000000000Z,9313,159.714,159.735,159.507,159.611,159.729,159.751,159.522,159.624,159.744,159.767,159.536,159.638
1382,GBP_JPY,2023-02-13T11:00:00.000000000Z,9362,159.610,160.002,159.586,159.979,159.624,160.018,159.601,159.994,159.639,160.035,159.615,160.010
1383,GBP_JPY,2023-02-13T12:00:00.000000000Z,10390,159.980,160.442,159.971,160.312,159.996,160.456,159.986,160.328,160.013,160.470,160.001,160.343
1384,GBP_JPY,2023-02-13T13:00:00.000000000Z,13854,160.307,160.560,160.262,160.409,160.322,160.578,160.279,160.422,160.338,160.597,160.293,160.435
1385,GBP_JPY,2023-02-13T14:00:00.000000000Z,16988,160.410,160.668,160.331,160.604,160.424,160.681,160.344,160.620,160.437,160.694,160.358,160.635
1386,GBP_JPY,2023-02-13T15:00:00.000000000Z,14838,160.606,161.169,160.544,161.163,160.620,161.182,160.558,161.176,160.634,161.195,160.571,161.190
1387,GBP_JPY,2023-02-13T16:00:00.000000000Z,11702,161.163,161.186,160.974,161.045,161.176,161.196,160.988,161.058,161.189,161.209,161.001,161.070
1388,GBP_JPY,2023-02-13T17:00:00.000000000Z,7860,161.043,161.049,160.763,160.873,161.058,161.062,160.777,160.888,161.072,161.078,160.791,160.902
1389,GBP_JPY,2023-02-13T18:00:00.000000000Z,6882,160.879,160.971,160.708,160.936,160.892,160.985,160.724,160.950,160.905,161.001,160.737,160.963
1390,GBP_JPY,2023-02-13T19:00:00.000000000Z,6776,160.939,160.945,160.678,160.694,160.952,160.956,160.692,160.709,160.966,160.969,160.706,160.724
1391,GBP_JPY,2023-02-13T20:00:00.000000000Z,7821,160.695,160.699,160.531,160.555,160.709,160.712,160.546,160.570,160.723,160.727,160.560,160.585
1392,GBP_JPY,2023-02-13T21:00:00.000000000Z,3725,160.554,160.742,160.510,160.736,160.570,160.764,160.526,160.758,160.586,160.786,160.543,160.779
1393,GBP_JPY,2023-02-13T22:00:00.000000000Z,1539,160.665,160.740,160.569,160.625,160.740,160.790,160.644,160.700,160.815,160.847,160.719,160.775
1394,GBP_JPY,2023-02-13T23:00:00.000000000Z,6853,160.630,160.810,160.539,160.782,160.705,160.824,160.558,160.798,160.780,160.848,160.578,160.815
1395,GBP_JPY,2023-02-14T00:00:00.000000000Z,8580,160.782,160.801,160.465,160.504,160.799,160.818,160.482,160.522,160.816,160.834,160.498,160.539
1396,GBP_JPY,2023-02-14T01:00:00.000000000Z,9866,160.505,160.541,160.260,160.312,160.522,160.558,160.278,160.328,160.539,160.576,160.295,160.344
1397,GBP_JPY,2023-02-14T02:00:00.000000000Z,9092,160.308,160.500,160.196,160.467,160.324,160.516,160.220,160.483,160.341,160.533,160.242,160.499
1398,GBP_JPY,2023-02-14T03:00:00.000000000Z,5408,160.468,160.468,160.323,160.356,160.483,160.483,160.342,160.375,160.498,160.499,160.360,160.394
1399,GBP_JPY,2023-02-14T04:00:00.000000000Z,5690,160.358,160.384,160.281,160.315,160.376,160.402,160.300,160.332,160.393,160.422,160.318,160.349
1400,GBP_JPY,2023-02-14T05:00:00.000000000Z,8087,160.316,160.324,160.093,160.161,160.332,160.339,160.110,160.176,160.348,160.354,160.128,160.190
1401,GBP_JPY,2023-02-14T06:00:00.000000000Z,9002,160.168,160.326,160.103,160.227,160.182,160.342,160.118,160.276,160.197,160.359,160.132,160.325
1402,GBP_JPY,2023-02-14T07:00:00.000000000Z,15027,160.233,160.562,160.233,160.314,160.281,160.578,160.256,160.330,160.329,160.594,160.271,160.345
1403,GBP_JPY,2023-02-14T08:00:00.000000000Z,12847,160.326,160.736,160.294,160.719,160.340,160.750,160.310,160.732,160.354,160.765,160.324,160.744
1404,GBP_JPY,2023-02-14T09:00:00.000000000Z,12930,160.719,160.900,160.597,160.893,160.730,160.915,160.613,160.910,160.742,160.931,160.629,160.926
1405,GBP_JPY,2023-02-14T10:00:00.000000000Z,11289,160.895,161.371,160.884,161.192,160.910,161.389,160.898,161.207,160.926,161.407,160.911,161.222
1406,GBP_JPY,2023-02-14T11:00:00.000000000Z,12794,161.190,161.459,161.185,161.333,161.205,161.474,161.202,161.348,161.220,161.489,161.218,161.362
1407,GBP_JPY,2023-02-14T12:00:00.000000000Z,14696,161.335,161.417,161.195,161.202,161.348,161.432,161.208,161.216,161.362,161.446,161.222,161.229
1408,GBP_JPY,2023-02-14T13:00:00.000000000Z,30615,161.202,161.686,161.056,161.484,161.216,161.704,161.131,161.502,161.231,161.723,161.187,161.519
1409,GBP_JPY,2023-02-14T14:00:00.000000000Z,34434,161.486,161.760,161.174,161.733,161.504,161.774,161.192,161.752,161.522,161.788,161.211,161.770
1410,GBP_JPY,2023-02-14T15:00:00.000000000Z,24865,161.736,161.979,161.407,161.453,161.754,161.994,161.424,161.466,161.771,162.011,161.440,161.478
1411,GBP_JPY,2023-02-14T16:00:00.000000000Z,21928,161.455,161.740,161.413,161.727,161.466,161.756,161.428,161.741,161.478,161.772,161.441,161.755
1412,GBP_JPY,2023-02-14T17:00:00.000000000Z,14283,161.726,162.168,161.718,161.965,161.741,162.183,161.734,161.979,161.756,162.198,161.749,161.993
1413,GBP_JPY,2023-02-14T18:00:00.000000000Z,13728,161.967,162.058,161.873,161.978,161.980,162.072,161.888,161.992,161.993,162.085,161.904,162.007
1414,GBP_JPY,2023-02-14T19:00:00.000000000Z,11006,161.981,161.999,161.847,161.970,161.996,162.012,161.862,161.984,162.010,162.027,161.877,161.997
1415,GBP_JPY,2023-02-14T20:00:00.000000000Z,8804,161.965,162.015,161.871,161.988,161.980,162.028,161.886,162.003,161.995,162.042,161.899,162.018
1416,GBP_JPY,2023-02-14T21:00:00.000000000Z,4263,161.988,162.055,161.927,162.033,162.002,162.074,161.942,162.056,162.016,162.104,161.958,162.079
1417,GBP_JPY,2023-02-14T22:00:00.000000000Z,9796,162.029,162.029,161.908,161.962,162.104,162.104,161.958,162.008,162.179,162.179,162.006,162.053
1418,GBP_JPY,2023-02-14T23:00:00.000000000Z,5698,161.976,162.039,161.855,161.886,162.022,162.068,161.875,161.904,162.067,162.099,161.894,161.921
1419,GBP_JPY,2023-02-15T00:00:00.000000000Z,7659,161.884,161.965,161.567,161.626,161.902,161.981,161.586,161.644,161.919,162.000,161.604,161.661
1420,GBP_JPY,2023-02-15T01:00:00.000000000Z,6877,161.624,161.746,161.311,161.343,161.642,161.764,161.328,161.358,161.661,161.783,161.344,161.372
1421,GBP_JPY,2023-02-15T02:00:00.000000000Z,7738,161.349,161.399,161.327,161.377,161.364,161.411,161.343,161.392,161.380,161.425,161.356,161.406
1422,GBP_JPY,2023-02-15T03:00:00.000000000Z,6010,161.376,161.643,161.353,161.599,161.390,161.658,161.368,161.615,161.404,161.674,161.383,161.631
1423,GBP_JPY,2023-02-15T04:00:00.000000000Z,5203,161.598,161.790,161.584,161.774,161.615,161.806,161.600,161.791,161.632,161.822,161.616,161.808
1424,GBP_JPY,2023-02-15T05:00:00.000000000Z,5514,161.773,161.797,161.632,161.694,161.791,161.813,161.649,161.710,161.809,161.830,161.666,161.726
1425,GBP_JPY,2023-02-15T06:00:00.000000000Z,8416,161.694,161.860,161.583,161.825,161.711,161.878,161.598,161.850,161.728,161.896,161.612,161.875
1426,GBP_JPY,2023-02-15T07:00:00.000000000Z,16521,161.827,161.846,161.090,161.103,161.861,161.878,161.106,161.118,161.895,161.909,161.123,161.132
1427,GBP_JPY,2023-02-15T08:00:00.000000000Z,16557,161.103,161.485,160.964,161.447,161.117,161.500,160.980,161.464,161.131,161.516,160.995,161.480
1428,GBP_JPY,2023-02-15T09:00:00.000000000Z,12225,161.451,161.505,161.144,161.308,161.466,161.520,161.161,161.324,161.482,161.539,161.176,161.340
1429,GBP_JPY,2023-02-15T10:00:00.000000000Z,11405,161.306,161.329,160.942,160.944,161.322,161.342,160.957,160.959,161.338,161.358,160.971,160.974
1430,GBP_JPY,2023-02-15T11:00:00.000000000Z,9588,160.948,161.153,160.874,160.877,160.962,161.166,160.890,160.892,160.976,161.182,160.906,160.907
1431,GBP_JPY,2023-02-15T12:00:00.000000000Z,11650,160.879,161.091,160.846,160.979,160.894,161.106,160.861,160.994,160.910,161.121,160.875,161.009
1432,GBP_JPY,2023-02-15T13:00:00.000000000Z,24110,160.991,161.230,160.732,160.858,161.006,161.248,160.807,160.874,161.021,161.266,160.879,160.889
1433,GBP_JPY,2023-02-15T14:00:00.000000000Z,22689,160.856,161.028,160.772,160.845,160.872,161.045,160.788,160.860,160.887,161.062,160.804,160.874
1434,GBP_JPY,2023-02-15T15:00:00.000000000Z,19474,160.851,161.205,160.832,161.149,160.866,161.218,160.848,161.163,160.880,161.235,160.864,161.177
1435,GBP_JPY,2023-02-15T16:00:00.000000000Z,13725,161.149,161.487,161.135,161.448,161.164,161.500,161.149,161.461,161.179,161.513,161.163,161.474
1436,GBP_JPY,2023-02-15T17:00:00.000000000Z,10772,161.448,161.470,161.162,161.199,161.462,161.484,161.178,161.214,161.477,161.499,161.192,161.228
1437,GBP_JPY,2023-02-15T18:00:00.000000000Z,9777,161.202,161.365,161.058,161.352,161.216,161.380,161.072,161.366,161.230,161.396,161.086,161.380
1438,GBP_JPY,2023-02-15T19:00:00.000000000Z,7300,161.356,161.370,161.242,161.282,161.370,161.384,161.254,161.294,161.384,161.399,161.266,161.305
1439,GBP_JPY,2023-02-15T20:00:00.000000000Z,7089,161.284,161.377,161.241,161.372,161.296,161.390,161.254,161.384,161.307,161.403,161.266,161.396
1440,GBP_JPY,2023-02-15T21:00:00.000000000Z,6280,161.370,161.457,161.339,161.432,161.382,161.480,161.354,161.450,161.394,161.506,161.367,161.469
1441,GBP_JPY,2023-02-15T22:00:00.000000000Z,4430,161.334,161.343,161.079,161.175,161.409,161.418,161.152,161.246,161.484,161.493,161.223,161.316
1442,GBP_JPY,2023-02-15T23:00:00.000000000Z,8138,161.185,161.294,161.084,161.170,161.252,161.347,161.112,161.187,161.319,161.407,161.138,161.204
1443,GBP_JPY,2023-02-16T00:00:00.000000000Z,11143,161.167,161.207,160.946,161.159,161.184,161.223,160.962,161.176,161.201,161.239,160.978,161.192
1444,GBP_JPY,2023-02-16T01:00:00.000000000Z,12036,161.164,161.301,161.112,161.147,161.180,161.318,161.130,161.164,161.195,161.335,161.146,161.181
1445,GBP_JPY,2023-02-16T02:00:00.000000000Z,9768,161.147,161.187,160.924,161.173,161.163,161.202,160.942,161.188,161.179,161.218,160.959,161.203
1446,GBP_JPY,2023-02-16T03:00:00.000000000Z,6768,161.172,161.210,161.051,161.139,161.188,161.226,161.068,161.156,161.203,161.242,161.083,161.174
1447,GBP_JPY,2023-02-16T04:00:00.000000000Z,5909,161.139,161.263,161.112,161.241,161.156,161.278,161.130,161.255,161.173,161.294,161.145,161.269
1448,GBP_JPY,2023-02-16T05:00:00.000000000Z,7457,161.240,161.369,161.237,161.275,161.254,161.386,161.252,161.292,161.269,161.403,161.267,161.308
1449,GBP_JPY,2023-02-16T06:00:00.000000000Z,9798,161.269,161.282,161.139,161.186,161.286,161.296,161.154,161.202,161.304,161.312,161.168,161.217
1450,GBP_JPY,2023-02-16T07:00:00.000000000Z,13287,161.185,161.286,160.983,161.147,161.202,161.303,160.998,161.163,161.218,161.320,161.011,161.179
1451,GBP_JPY,2023-02-16T08:00:00.000000000Z,15600,161.147,161.369,161.035,161.252,161.165,161.384,161.050,161.267,161.183,161.401,161.065,161.282
1452,GBP_JPY,2023-02-16T09:00:00.000000000Z,11725,161.251,161.420,161.212,161.368,161.266,161.436,161.224,161.383,161.280,161.453,161.237,161.398
1453,GBP_JPY,2023-02-16T10:00:00.000000000Z,9034,161.368,161.503,161.295,161.446,161.382,161.517,161.312,161.460,161.397,161.531,161.327,161.473
1454,GBP_JPY,2023-02-16T11:00:00.000000000Z,8418,161.444,161.483,161.253,161.264,161.458,161.496,161.267,161.278,161.471,161.509,161.281,161.292
1455,GBP_JPY,2023-02-16T12:00:00.000000000Z,9507,161.265,161.372,161.156,161.173,161.278,161.385,161.168,161.187,161.291,161.398,161.181,161.201
1456,GBP_JPY,2023-02-16T13:00:00.000000000Z,22759,161.170,161.386,160.871,160.937,161.184,161.461,160.884,160.950,161.197,161.536,160.896,160.963
1457,GBP_JPY,2023-02-16T14:00:00.000000000Z,21166,160.939,161.110,160.869,160.965,160.952,161.124,160.882,160.976,160.965,161.141,160.896,160.988
1458,GBP_JPY,2023-02-16T15:00:00.000000000Z,19342,160.965,161.257,160.809,161.197,160.978,161.273,160.822,161.211,160.990,161.289,160.834,161.225
1459,GBP_JPY,2023-02-16T16:00:00.000000000Z,15573,161.200,161.200,160.913,160.958,161.214,161.214,160.930,160.973,161.228,161.229,160.947,160.988
1460,GBP_JPY,2023-02-16T17:00:00.000000000Z,11955,160.956,161.001,160.749,160.914,160.971,161.014,160.762,160.927,160.986,161.029,160.774,160.940
1461,GBP_JPY,2023-02-16T18:00:00.000000000Z,11232,160.914,160.958,160.758,160.872,160.928,160.972,160.772,160.884,160.942,160.988,160.785,160.897
1462,GBP_JPY,2023-02-16T19:00:00.000000000Z,9556,160.871,160.903,160.673,160.756,160.886,160.914,160.684,160.768,160.900,160.925,160.696,160.781
1463,GBP_JPY,2023-02-16T20:00:00.000000000Z,16179,160.757,160.775,160.493,160.532,160.768,160.787,160.508,160.547,160.779,160.799,160.522,160.562
1464,GBP_JPY,2023-02-16T21:00:00.000000000Z,6426,160.534,160.581,160.459,160.534,160.548,160.596,160.474,160.566,160.562,160.613,160.488,160.597
1465,GBP_JPY,2023-02-16T22:00:00.000000000Z,8795,160.628,160.638,160.474,160.544,160.703,160.713,160.546,160.604,160.778,160.788,160.605,160.663
1466,GBP_JPY,2023-02-16T23:00:00.000000000Z,7309,160.564,160.672,160.501,160.529,160.620,160.690,160.524,160.547,160.677,160.707,160.544,160.565
1467,GBP_JPY,2023-02-17T00:00:00.000000000Z,8208,160.531,160.686,160.487,160.572,160.549,160.706,160.502,160.588,160.567,160.725,160.517,160.603
1468,GBP_JPY,2023-02-17T01:00:00.000000000Z,8738,160.567,160.977,160.527,160.926,160.582,160.992,160.542,160.942,160.598,161.009,160.557,160.958
1469,GBP_JPY,2023-02-17T02:00:00.000000000Z,6738,160.925,160.968,160.771,160.841,160.942,160.985,160.788,160.857,160.959,161.002,160.806,160.873
1470,GBP_JPY,2023-02-17T03:00:00.000000000Z,6031,160.838,161.005,160.820,160.971,160.856,161.019,160.834,160.987,160.873,161.034,160.846,161.003
1471,GBP_JPY,2023-02-17T04:00:00.000000000Z,5737,160.968,161.010,160.892,160.926,160.984,161.026,160.908,160.942,161.000,161.044,160.924,160.959
1472,GBP_JPY,2023-02-17T05:00:00.000000000Z,6279,160.928,161.001,160.902,160.978,160.944,161.014,160.918,160.993,160.961,161.030,160.934,161.008
1473,GBP_JPY,2023-02-17T06:00:00.000000000Z,6172,160.976,160.994,160.772,160.897,160.992,161.008,160.786,160.918,161.008,161.024,160.800,160.939
1474,GBP_JPY,2023-02-17T07:00:00.000000000Z,12889,160.886,161.048,160.832,160.910,160.907,161.068,160.844,160.924,160.928,161.087,160.856,160.939
1475,GBP_JPY,2023-02-17T08:00:00.000000000Z,14839,160.909,160.957,160.729,160.904,160.924,160.972,160.746,160.918,160.939,160.987,160.760,160.933
1476,GBP_JPY,2023-02-17T09:00:00.000000000Z,12994,160.902,161.043,160.837,161.010,160.917,161.056,160.850,161.023,160.932,161.071,160.863,161.036
1477,GBP_JPY,2023-02-17T10:00:00.000000000Z,10339,161.015,161.177,160.930,161.101,161.027,161.190,160.944,161.115,161.039,161.207,160.958,161.129
1478,GBP_JPY,2023-02-17T11:00:00.000000000Z,11836,161.104,161.250,161.038,161.148,161.117,161.262,161.051,161.162,161.130,161.278,161.063,161.175
1479,GBP_JPY,2023-02-17T12:00:00.000000000Z,12718,161.146,161.179,160.867,161.046,161.160,161.191,160.881,161.060,161.175,161.204,160.895,161.073
1480,GBP_JPY,2023-02-17T13:00:00.000000000Z,15327,161.047,161.176,160.968,161.157,161.060,161.190,160.980,161.171,161.072,161.206,160.993,161.185
1481,GBP_JPY,2023-02-17T14:00:00.000000000Z,17403,161.155,161.374,161.006,161.108,161.169,161.384,161.020,161.124,161.183,161.398,161.033,161.139
1482,GBP_JPY,2023-02-17T15:00:00.000000000Z,21248,161.110,161.485,161.067,161.169,161.124,161.500,161.082,161.182,161.139,161.514,161.096,161.195
1483,GBP_JPY,2023-02-17T16:00:00.000000000Z,15392,161.170,161.281,161.057,161.202,161.182,161.294,161.072,161.216,161.194,161.307,161.086,161.231
1484,GBP_JPY,2023-02-17T17:00:00.000000000Z,12190,161.200,161.456,161.200,161.374,161.215,161.468,161.214,161.387,161.230,161.483,161.228,161.400
1485,GBP_JPY,2023-02-17T18:00:00.000000000Z,8777,161.376,161.519,161.337,161.467,161.389,161.532,161.350,161.480,161.402,161.545,161.361,161.493
1486,GBP_JPY,2023-02-17T19:00:00.000000000Z,7699,161.466,161.588,161.425,161.576,161.480,161.602,161.439,161.589,161.493,161.615,161.452,161.602
1487,GBP_JPY,2023-02-17T20:00:00.000000000Z,6509,161.574,161.616,161.448,161.600,161.587,161.630,161.462,161.614,161.600,161.644,161.475,161.629
1488,GBP_JPY,2023-02-17T21:00:00.000000000Z,4160,161.602,161.636,161.473,161.513,161.616,161.650,161.516,161.564,161.629,161.665,161.542,161.614
1489,GBP_JPY,2023-02-19T22:00:00.000000000Z,6291,161.434,161.537,161.417,161.522,161.509,161.612,161.492,161.597,161.584,161.687,161.567,161.672
1490,GBP_JPY,2023-02-19T23:00:00.000000000Z,8585,161.553,161.585,161.458,161.548,161.628,161.628,161.482,161.565,161.703,161.703,161.504,161.582
1491,GBP_JPY,2023-02-20T00:00:00.000000000Z,10944,161.547,161.599,161.445,161.521,161.564,161.614,161.464,161.539,161.582,161.632,161.479,161.557
1492,GBP_JPY,2023-02-20T01:00:00.000000000Z,9223,161.520,161.678,161.496,161.606,161.539,161.693,161.512,161.624,161.558,161.708,161.529,161.641
1493,GBP_JPY,2023-02-20T02:00:00.000000000Z,8714,161.612,161.712,161.509,161.551,161.628,161.728,161.524,161.568,161.645,161.745,161.537,161.585
1494,GBP_JPY,2023-02-20T03:00:00.000000000Z,7425,161.551,161.587,161.414,161.418,161.568,161.603,161.430,161.432,161.584,161.620,161.446,161.446
1495,GBP_JPY,2023-02-20T04:00:00.000000000Z,8980,161.417,161.471,161.228,161.302,161.432,161.486,161.248,161.318,161.446,161.503,161.265,161.333
1496,GBP_JPY,2023-02-20T05:00:00.000000000Z,8910,161.299,161.481,161.283,161.463,161.317,161.498,161.300,161.478,161.335,161.514,161.316,161.494
1497,GBP_JPY,2023-02-20T06:00:00.000000000Z,12153,161.462,161.481,161.328,161.397,161.478,161.498,161.344,161.412,161.495,161.515,161.359,161.426
1498,GBP_JPY,2023-02-20T07:00:00.000000000Z,10014,161.397,161.585,161.350,161.544,161.412,161.600,161.366,161.558,161.427,161.616,161.381,161.571
1499,GBP_JPY,2023-02-20T08:00:00.000000000Z,12992,161.543,161.708,161.453,161.453,161.558,161.722,161.466,161.466,161.572,161.738,161.478,161.478
1500,GBP_JPY,2023-02-20T09:00:00.000000000Z,11403,161.455,161.582,161.159,161.306,161.468,161.596,161.176,161.320,161.482,161.612,161.193,161.334
1501,GBP_JPY,2023-02-20T10:00:00.000000000Z,9978,161.306,161.384,161.239,161.292,161.321,161.397,161.254,161.305,161.336,161.411,161.268,161.318
1502,GBP_JPY,2023-02-20T11:00:00.000000000Z,8628,161.291,161.357,161.167,161.220,161.303,161.372,161.182,161.234,161.315,161.387,161.196,161.249
1503,GBP_JPY,2023-02-20T12:00:00.000000000Z,8494,161.217,161.328,161.175,161.252,161.230,161.341,161.189,161.266,161.244,161.354,161.202,161.279
1504,GBP_JPY,2023-02-20T13:00:00.000000000Z,9377,161.250,161.436,161.160,161.369,161.264,161.450,161.173,161.384,161.277,161.464,161.186,161.398
1505,GBP_JPY,2023-02-20T14:00:00.000000000Z,8541,161.369,161.423,161.231,161.258,161.384,161.437,161.246,161.273,161.399,161.452,161.259,161.288
1506,GBP_JPY,2023-02-20T15:00:00.000000000Z,6883,161.258,161.308,161.198,161.232,161.272,161.321,161.212,161.244,161.286,161.335,161.225,161.256
1507,GBP_JPY,2023-02-20T16:00:00.000000000Z,4645,161.234,161.430,161.214,161.402,161.245,161.444,161.228,161.414,161.256,161.458,161.241,161.427
1508,GBP_JPY,2023-02-20T17:00:00.000000000Z,3714,161.402,161.568,161.373,161.555,161.416,161.582,161.387,161.568,161.430,161.595,161.401,161.582
1509,GBP_JPY,2023-02-20T18:00:00.000000000Z,1748,161.559,161.586,161.521,161.523,161.572,161.601,161.536,161.538,161.584,161.618,161.551,161.552
1510,GBP_JPY,2023-02-20T19:00:00.000000000Z,2555,161.527,161.630,161.523,161.628,161.542,161.644,161.538,161.643,161.556,161.659,161.552,161.658
1511,GBP_JPY,2023-02-20T20:00:00.000000000Z,4271,161.629,161.635,161.578,161.581,161.644,161.650,161.594,161.596,161.658,161.666,161.610,161.611
1512,GBP_JPY,2023-02-20T21:00:00.000000000Z,1973,161.587,161.691,161.572,161.658,161.600,161.719,161.589,161.683,161.613,161.750,161.603,161.708
1513,GBP_JPY,2023-02-20T22:00:00.000000000Z,8338,161.570,161.626,161.520,161.621,161.645,161.671,161.595,161.662,161.720,161.746,161.670,161.703
1514,GBP_JPY,2023-02-20T23:00:00.000000000Z,3141,161.623,161.709,161.558,161.707,161.663,161.728,161.594,161.726,161.703,161.748,161.625,161.746
1515,GBP_JPY,2023-02-21T00:00:00.000000000Z,8049,161.710,161.731,161.423,161.465,161.729,161.746,161.438,161.480,161.748,161.762,161.453,161.495
1516,GBP_JPY,2023-02-21T01:00:00.000000000Z,8644,161.463,161.604,161.448,161.512,161.478,161.620,161.464,161.526,161.494,161.639,161.481,161.541
1517,GBP_JPY,2023-02-21T02:00:00.000000000Z,6939,161.513,161.672,161.446,161.651,161.527,161.688,161.461,161.666,161.541,161.706,161.475,161.682
1518,GBP_JPY,2023-02-21T03:00:00.000000000Z,5628,161.654,161.681,161.562,161.613,161.670,161.696,161.578,161.629,161.687,161.712,161.593,161.645
1519,GBP_JPY,2023-02-21T04:00:00.000000000Z,4711,161.616,161.630,161.491,161.556,161.631,161.644,161.509,161.572,161.646,161.660,161.527,161.588
1520,GBP_JPY,2023-02-21T05:00:00.000000000Z,5311,161.555,161.622,161.527,161.573,161.572,161.638,161.544,161.588,161.589,161.654,161.560,161.604
1521,GBP_JPY,2023-02-21T06:00:00.000000000Z,6010,161.573,161.793,161.543,161.758,161.588,161.804,161.559,161.773,161.603,161.816,161.573,161.788
1522,GBP_JPY,2023-02-21T07:00:00.000000000Z,10442,161.760,161.770,161.516,161.700,161.774,161.784,161.532,161.714,161.787,161.798,161.547,161.728
1523,GBP_JPY,2023-02-21T08:00:00.000000000Z,17164,161.699,162.133,161.681,161.713,161.712,162.147,161.696,161.729,161.726,162.161,161.711,161.745
1524,GBP_JPY,2023-02-21T09:00:00.000000000Z,20020,161.717,162.872,161.469,162.724,161.732,162.889,161.484,162.741,161.747,162.906,161.499,162.758
1525,GBP_JPY,2023-02-21T10:00:00.000000000Z,14457,162.727,162.907,162.576,162.759,162.743,162.924,162.594,162.776,162.759,162.940,162.610,162.792
1526,GBP_JPY,2023-02-21T11:00:00.000000000Z,11022,162.756,163.043,162.712,162.994,162.772,163.055,162.728,163.007,162.789,163.069,162.744,163.020
1527,GBP_JPY,2023-02-21T12:00:00.000000000Z,10955,162.992,163.164,162.893,163.100,163.005,163.178,162.906,163.112,163.018,163.193,162.919,163.124
1528,GBP_JPY,2023-02-21T13:00:00.000000000Z,16430,163.103,163.499,163.101,163.166,163.115,163.512,163.114,163.182,163.127,163.527,163.127,163.197
1529,GBP_JPY,2023-02-21T14:00:00.000000000Z,19892,163.165,163.363,162.826,163.166,163.180,163.378,162.901,163.190,163.194,163.394,162.976,163.214
1530,GBP_JPY,2023-02-21T15:00:00.000000000Z,22106,163.163,163.748,162.986,163.588,163.189,163.760,163.002,163.600,163.215,163.775,163.019,163.613
1531,GBP_JPY,2023-02-21T16:00:00.000000000Z,15630,163.586,163.586,163.259,163.322,163.598,163.598,163.274,163.337,163.610,163.611,163.287,163.352
1532,GBP_JPY,2023-02-21T17:00:00.000000000Z,9669,163.322,163.519,163.169,163.515,163.338,163.532,163.182,163.526,163.353,163.545,163.196,163.538
1533,GBP_JPY,2023-02-21T18:00:00.000000000Z,8825,163.514,163.517,163.306,163.312,163.527,163.527,163.319,163.325,163.540,163.540,163.332,163.338
1534,GBP_JPY,2023-02-21T19:00:00.000000000Z,8445,163.310,163.436,163.187,163.411,163.324,163.450,163.201,163.424,163.337,163.464,163.215,163.438
1535,GBP_JPY,2023-02-21T20:00:00.000000000Z,8228,163.412,163.420,163.224,163.338,163.425,163.433,163.236,163.351,163.438,163.446,163.248,163.364
1536,GBP_JPY,2023-02-21T21:00:00.000000000Z,3330,163.342,163.523,163.332,163.510,163.354,163.539,163.346,163.528,163.367,163.562,163.359,163.547
1537,GBP_JPY,2023-02-21T22:00:00.000000000Z,6360,163.422,163.450,163.317,163.376,163.497,163.511,163.392,163.450,163.572,163.582,163.454,163.525
1538,GBP_JPY,2023-02-21T23:00:00.000000000Z,6590,163.355,163.524,163.257,163.461,163.430,163.548,163.274,163.479,163.505,163.572,163.292,163.497
1539,GBP_JPY,2023-02-22T00:00:00.000000000Z,11167,163.459,163.527,163.211,163.502,163.477,163.542,163.228,163.518,163.495,163.558,163.246,163.534
1540,GBP_JPY,2023-02-22T01:00:00.000000000Z,9181,163.498,163.553,163.228,163.269,163.515,163.567,163.244,163.286,163.532,163.586,163.261,163.302
1541,GBP_JPY,2023-02-22T02:00:00.000000000Z,9994,163.267,163.510,163.179,163.499,163.284,163.525,163.196,163.516,163.300,163.541,163.212,163.534
1542,GBP_JPY,2023-02-22T03:00:00.000000000Z,5544,163.501,163.513,163.396,163.499,163.518,163.530,163.411,163.514,163.534,163.547,163.426,163.530
1543,GBP_JPY,2023-02-22T04:00:00.000000000Z,4240,163.498,163.502,163.272,163.333,163.515,163.518,163.288,163.348,163.532,163.536,163.302,163.362
1544,GBP_JPY,2023-02-22T05:00:00.000000000Z,5686,163.335,163.352,163.139,163.154,163.349,163.368,163.154,163.168,163.363,163.383,163.169,163.182
1545,GBP_JPY,2023-02-22T06:00:00.000000000Z,7045,163.154,163.305,163.134,163.213,163.169,163.316,163.148,163.230,163.184,163.327,163.162,163.247
1546,GBP_JPY,2023-02-22T07:00:00.000000000Z,10984,163.216,163.350,163.106,163.218,163.232,163.364,163.122,163.232,163.249,163.379,163.138,163.247
1547,GBP_JPY,2023-02-22T08:00:00.000000000Z,14717,163.212,163.212,162.737,162.931,163.226,163.226,162.753,162.944,163.241,163.241,162.769,162.958
1548,GBP_JPY,2023-02-22T09:00:00.000000000Z,14814,162.930,162.996,162.831,162.906,162.942,163.010,162.846,162.921,162.955,163.024,162.861,162.936
1549,GBP_JPY,2023-02-22T10:00:00.000000000Z,12350,162.904,163.044,162.781,162.963,162.918,163.060,162.796,162.978,162.933,163.075,162.809,162.993
1550,GBP_JPY,2023-02-22T11:00:00.000000000Z,11220,162.962,163.039,162.781,162.838,162.978,163.054,162.794,162.853,162.993,163.069,162.808,162.868
1551,GBP_JPY,2023-02-22T12:00:00.000000000Z,14350,162.842,163.003,162.775,162.812,162.857,163.016,162.790,162.826,162.872,163.029,162.805,162.839
1552,GBP_JPY,2023-02-22T13:00:00.000000000Z,13343,162.813,162.963,162.719,162.864,162.827,162.978,162.731,162.879,162.841,162.992,162.743,162.894
1553,GBP_JPY,2023-02-22T14:00:00.000000000Z,15566,162.865,162.908,162.724,162.831,162.879,162.922,162.740,162.844,162.893,162.935,162.754,162.856
1554,GBP_JPY,2023-02-22T15:00:00.000000000Z,17060,162.828,162.957,162.380,162.425,162.841,162.970,162.394,162.437,162.854,162.984,162.408,162.449
1555,GBP_JPY,2023-02-22T16:00:00.000000000Z,13559,162.428,162.660,162.402,162.568,162.440,162.674,162.418,162.582,162.452,162.689,162.434,162.596
1556,GBP_JPY,2023-02-22T17:00:00.000000000Z,9074,162.566,162.700,162.493,162.681,162.581,162.714,162.510,162.692,162.596,162.727,162.523,162.702
1557,GBP_JPY,2023-02-22T18:00:00.000000000Z,8336,162.676,162.745,162.539,162.543,162.688,162.758,162.568,162.610,162.699,162.773,162.588,162.677
1558,GBP_JPY,2023-02-22T19:00:00.000000000Z,20897,162.551,162.748,162.402,162.416,162.624,162.762,162.417,162.430,162.697,162.777,162.430,162.444
1559,GBP_JPY,2023-02-22T20:00:00.000000000Z,10233,162.411,162.589,162.406,162.516,162.425,162.602,162.421,162.529,162.439,162.617,162.435,162.542
1560,GBP_JPY,2023-02-22T21:00:00.000000000Z,2677,162.517,162.532,162.447,162.474,162.530,162.547,162.462,162.496,162.542,162.562,162.476,162.518
1561,GBP_JPY,2023-02-22T22:00:00.000000000Z,7265,162.418,162.487,162.317,162.421,162.493,162.537,162.381,162.474,162.568,162.605,162.428,162.527
1562,GBP_JPY,2023-02-22T23:00:00.000000000Z,4196,162.418,162.558,162.396,162.538,162.472,162.574,162.440,162.558,162.525,162.592,162.457,162.577
1563,GBP_JPY,2023-02-23T00:00:00.000000000Z,5377,162.541,162.619,162.461,162.522,162.558,162.637,162.478,162.541,162.576,162.655,162.496,162.560
1564,GBP_JPY,2023-02-23T01:00:00.000000000Z,6448,162.523,162.598,162.474,162.519,162.541,162.612,162.490,162.534,162.559,162.628,162.506,162.548
1565,GBP_JPY,2023-02-23T02:00:00.000000000Z,6345,162.517,162.571,162.476,162.529,162.533,162.588,162.491,162.545,162.549,162.607,162.506,162.561
1566,GBP_JPY,2023-02-23T03:00:00.000000000Z,4355,162.527,162.591,162.492,162.572,162.544,162.608,162.508,162.588,162.561,162.628,162.525,162.604
1567,GBP_JPY,2023-02-23T04:00:00.000000000Z,2759,162.570,162.596,162.508,162.535,162.586,162.611,162.523,162.552,162.603,162.628,162.538,162.568
1568,GBP_JPY,2023-02-23T05:00:00.000000000Z,4294,162.535,162.619,162.513,162.606,162.551,162.635,162.530,162.623,162.567,162.651,162.547,162.640
1569,GBP_JPY,2023-02-23T06:00:00.000000000Z,6854,162.603,162.695,162.541,162.694,162.620,162.711,162.560,162.708,162.637,162.729,162.577,162.721
1570,GBP_JPY,2023-02-23T07:00:00.000000000Z,9831,162.701,162.739,162.563,162.621,162.714,162.754,162.580,162.636,162.728,162.768,162.595,162.651
1571,GBP_JPY,2023-02-23T08:00:00.000000000Z,12324,162.621,162.652,162.336,162.355,162.635,162.666,162.350,162.368,162.649,162.681,162.364,162.382
1572,GBP_JPY,2023-02-23T09:00:00.000000000Z,11502,162.361,162.380,162.051,162.242,162.376,162.394,162.065,162.258,162.390,162.408,162.079,162.274
1573,GBP_JPY,2023-02-23T10:00:00.000000000Z,8738,162.241,162.390,162.174,162.331,162.256,162.404,162.189,162.346,162.272,162.418,162.204,162.361
1574,GBP_JPY,2023-02-23T11:00:00.000000000Z,9287,162.330,162.450,162.213,162.313,162.344,162.466,162.228,162.327,162.359,162.482,162.242,162.341
1575,GBP_JPY,2023-02-23T12:00:00.000000000Z,11284,162.314,162.690,162.285,162.636,162.330,162.704,162.300,162.650,162.345,162.719,162.313,162.663
1576,GBP_JPY,2023-02-23T13:00:00.000000000Z,19660,162.636,162.818,162.513,162.781,162.648,162.832,162.528,162.797,162.661,162.894,162.541,162.813
1577,GBP_JPY,2023-02-23T14:00:00.000000000Z,20937,162.776,162.841,162.601,162.608,162.792,162.854,162.616,162.622,162.807,162.867,162.629,162.635
1578,GBP_JPY,2023-02-23T15:00:00.000000000Z,18607,162.605,162.630,162.080,162.136,162.618,162.644,162.096,162.150,162.632,162.660,162.111,162.163
1579,GBP_JPY,2023-02-23T16:00:00.000000000Z,13738,162.134,162.144,161.846,161.961,162.148,162.156,161.861,161.974,162.161,162.168,161.875,161.987
1580,GBP_JPY,2023-02-23T17:00:00.000000000Z,8512,161.961,161.983,161.663,161.742,161.974,161.998,161.676,161.756,161.988,162.013,161.689,161.769
1581,GBP_JPY,2023-02-23T18:00:00.000000000Z,8373,161.741,161.860,161.699,161.724,161.756,161.873,161.713,161.737,161.770,161.887,161.726,161.750
1582,GBP_JPY,2023-02-23T19:00:00.000000000Z,8209,161.724,161.837,161.666,161.791,161.738,161.849,161.680,161.804,161.751,161.863,161.693,161.818
1583,GBP_JPY,2023-02-23T20:00:00.000000000Z,6812,161.789,161.890,161.771,161.870,161.803,161.902,161.784,161.882,161.817,161.916,161.796,161.894
1584,GBP_JPY,2023-02-23T21:00:00.000000000Z,3219,161.871,161.902,161.781,161.806,161.882,161.916,161.822,161.822,161.894,161.930,161.839,161.839
1585,GBP_JPY,2023-02-23T22:00:00.000000000Z,9634,161.742,161.885,161.742,161.834,161.808,161.945,161.808,161.885,161.875,162.020,161.875,161.936
1586,GBP_JPY,2023-02-23T23:00:00.000000000Z,8002,161.873,161.875,161.423,161.760,161.910,161.920,161.447,161.779,161.946,161.972,161.471,161.798
1587,GBP_JPY,2023-02-24T00:00:00.000000000Z,16298,161.761,162.029,161.194,161.541,161.780,162.080,161.212,161.559,161.798,162.132,161.229,161.577
1588,GBP_JPY,2023-02-24T01:00:00.000000000Z,16447,161.541,161.981,161.481,161.939,161.560,161.996,161.498,161.956,161.579,162.012,161.516,161.974
1589,GBP_JPY,2023-02-24T02:00:00.000000000Z,9964,161.939,162.038,161.802,161.951,161.957,162.056,161.822,161.967,161.975,162.075,161.838,161.983
1590,GBP_JPY,2023-02-24T03:00:00.000000000Z,6889,161.949,162.023,161.935,161.963,161.966,162.039,161.951,161.979,161.984,162.055,161.967,161.995
1591,GBP_JPY,2023-02-24T04:00:00.000000000Z,6326,161.965,161.970,161.826,161.873,161.981,161.986,161.842,161.887,161.997,162.003,161.857,161.901
1592,GBP_JPY,2023-02-24T05:00:00.000000000Z,6421,161.873,162.003,161.782,161.817,161.886,162.018,161.798,161.833,161.899,162.035,161.814,161.849
1593,GBP_JPY,2023-02-24T06:00:00.000000000Z,6275,161.816,161.926,161.716,161.849,161.832,161.940,161.732,161.866,161.849,161.954,161.749,161.882
1594,GBP_JPY,2023-02-24T07:00:00.000000000Z,10688,161.849,162.171,161.751,162.156,161.866,162.187,161.766,162.168,161.883,162.203,161.780,162.181
1595,GBP_JPY,2023-02-24T08:00:00.000000000Z,15575,162.158,162.449,161.913,162.392,162.170,162.466,161.928,162.407,162.183,162.482,161.943,162.422
1596,GBP_JPY,2023-02-24T09:00:00.000000000Z,11090,162.393,162.628,162.377,162.487,162.407,162.642,162.390,162.500,162.421,162.656,162.404,162.514
1597,GBP_JPY,2023-02-24T10:00:00.000000000Z,9774,162.487,162.530,162.308,162.325,162.500,162.544,162.322,162.338,162.512,162.558,162.336,162.350
1598,GBP_JPY,2023-02-24T11:00:00.000000000Z,10399,162.322,162.366,162.067,162.300,162.334,162.380,162.081,162.314,162.347,162.395,162.095,162.329
1599,GBP_JPY,2023-02-24T12:00:00.000000000Z,11476,162.299,162.494,162.235,162.448,162.313,162.508,162.248,162.461,162.327,162.521,162.259,162.474
1600,GBP_JPY,2023-02-24T13:00:00.000000000Z,23160,162.450,162.739,161.957,162.567,162.462,162.752,162.032,162.580,162.474,162.767,162.107,162.594
1601,GBP_JPY,2023-02-24T14:00:00.000000000Z,23093,162.570,162.877,162.433,162.695,162.582,162.890,162.448,162.733,162.595,162.903,162.462,162.771
1602,GBP_JPY,2023-02-24T15:00:00.000000000Z,22102,162.699,162.996,162.635,162.859,162.741,163.010,162.649,162.872,162.783,163.023,162.662,162.886
1603,GBP_JPY,2023-02-24T16:00:00.000000000Z,14235,162.855,162.925,162.721,162.890,162.868,162.940,162.736,162.904,162.882,162.955,162.751,162.919
1604,GBP_JPY,2023-02-24T17:00:00.000000000Z,9551,162.892,163.113,162.879,162.992,162.908,163.126,162.894,163.006,162.923,163.141,162.908,163.019
1605,GBP_JPY,2023-02-24T18:00:00.000000000Z,8614,162.993,163.090,162.966,162.989,163.006,163.102,162.981,163.002,163.018,163.115,162.995,163.016
1606,GBP_JPY,2023-02-24T19:00:00.000000000Z,7690,162.989,163.073,162.943,162.945,163.001,163.086,162.956,162.958,163.013,163.100,162.967,162.971
1607,GBP_JPY,2023-02-24T20:00:00.000000000Z,7388,162.944,163.038,162.904,162.909,162.958,163.052,162.916,162.922,162.971,163.066,162.928,162.936
1608,GBP_JPY,2023-02-24T21:00:00.000000000Z,3141,162.913,162.975,162.880,162.942,162.926,162.994,162.894,162.971,162.938,163.022,162.906,163.000
1609,GBP_JPY,2023-02-26T22:00:00.000000000Z,1650,163.078,163.113,162.850,162.862,163.153,163.188,162.908,162.922,163.228,163.263,162.967,162.983
1610,GBP_JPY,2023-02-26T23:00:00.000000000Z,6612,162.847,163.034,162.823,163.008,162.916,163.052,162.842,163.029,162.985,163.072,162.860,163.050
1611,GBP_JPY,2023-02-27T00:00:00.000000000Z,10354,163.011,163.114,162.775,162.982,163.032,163.139,162.790,162.997,163.053,163.164,162.805,163.012
1612,GBP_JPY,2023-02-27T01:00:00.000000000Z,8153,162.978,163.013,162.726,162.843,162.994,163.030,162.746,162.860,163.011,163.047,162.765,162.876
1613,GBP_JPY,2023-02-27T02:00:00.000000000Z,7096,162.862,162.900,162.630,162.807,162.880,162.916,162.647,162.824,162.897,162.934,162.664,162.840
1614,GBP_JPY,2023-02-27T03:00:00.000000000Z,8343,162.804,162.925,162.675,162.862,162.822,162.940,162.692,162.878,162.840,162.955,162.710,162.893
1615,GBP_JPY,2023-02-27T04:00:00.000000000Z,5403,162.864,162.874,162.745,162.863,162.879,162.890,162.762,162.880,162.894,162.907,162.779,162.897
1616,GBP_JPY,2023-02-27T05:00:00.000000000Z,5817,162.864,162.925,162.699,162.760,162.880,162.941,162.716,162.778,162.896,162.959,162.730,162.796
1617,GBP_JPY,2023-02-27T06:00:00.000000000Z,7936,162.758,162.791,162.596,162.695,162.775,162.806,162.612,162.710,162.792,162.822,162.627,162.725
1618,GBP_JPY,2023-02-27T07:00:00.000000000Z,11638,162.709,162.900,162.679,162.803,162.723,162.914,162.694,162.818,162.737,162.929,162.708,162.832
1619,GBP_JPY,2023-02-27T08:00:00.000000000Z,14600,162.797,162.966,162.730,162.876,162.812,162.980,162.745,162.889,162.826,162.994,162.757,162.902
1620,GBP_JPY,2023-02-27T09:00:00.000000000Z,12182,162.877,163.385,162.769,163.296,162.890,163.396,162.782,163.308,162.904,163.408,162.796,163.319
1621,GBP_JPY,2023-02-27T10:00:00.000000000Z,9114,163.296,163.375,163.151,163.239,163.308,163.388,163.164,163.252,163.321,163.401,163.177,163.264
1622,GBP_JPY,2023-02-27T11:00:00.000000000Z,8083,163.237,163.373,163.139,163.281,163.250,163.388,163.154,163.297,163.264,163.404,163.167,163.313
1623,GBP_JPY,2023-02-27T12:00:00.000000000Z,8964,163.283,163.327,163.161,163.273,163.298,163.340,163.174,163.288,163.313,163.352,163.187,163.303
1624,GBP_JPY,2023-02-27T13:00:00.000000000Z,15659,163.270,163.547,163.218,163.532,163.286,163.561,163.238,163.544,163.301,163.576,163.255,163.557
1625,GBP_JPY,2023-02-27T14:00:00.000000000Z,16122,163.532,163.663,163.413,163.448,163.546,163.676,163.432,163.463,163.561,163.689,163.446,163.478
1626,GBP_JPY,2023-02-27T15:00:00.000000000Z,17758,163.454,163.981,163.443,163.631,163.468,163.994,163.456,163.644,163.482,164.008,163.470,163.657
1627,GBP_JPY,2023-02-27T16:00:00.000000000Z,10693,163.629,163.919,163.621,163.882,163.642,163.932,163.633,163.896,163.655,163.945,163.645,163.909
1628,GBP_JPY,2023-02-27T17:00:00.000000000Z,7789,163.881,164.254,163.876,164.215,163.896,164.268,163.890,164.228,163.910,164.282,163.903,164.240
1629,GBP_JPY,2023-02-27T18:00:00.000000000Z,7450,164.219,164.238,164.056,164.201,164.232,164.252,164.069,164.214,164.244,164.268,164.081,164.227
1630,GBP_JPY,2023-02-27T19:00:00.000000000Z,7078,164.198,164.288,164.152,164.270,164.211,164.303,164.166,164.286,164.224,164.318,164.178,164.302
1631,GBP_JPY,2023-02-27T20:00:00.000000000Z,6420,164.271,164.300,164.182,164.279,164.286,164.312,164.196,164.293,164.301,164.325,164.209,164.307
1632,GBP_JPY,2023-02-27T21:00:00.000000000Z,3900,164.283,164.332,164.242,164.290,164.296,164.350,164.257,164.312,164.309,164.373,164.272,164.333
1633,GBP_JPY,2023-02-27T22:00:00.000000000Z,3485,164.121,164.255,164.121,164.176,164.196,164.330,164.196,164.241,164.271,164.405,164.271,164.306
1634,GBP_JPY,2023-02-27T23:00:00.000000000Z,5748,164.175,164.446,164.144,164.419,164.241,164.462,164.216,164.438,164.307,164.479,164.275,164.457
1635,GBP_JPY,2023-02-28T00:00:00.000000000Z,8634,164.418,164.510,164.235,164.264,164.438,164.524,164.252,164.281,164.458,164.539,164.268,164.298
1636,GBP_JPY,2023-02-28T01:00:00.000000000Z,8216,164.260,164.284,164.116,164.159,164.279,164.300,164.133,164.176,164.298,164.318,164.148,164.193
1637,GBP_JPY,2023-02-28T02:00:00.000000000Z,6412,164.161,164.278,164.152,164.265,164.178,164.292,164.168,164.279,164.195,164.307,164.181,164.293
1638,GBP_JPY,2023-02-28T03:00:00.000000000Z,4243,164.264,164.280,164.127,164.165,164.279,164.295,164.143,164.181,164.294,164.311,164.158,164.197
1639,GBP_JPY,2023-02-28T04:00:00.000000000Z,4281,164.167,164.251,164.116,164.125,164.182,164.267,164.134,164.142,164.197,164.283,164.150,164.158
1640,GBP_JPY,2023-02-28T05:00:00.000000000Z,6346,164.124,164.199,164.092,164.108,164.142,164.214,164.108,164.124,164.159,164.230,164.125,164.139
1641,GBP_JPY,2023-02-28T06:00:00.000000000Z,6064,164.111,164.237,164.077,164.222,164.126,164.251,164.093,164.236,164.140,164.267,164.109,164.251
1642,GBP_JPY,2023-02-28T07:00:00.000000000Z,11584,164.222,164.632,164.133,164.586,164.237,164.647,164.148,164.602,164.252,164.662,164.161,164.618
1643,GBP_JPY,2023-02-28T08:00:00.000000000Z,15408,164.587,165.217,164.508,165.173,164.602,165.230,164.524,165.187,164.616,165.243,164.539,165.201
1644,GBP_JPY,2023-02-28T09:00:00.000000000Z,12751,165.176,165.320,165.058,165.092,165.190,165.332,165.072,165.106,165.204,165.346,165.087,165.121
1645,GBP_JPY,2023-02-28T10:00:00.000000000Z,10457,165.093,165.520,165.070,165.498,165.106,165.533,165.086,165.512,165.120,165.546,165.101,165.525
1646,GBP_JPY,2023-02-28T11:00:00.000000000Z,10384,165.496,165.528,165.292,165.424,165.510,165.541,165.307,165.438,165.523,165.555,165.322,165.452
1647,GBP_JPY,2023-02-28T12:00:00.000000000Z,10677,165.422,165.471,165.312,165.422,165.437,165.485,165.326,165.436,165.452,165.499,165.340,165.450
1648,GBP_JPY,2023-02-28T13:00:00.000000000Z,12191,165.419,165.851,165.404,165.712,165.433,165.864,165.418,165.726,165.447,165.876,165.432,165.741
1649,GBP_JPY,2023-02-28T14:00:00.000000000Z,15047,165.709,166.005,165.635,165.877,165.723,166.018,165.649,165.900,165.737,166.031,165.663,165.924
1650,GBP_JPY,2023-02-28T15:00:00.000000000Z,21685,165.874,165.876,164.823,164.905,165.899,165.920,164.835,164.916,165.924,165.970,164.846,164.928
1651,GBP_JPY,2023-02-28T16:00:00.000000000Z,14171,164.906,165.008,164.519,164.555,164.918,165.020,164.533,164.568,164.930,165.032,164.546,164.580
1652,GBP_JPY,2023-02-28T17:00:00.000000000Z,9743,164.554,164.636,164.153,164.312,164.568,164.649,164.165,164.326,164.582,164.663,164.177,164.341
1653,GBP_JPY,2023-02-28T18:00:00.000000000Z,7900,164.314,164.378,164.011,164.027,164.327,164.392,164.024,164.041,164.340,164.407,164.037,164.055
1654,GBP_JPY,2023-02-28T19:00:00.000000000Z,6282,164.030,164.087,163.871,164.062,164.043,164.102,163.884,164.074,164.056,164.117,163.898,164.087
1655,GBP_JPY,2023-02-28T20:00:00.000000000Z,5865,164.061,164.092,163.719,163.724,164.074,164.104,163.730,163.738,164.087,164.118,163.742,163.752
1656,GBP_JPY,2023-02-28T21:00:00.000000000Z,4201,163.722,163.860,163.687,163.710,163.736,163.872,163.722,163.732,163.749,163.886,163.735,163.753
1657,GBP_JPY,2023-02-28T22:00:00.000000000Z,7773,163.557,163.885,163.461,163.880,163.632,163.960,163.534,163.945,163.707,164.035,163.602,164.010
1658,GBP_JPY,2023-02-28T23:00:00.000000000Z,11951,163.868,164.065,163.793,164.049,163.936,164.084,163.837,164.065,164.004,164.103,163.873,164.081
1659,GBP_JPY,2023-03-01T00:00:00.000000000Z,8247,164.051,164.061,163.793,163.843,164.067,164.076,163.810,163.859,164.083,164.096,163.828,163.875
1660,GBP_JPY,2023-03-01T01:00:00.000000000Z,9974,163.848,164.022,163.812,164.005,163.865,164.039,163.826,164.018,163.882,164.056,163.840,164.032
1661,GBP_JPY,2023-03-01T02:00:00.000000000Z,5895,164.005,164.037,163.855,164.021,164.020,164.053,163.872,164.037,164.034,164.070,163.888,164.053
1662,GBP_JPY,2023-03-01T03:00:00.000000000Z,5435,164.020,164.185,163.977,164.168,164.037,164.200,163.994,164.186,164.054,164.216,164.012,164.203
1663,GBP_JPY,2023-03-01T04:00:00.000000000Z,3609,164.169,164.245,164.077,164.195,164.186,164.260,164.094,164.211,164.203,164.274,164.110,164.227
1664,GBP_JPY,2023-03-01T05:00:00.000000000Z,6081,164.195,164.271,164.151,164.246,164.212,164.288,164.168,164.262,164.228,164.305,164.185,164.279
1665,GBP_JPY,2023-03-01T06:00:00.000000000Z,7945,164.248,164.309,164.164,164.282,164.264,164.325,164.178,164.297,164.279,164.344,164.193,164.312
1666,GBP_JPY,2023-03-01T07:00:00.000000000Z,13268,164.286,164.497,164.128,164.166,164.302,164.514,164.144,164.181,164.319,164.532,164.159,164.196
1667,GBP_JPY,2023-03-01T08:00:00.000000000Z,15859,164.163,164.360,164.072,164.142,164.180,164.376,164.087,164.158,164.196,164.393,164.101,164.175
1668,GBP_JPY,2023-03-01T09:00:00.000000000Z,13742,164.142,164.170,163.813,163.921,164.158,164.186,163.830,163.936,164.174,164.203,163.846,163.952
1669,GBP_JPY,2023-03-01T10:00:00.000000000Z,15586,163.922,163.985,163.140,163.496,163.936,164.002,163.156,163.512,163.950,164.020,163.172,163.528
1670,GBP_JPY,2023-03-01T11:00:00.000000000Z,12297,163.494,163.503,162.852,163.067,163.510,163.518,162.868,163.083,163.526,163.533,162.884,163.099
1671,GBP_JPY,2023-03-01T12:00:00.000000000Z,10171,163.070,163.436,162.999,163.421,163.086,163.450,163.014,163.436,163.101,163.466,163.029,163.451
1672,GBP_JPY,2023-03-01T13:00:00.000000000Z,15405,163.423,163.605,162.981,163.004,163.438,163.620,162.996,163.018,163.453,163.636,163.010,163.033
1673,GBP_JPY,2023-03-01T14:00:00.000000000Z,16516,162.999,163.656,162.988,163.324,163.014,163.671,163.003,163.396,163.030,163.686,163.017,163.468
1674,GBP_JPY,2023-03-01T15:00:00.000000000Z,22991,163.340,163.489,163.011,163.410,163.415,163.508,163.026,163.424,163.490,163.574,163.042,163.438
1675,GBP_JPY,2023-03-01T16:00:00.000000000Z,14217,163.413,163.531,163.260,163.429,163.427,163.545,163.274,163.443,163.441,163.559,163.288,163.457
1676,GBP_JPY,2023-03-01T17:00:00.000000000Z,8372,163.430,163.517,163.260,163.430,163.443,163.532,163.274,163.443,163.456,163.546,163.286,163.456
1677,GBP_JPY,2023-03-01T18:00:00.000000000Z,6782,163.428,163.532,163.385,163.413,163.442,163.546,163.399,163.426,163.456,163.560,163.413,163.439
1678,GBP_JPY,2023-03-01T19:00:00.000000000Z,7028,163.412,163.661,163.373,163.617,163.426,163.675,163.387,163.632,163.440,163.689,163.401,163.648
1679,GBP_JPY,2023-03-01T20:00:00.000000000Z,6583,163.614,163.679,163.544,163.657,163.628,163.692,163.560,163.671,163.642,163.705,163.574,163.685
1680,GBP_JPY,2023-03-01T21:00:00.000000000Z,3743,163.659,163.827,163.642,163.810,163.673,163.846,163.656,163.830,163.687,163.866,163.670,163.850
1681,GBP_JPY,2023-03-01T22:00:00.000000000Z,341,163.784,163.784,163.634,163.644,163.859,163.859,163.684,163.692,163.934,163.934,163.731,163.739
1682,GBP_JPY,2023-03-01T23:00:00.000000000Z,5640,163.627,163.817,163.584,163.774,163.682,163.836,163.604,163.795,163.738,163.857,163.625,163.816
1683,GBP_JPY,2023-03-02T00:00:00.000000000Z,7982,163.776,163.848,163.665,163.780,163.796,163.865,163.682,163.798,163.816,163.886,163.699,163.817
1684,GBP_JPY,2023-03-02T01:00:00.000000000Z,10812,163.779,163.875,163.665,163.704,163.798,163.890,163.684,163.722,163.817,163.906,163.702,163.739
1685,GBP_JPY,2023-03-02T02:00:00.000000000Z,7393,163.701,163.806,163.599,163.799,163.718,163.820,163.617,163.815,163.736,163.837,163.632,163.831
1686,GBP_JPY,2023-03-02T03:00:00.000000000Z,6313,163.797,163.815,163.659,163.708,163.815,163.832,163.675,163.725,163.833,163.850,163.690,163.742
1687,GBP_JPY,2023-03-02T04:00:00.000000000Z,5076,163.708,163.816,163.693,163.775,163.726,163.834,163.709,163.794,163.743,163.851,163.723,163.812
1688,GBP_JPY,2023-03-02T05:00:00.000000000Z,6144,163.774,163.829,163.707,163.784,163.794,163.846,163.725,163.800,163.813,163.863,163.741,163.816
1689,GBP_JPY,2023-03-02T06:00:00.000000000Z,7565,163.779,163.884,163.693,163.848,163.796,163.902,163.709,163.864,163.812,163.920,163.724,163.881
1690,GBP_JPY,2023-03-02T07:00:00.000000000Z,11869,163.846,163.924,163.682,163.831,163.862,163.940,163.697,163.846,163.879,163.957,163.712,163.860
1691,GBP_JPY,2023-03-02T08:00:00.000000000Z,16522,163.830,163.830,163.304,163.403,163.846,163.846,163.320,163.419,163.861,163.861,163.334,163.435
1692,GBP_JPY,2023-03-02T09:00:00.000000000Z,13902,163.406,163.748,163.351,163.381,163.421,163.762,163.367,163.398,163.436,163.777,163.383,163.415
1693,GBP_JPY,2023-03-02T10:00:00.000000000Z,13246,163.379,163.601,163.271,163.517,163.396,163.616,163.287,163.532,163.414,163.632,163.303,163.546
1694,GBP_JPY,2023-03-02T11:00:00.000000000Z,10685,163.513,163.806,163.502,163.668,163.530,163.822,163.518,163.680,163.546,163.838,163.534,163.692
1695,GBP_JPY,2023-03-02T12:00:00.000000000Z,12369,163.668,163.680,163.366,163.397,163.681,163.694,163.382,163.412,163.694,163.708,163.397,163.427
1696,GBP_JPY,2023-03-02T13:00:00.000000000Z,16707,163.398,163.608,163.321,163.473,163.414,163.624,163.337,163.487,163.429,163.640,163.352,163.501
1697,GBP_JPY,2023-03-02T14:00:00.000000000Z,16589,163.477,163.574,163.074,163.104,163.492,163.592,163.090,163.120,163.507,163.609,163.105,163.135
1698,GBP_JPY,2023-03-02T15:00:00.000000000Z,15920,163.111,163.395,163.054,163.382,163.128,163.409,163.070,163.396,163.145,163.424,163.086,163.410
1699,GBP_JPY,2023-03-02T16:00:00.000000000Z,11811,163.382,163.448,163.253,163.394,163.396,163.461,163.268,163.408,163.411,163.474,163.282,163.422
1700,GBP_JPY,2023-03-02T17:00:00.000000000Z,8756,163.392,163.481,163.332,163.412,163.406,163.498,163.346,163.427,163.421,163.515,163.361,163.442
1701,GBP_JPY,2023-03-02T18:00:00.000000000Z,8158,163.411,163.431,163.258,163.367,163.427,163.446,163.272,163.380,163.443,163.462,163.286,163.394
1702,GBP_JPY,2023-03-02T19:00:00.000000000Z,8985,163.370,163.460,163.257,163.315,163.383,163.474,163.270,163.329,163.396,163.488,163.283,163.343
1703,GBP_JPY,2023-03-02T20:00:00.000000000Z,8030,163.316,163.401,163.270,163.330,163.330,163.416,163.284,163.346,163.343,163.431,163.299,163.361
1704,GBP_JPY,2023-03-02T21:00:00.000000000Z,6215,163.330,163.431,163.302,163.374,163.348,163.444,163.318,163.392,163.366,163.457,163.335,163.410
1705,GBP_JPY,2023-03-02T22:00:00.000000000Z,3315,163.380,163.385,163.233,163.330,163.455,163.460,163.308,163.392,163.530,163.535,163.372,163.455
1706,GBP_JPY,2023-03-02T23:00:00.000000000Z,6150,163.323,163.411,163.142,163.359,163.384,163.436,163.164,163.378,163.446,163.460,163.185,163.398
1707,GBP_JPY,2023-03-03T00:00:00.000000000Z,7310,163.354,163.517,163.259,163.504,163.374,163.532,163.279,163.522,163.395,163.549,163.297,163.539
1708,GBP_JPY,2023-03-03T01:00:00.000000000Z,9659,163.505,163.614,163.367,163.426,163.522,163.629,163.384,163.442,163.538,163.645,163.401,163.458
1709,GBP_JPY,2023-03-03T02:00:00.000000000Z,7026,163.421,163.504,163.305,163.441,163.439,163.520,163.321,163.458,163.457,163.540,163.337,163.474
1710,GBP_JPY,2023-03-03T03:00:00.000000000Z,5209,163.439,163.568,163.404,163.518,163.457,163.585,163.421,163.534,163.475,163.603,163.438,163.550
1711,GBP_JPY,2023-03-03T04:00:00.000000000Z,3416,163.516,163.585,163.484,163.585,163.532,163.600,163.500,163.600,163.548,163.615,163.515,163.615
1712,GBP_JPY,2023-03-03T05:00:00.000000000Z,4893,163.585,163.622,163.491,163.496,163.601,163.638,163.507,163.512,163.617,163.658,163.523,163.527
1713,GBP_JPY,2023-03-03T06:00:00.000000000Z,6296,163.500,163.539,163.387,163.422,163.514,163.554,163.402,163.440,163.529,163.570,163.416,163.457
1714,GBP_JPY,2023-03-03T07:00:00.000000000Z,9908,163.421,163.540,163.313,163.314,163.438,163.553,163.328,163.330,163.454,163.568,163.343,163.345
1715,GBP_JPY,2023-03-03T08:00:00.000000000Z,12464,163.312,163.453,163.167,163.411,163.328,163.470,163.184,163.426,163.345,163.486,163.201,163.440
1716,GBP_JPY,2023-03-03T09:00:00.000000000Z,13145,163.409,163.471,163.148,163.177,163.424,163.486,163.164,163.192,163.438,163.502,163.180,163.208
1717,GBP_JPY,2023-03-03T10:00:00.000000000Z,11371,163.172,163.522,163.136,163.446,163.188,163.536,163.152,163.460,163.203,163.551,163.166,163.474
1718,GBP_JPY,2023-03-03T11:00:00.000000000Z,8713,163.447,163.488,163.152,163.220,163.460,163.502,163.166,163.235,163.473,163.517,163.179,163.250
1719,GBP_JPY,2023-03-03T12:00:00.000000000Z,9933,163.219,163.402,163.200,163.311,163.234,163.416,163.216,163.325,163.250,163.431,163.233,163.339
1720,GBP_JPY,2023-03-03T13:00:00.000000000Z,12698,163.311,163.448,163.131,163.196,163.326,163.462,163.146,163.212,163.341,163.477,163.161,163.227
1721,GBP_JPY,2023-03-03T14:00:00.000000000Z,14125,163.195,163.270,163.082,163.094,163.210,163.286,163.108,163.157,163.225,163.301,163.128,163.220
1722,GBP_JPY,2023-03-03T15:00:00.000000000Z,20080,163.098,163.340,163.092,163.249,163.160,163.354,163.109,163.265,163.221,163.370,163.125,163.281
1723,GBP_JPY,2023-03-03T16:00:00.000000000Z,11481,163.251,163.346,163.119,163.224,163.266,163.360,163.134,163.240,163.281,163.376,163.149,163.255
1724,GBP_JPY,2023-03-03T17:00:00.000000000Z,8798,163.225,163.483,163.200,163.458,163.240,163.497,163.215,163.472,163.254,163.511,163.230,163.485
1725,GBP_JPY,2023-03-03T18:00:00.000000000Z,6058,163.461,163.544,163.405,163.450,163.474,163.559,163.420,163.464,163.488,163.574,163.434,163.478
1726,GBP_JPY,2023-03-03T19:00:00.000000000Z,6401,163.451,163.639,163.444,163.602,163.464,163.652,163.459,163.615,163.478,163.665,163.472,163.628
1727,GBP_JPY,2023-03-03T20:00:00.000000000Z,7724,163.603,163.629,163.505,163.591,163.615,163.642,163.520,163.606,163.627,163.656,163.534,163.620
1728,GBP_JPY,2023-03-03T21:00:00.000000000Z,3253,163.586,163.626,163.520,163.556,163.602,163.638,163.536,163.590,163.617,163.685,163.550,163.625
1729,GBP_JPY,2023-03-05T22:00:00.000000000Z,6813,163.580,163.606,163.474,163.499,163.655,163.681,163.549,163.574,163.730,163.756,163.624,163.649
1730,GBP_JPY,2023-03-05T23:00:00.000000000Z,9536,163.506,163.623,163.432,163.583,163.581,163.640,163.490,163.605,163.656,163.683,163.537,163.627
1731,GBP_JPY,2023-03-06T00:00:00.000000000Z,7902,163.581,163.667,163.377,163.388,163.604,163.690,163.393,163.404,163.627,163.714,163.408,163.421
1732,GBP_JPY,2023-03-06T01:00:00.000000000Z,5773,163.384,163.481,163.163,163.400,163.400,163.496,163.180,163.414,163.417,163.511,163.198,163.429
1733,GBP_JPY,2023-03-06T02:00:00.000000000Z,3907,163.394,163.519,163.342,163.480,163.408,163.533,163.357,163.494,163.422,163.547,163.372,163.509
1734,GBP_JPY,2023-03-06T03:00:00.000000000Z,4627,163.477,163.495,163.018,163.125,163.492,163.508,163.033,163.140,163.506,163.522,163.048,163.154
1735,GBP_JPY,2023-03-06T04:00:00.000000000Z,2508,163.120,163.249,163.106,163.235,163.134,163.264,163.120,163.250,163.149,163.278,163.135,163.265
1736,GBP_JPY,2023-03-06T05:00:00.000000000Z,2894,163.232,163.424,163.202,163.421,163.247,163.438,163.217,163.435,163.262,163.453,163.232,163.449
1737,GBP_JPY,2023-03-06T06:00:00.000000000Z,4197,163.423,163.425,163.126,163.157,163.436,163.440,163.140,163.172,163.450,163.455,163.153,163.187
1738,GBP_JPY,2023-03-06T07:00:00.000000000Z,9925,163.154,163.319,163.112,163.309,163.168,163.334,163.127,163.324,163.181,163.350,163.142,163.338
1739,GBP_JPY,2023-03-06T08:00:00.000000000Z,13252,163.312,163.588,163.275,163.501,163.326,163.604,163.291,163.518,163.341,163.620,163.307,163.534
1740,GBP_JPY,2023-03-06T09:00:00.000000000Z,10572,163.506,163.730,163.400,163.690,163.522,163.745,163.418,163.704,163.538,163.760,163.434,163.718
1741,GBP_JPY,2023-03-06T10:00:00.000000000Z,9600,163.686,163.736,163.249,163.353,163.701,163.750,163.264,163.368,163.716,163.765,163.279,163.383
1742,GBP_JPY,2023-03-06T11:00:00.000000000Z,10733,163.349,163.428,163.233,163.369,163.364,163.442,163.250,163.384,163.379,163.459,163.266,163.398
1743,GBP_JPY,2023-03-06T12:00:00.000000000Z,9053,163.367,163.468,163.216,163.234,163.382,163.482,163.230,163.250,163.398,163.497,163.242,163.266
1744,GBP_JPY,2023-03-06T13:00:00.000000000Z,11970,163.235,163.313,163.137,163.188,163.250,163.327,163.151,163.202,163.265,163.341,163.164,163.216
1745,GBP_JPY,2023-03-06T14:00:00.000000000Z,13532,163.188,163.312,162.967,163.298,163.203,163.336,162.983,163.328,163.218,163.361,162.998,163.357
1746,GBP_JPY,2023-03-06T15:00:00.000000000Z,14868,163.289,163.513,163.159,163.502,163.322,163.528,163.176,163.516,163.356,163.544,163.191,163.529
1747,GBP_JPY,2023-03-06T16:00:00.000000000Z,9976,163.502,163.784,163.455,163.745,163.516,163.797,163.470,163.759,163.531,163.810,163.484,163.773
1748,GBP_JPY,2023-03-06T17:00:00.000000000Z,6838,163.749,163.771,163.593,163.654,163.762,163.784,163.607,163.668,163.774,163.797,163.619,163.683
1749,GBP_JPY,2023-03-06T18:00:00.000000000Z,5628,163.651,163.654,163.484,163.520,163.666,163.668,163.500,163.534,163.680,163.681,163.513,163.547
1750,GBP_JPY,2023-03-06T19:00:00.000000000Z,5579,163.518,163.533,163.436,163.480,163.532,163.546,163.450,163.494,163.547,163.560,163.464,163.507
1751,GBP_JPY,2023-03-06T20:00:00.000000000Z,4917,163.483,163.489,163.360,163.430,163.495,163.503,163.375,163.444,163.507,163.517,163.390,163.458
1752,GBP_JPY,2023-03-06T21:00:00.000000000Z,2799,163.427,163.480,163.395,163.441,163.441,163.496,163.409,163.460,163.455,163.513,163.423,163.478
1753,GBP_JPY,2023-03-06T22:00:00.000000000Z,1899,163.368,163.461,163.368,163.431,163.443,163.514,163.438,163.486,163.518,163.568,163.496,163.541
1754,GBP_JPY,2023-03-06T23:00:00.000000000Z,6876,163.436,163.569,163.389,163.521,163.489,163.589,163.412,163.542,163.542,163.609,163.433,163.562
1755,GBP_JPY,2023-03-07T00:00:00.000000000Z,5293,163.521,163.651,163.439,163.613,163.540,163.668,163.454,163.632,163.560,163.684,163.468,163.650
1756,GBP_JPY,2023-03-07T01:00:00.000000000Z,7283,163.615,163.781,163.579,163.726,163.632,163.798,163.597,163.743,163.650,163.816,163.613,163.760
1757,GBP_JPY,2023-03-07T02:00:00.000000000Z,6053,163.727,163.746,163.543,163.671,163.746,163.760,163.560,163.687,163.764,163.775,163.577,163.703
1758,GBP_JPY,2023-03-07T03:00:00.000000000Z,6444,163.672,163.806,163.582,163.754,163.687,163.820,163.599,163.771,163.702,163.837,163.616,163.788
1759,GBP_JPY,2023-03-07T04:00:00.000000000Z,4777,163.755,163.837,163.721,163.831,163.771,163.852,163.736,163.846,163.787,163.867,163.751,163.862
1760,GBP_JPY,2023-03-07T05:00:00.000000000Z,5836,163.830,163.851,163.619,163.677,163.846,163.864,163.634,163.694,163.863,163.878,163.650,163.711
1761,GBP_JPY,2023-03-07T06:00:00.000000000Z,4597,163.676,163.690,163.555,163.582,163.692,163.706,163.572,163.597,163.709,163.723,163.586,163.612
1762,GBP_JPY,2023-03-07T07:00:00.000000000Z,10949,163.582,163.824,163.469,163.549,163.598,163.838,163.486,163.566,163.614,163.851,163.502,163.582
1763,GBP_JPY,2023-03-07T08:00:00.000000000Z,13785,163.550,163.553,163.072,163.163,163.566,163.569,163.088,163.180,163.582,163.585,163.104,163.197
1764,GBP_JPY,2023-03-07T09:00:00.000000000Z,12749,163.161,163.276,163.007,163.190,163.178,163.291,163.024,163.206,163.195,163.306,163.039,163.222
1765,GBP_JPY,2023-03-07T10:00:00.000000000Z,9797,163.195,163.360,163.067,163.324,163.212,163.376,163.084,163.340,163.228,163.392,163.099,163.356
1766,GBP_JPY,2023-03-07T11:00:00.000000000Z,8714,163.320,163.384,162.981,163.096,163.336,163.401,162.998,163.110,163.353,163.418,163.014,163.125
1767,GBP_JPY,2023-03-07T12:00:00.000000000Z,8943,163.095,163.348,163.035,163.347,163.110,163.361,163.051,163.361,163.126,163.375,163.064,163.375
1768,GBP_JPY,2023-03-07T13:00:00.000000000Z,12071,163.349,163.377,163.024,163.100,163.362,163.390,163.039,163.115,163.375,163.404,163.051,163.130
1769,GBP_JPY,2023-03-07T14:00:00.000000000Z,14581,163.097,163.331,163.031,163.140,163.112,163.341,163.046,163.154,163.127,163.352,163.059,163.167
1770,GBP_JPY,2023-03-07T15:00:00.000000000Z,32063,163.141,163.286,162.338,162.416,163.154,163.308,162.354,162.430,163.166,163.344,162.369,162.443
1771,GBP_JPY,2023-03-07T16:00:00.000000000Z,18425,162.419,162.462,162.196,162.300,162.433,162.476,162.213,162.313,162.447,162.491,162.228,162.326
1772,GBP_JPY,2023-03-07T17:00:00.000000000Z,14326,162.301,162.347,162.064,162.157,162.316,162.361,162.080,162.171,162.330,162.375,162.096,162.185
1773,GBP_JPY,2023-03-07T18:00:00.000000000Z,9266,162.158,162.209,162.039,162.101,162.171,162.224,162.053,162.114,162.184,162.240,162.066,162.128
1774,GBP_JPY,2023-03-07T19:00:00.000000000Z,6249,162.102,162.240,162.092,162.177,162.114,162.253,162.106,162.190,162.127,162.266,162.119,162.203
1775,GBP_JPY,2023-03-07T20:00:00.000000000Z,5759,162.179,162.301,162.154,162.199,162.192,162.314,162.167,162.212,162.205,162.328,162.180,162.225
1776,GBP_JPY,2023-03-07T21:00:00.000000000Z,2217,162.200,162.247,162.123,162.197,162.214,162.261,162.134,162.215,162.228,162.276,162.146,162.233
1777,GBP_JPY,2023-03-07T22:00:00.000000000Z,1968,162.149,162.233,162.082,162.179,162.224,162.294,162.152,162.230,162.299,162.363,162.222,162.281
1778,GBP_JPY,2023-03-07T23:00:00.000000000Z,6786,162.168,162.541,162.158,162.475,162.218,162.562,162.210,162.493,162.268,162.583,162.262,162.511
1779,GBP_JPY,2023-03-08T00:00:00.000000000Z,7736,162.475,162.662,162.349,162.446,162.494,162.679,162.366,162.464,162.512,162.696,162.382,162.483
1780,GBP_JPY,2023-03-08T01:00:00.000000000Z,7470,162.446,162.588,162.388,162.418,162.467,162.605,162.405,162.435,162.488,162.622,162.421,162.452
1781,GBP_JPY,2023-03-08T02:00:00.000000000Z,6564,162.418,162.562,162.404,162.558,162.434,162.576,162.418,162.572,162.450,162.590,162.432,162.586
1782,GBP_JPY,2023-03-08T03:00:00.000000000Z,6560,162.556,162.727,162.554,162.709,162.572,162.740,162.569,162.725,162.587,162.756,162.583,162.741
1783,GBP_JPY,2023-03-08T04:00:00.000000000Z,7065,162.712,162.974,162.698,162.939,162.728,162.990,162.714,162.954,162.744,163.007,162.731,162.970
1784,GBP_JPY,2023-03-08T05:00:00.000000000Z,5146,162.943,162.973,162.773,162.785,162.958,162.987,162.789,162.798,162.972,163.001,162.805,162.811
1785,GBP_JPY,2023-03-08T06:00:00.000000000Z,4998,162.782,162.880,162.742,162.824,162.796,162.894,162.758,162.840,162.810,162.908,162.772,162.855
1786,GBP_JPY,2023-03-08T07:00:00.000000000Z,11141,162.825,162.829,162.516,162.579,162.842,162.844,162.532,162.594,162.858,162.861,162.544,162.608
1787,GBP_JPY,2023-03-08T08:00:00.000000000Z,12310,162.581,162.865,162.422,162.859,162.594,162.881,162.438,162.874,162.608,162.897,162.452,162.888
1788,GBP_JPY,2023-03-08T09:00:00.000000000Z,10544,162.858,162.958,162.746,162.757,162.874,162.973,162.760,162.772,162.889,162.988,162.774,162.788
1789,GBP_JPY,2023-03-08T10:00:00.000000000Z,8762,162.760,162.906,162.600,162.663,162.775,162.921,162.614,162.679,162.790,162.936,162.627,162.695
1790,GBP_JPY,2023-03-08T11:00:00.000000000Z,8008,162.665,162.794,162.397,162.449,162.680,162.808,162.411,162.466,162.694,162.823,162.425,162.482
1791,GBP_JPY,2023-03-08T12:00:00.000000000Z,6938,162.451,162.591,162.421,162.503,162.466,162.605,162.436,162.516,162.482,162.619,162.450,162.530
1792,GBP_JPY,2023-03-08T13:00:00.000000000Z,14059,162.506,162.525,162.039,162.047,162.520,162.563,162.051,162.060,162.535,162.603,162.063,162.074
1793,GBP_JPY,2023-03-08T14:00:00.000000000Z,15025,162.046,162.074,161.806,161.936,162.058,162.088,161.820,161.958,162.071,162.101,161.834,161.981
1794,GBP_JPY,2023-03-08T15:00:00.000000000Z,25725,161.935,162.086,161.697,162.007,161.958,162.100,161.714,162.020,161.982,162.174,161.731,162.033
1795,GBP_JPY,2023-03-08T16:00:00.000000000Z,13205,162.008,162.380,161.943,162.355,162.022,162.395,161.957,162.367,162.036,162.410,161.969,162.379
1796,GBP_JPY,2023-03-08T17:00:00.000000000Z,8162,162.352,162.373,162.171,162.313,162.366,162.387,162.188,162.326,162.379,162.401,162.200,162.338
1797,GBP_JPY,2023-03-08T18:00:00.000000000Z,8183,162.313,162.466,162.312,162.434,162.326,162.480,162.326,162.450,162.340,162.493,162.338,162.466
1798,GBP_JPY,2023-03-08T19:00:00.000000000Z,5617,162.434,162.549,162.397,162.495,162.449,162.562,162.411,162.508,162.464,162.575,162.424,162.521
1799,GBP_JPY,2023-03-08T20:00:00.000000000Z,3832,162.494,162.643,162.415,162.605,162.508,162.654,162.428,162.618,162.521,162.666,162.441,162.631
1800,GBP_JPY,2023-03-08T21:00:00.000000000Z,2058,162.602,162.775,162.595,162.644,162.615,162.788,162.608,162.664,162.628,162.802,162.620,162.685
1801,GBP_JPY,2023-03-08T22:00:00.000000000Z,3713,162.504,162.612,162.430,162.515,162.579,162.687,162.505,162.590,162.654,162.762,162.580,162.665
1802,GBP_JPY,2023-03-08T23:00:00.000000000Z,5552,162.521,162.634,162.480,162.590,162.596,162.652,162.500,162.610,162.671,162.672,162.520,162.629
1803,GBP_JPY,2023-03-09T00:00:00.000000000Z,9428,162.587,162.617,162.075,162.230,162.606,162.634,162.089,162.246,162.626,162.651,162.103,162.263
1804,GBP_JPY,2023-03-09T01:00:00.000000000Z,7417,162.227,162.382,162.220,162.300,162.245,162.399,162.238,162.318,162.263,162.417,162.256,162.336
1805,GBP_JPY,2023-03-09T02:00:00.000000000Z,5060,162.299,162.333,162.205,162.314,162.318,162.348,162.222,162.330,162.336,162.365,162.237,162.346
1806,GBP_JPY,2023-03-09T03:00:00.000000000Z,4713,162.313,162.324,162.169,162.219,162.330,162.339,162.186,162.234,162.346,162.354,162.203,162.248
1807,GBP_JPY,2023-03-09T04:00:00.000000000Z,3512,162.218,162.267,162.110,162.147,162.234,162.283,162.126,162.162,162.250,162.300,162.141,162.178
1808,GBP_JPY,2023-03-09T05:00:00.000000000Z,4467,162.144,162.286,162.104,162.189,162.161,162.302,162.119,162.205,162.178,162.318,162.134,162.221
1809,GBP_JPY,2023-03-09T06:00:00.000000000Z,5056,162.189,162.195,161.948,161.989,162.204,162.212,161.966,162.006,162.220,162.230,161.981,162.022
1810,GBP_JPY,2023-03-09T07:00:00.000000000Z,8079,161.987,162.148,161.928,162.142,162.002,162.162,161.943,162.156,162.018,162.175,161.957,162.169
1811,GBP_JPY,2023-03-09T08:00:00.000000000Z,11542,162.145,162.145,161.763,161.827,162.159,162.159,161.776,161.841,162.173,162.173,161.788,161.855
1812,GBP_JPY,2023-03-09T09:00:00.000000000Z,9033,161.823,161.919,161.601,161.645,161.837,161.933,161.616,161.659,161.851,161.947,161.630,161.673
1813,GBP_JPY,2023-03-09T10:00:00.000000000Z,8224,161.646,161.828,161.607,161.814,161.659,161.842,161.621,161.827,161.672,161.855,161.635,161.840
1814,GBP_JPY,2023-03-09T11:00:00.000000000Z,8350,161.811,162.040,161.805,162.008,161.825,162.054,161.820,162.022,161.839,162.068,161.833,162.037
1815,GBP_JPY,2023-03-09T12:00:00.000000000Z,7100,162.009,162.122,161.917,161.933,162.024,162.137,161.933,161.948,162.039,162.152,161.948,161.962
1816,GBP_JPY,2023-03-09T13:00:00.000000000Z,14563,161.935,162.109,161.740,162.072,161.950,162.124,161.756,162.087,161.964,162.141,161.773,162.102
1817,GBP_JPY,2023-03-09T14:00:00.000000000Z,15780,162.074,162.418,162.031,162.262,162.089,162.432,162.046,162.275,162.104,162.446,162.060,162.288
1818,GBP_JPY,2023-03-09T15:00:00.000000000Z,12656,162.267,162.538,162.207,162.359,162.280,162.552,162.221,162.372,162.293,162.567,162.234,162.384
1819,GBP_JPY,2023-03-09T16:00:00.000000000Z,9890,162.359,162.600,162.321,162.598,162.370,162.614,162.334,162.614,162.382,162.629,162.347,162.629
1820,GBP_JPY,2023-03-09T17:00:00.000000000Z,8443,162.600,162.613,162.367,162.439,162.614,162.627,162.382,162.452,162.629,162.641,162.397,162.466
1821,GBP_JPY,2023-03-09T18:00:00.000000000Z,10718,162.440,162.511,162.199,162.259,162.452,162.525,162.214,162.274,162.465,162.539,162.228,162.288
1822,GBP_JPY,2023-03-09T19:00:00.000000000Z,8497,162.260,162.295,162.156,162.156,162.274,162.310,162.170,162.171,162.287,162.325,162.184,162.186
1823,GBP_JPY,2023-03-09T20:00:00.000000000Z,10917,162.159,162.266,162.057,162.217,162.172,162.280,162.072,162.231,162.186,162.297,162.088,162.245
1824,GBP_JPY,2023-03-09T21:00:00.000000000Z,3484,162.216,162.293,162.153,162.268,162.231,162.310,162.169,162.286,162.246,162.326,162.185,162.304
1825,GBP_JPY,2023-03-09T22:00:00.000000000Z,2651,162.228,162.309,162.208,162.299,162.303,162.378,162.283,162.360,162.378,162.446,162.341,162.420
1826,GBP_JPY,2023-03-09T23:00:00.000000000Z,5744,162.282,162.621,162.223,162.574,162.346,162.643,162.250,162.596,162.409,162.666,162.273,162.619
1827,GBP_JPY,2023-03-10T00:00:00.000000000Z,12809,162.578,162.642,162.001,162.182,162.599,162.662,162.021,162.200,162.620,162.683,162.040,162.217
1828,GBP_JPY,2023-03-10T01:00:00.000000000Z,7609,162.180,162.260,162.014,162.110,162.198,162.279,162.032,162.130,162.215,162.300,162.048,162.149
1829,GBP_JPY,2023-03-10T02:00:00.000000000Z,16867,162.111,163.175,161.933,162.935,162.130,163.199,161.954,162.959,162.148,163.224,161.972,162.983
1830,GBP_JPY,2023-03-10T03:00:00.000000000Z,8908,162.932,162.965,162.613,162.765,162.956,162.990,162.634,162.783,162.981,163.016,162.655,162.801
1831,GBP_JPY,2023-03-10T04:00:00.000000000Z,7424,162.764,163.086,162.730,162.893,162.781,163.103,162.748,162.908,162.798,163.121,162.767,162.924
1832,GBP_JPY,2023-03-10T05:00:00.000000000Z,6562,162.891,163.013,162.829,162.915,162.906,163.032,162.846,162.932,162.922,163.051,162.863,162.950
1833,GBP_JPY,2023-03-10T06:00:00.000000000Z,7013,162.918,163.141,162.858,163.115,162.934,163.162,162.876,163.140,162.950,163.184,162.891,163.166
1834,GBP_JPY,2023-03-10T07:00:00.000000000Z,15792,163.116,163.350,162.920,163.076,163.140,163.372,162.938,163.092,163.163,163.393,162.954,163.108
1835,GBP_JPY,2023-03-10T08:00:00.000000000Z,16944,163.078,163.177,162.481,163.097,163.093,163.192,162.498,163.113,163.108,163.209,162.513,163.129
1836,GBP_JPY,2023-03-10T09:00:00.000000000Z,13281,163.095,164.156,163.072,163.964,163.112,164.172,163.087,163.979,163.130,164.189,163.102,163.994
1837,GBP_JPY,2023-03-10T10:00:00.000000000Z,11983,163.963,164.128,163.852,164.030,163.979,164.144,163.868,164.045,163.995,164.161,163.883,164.060
1838,GBP_JPY,2023-03-10T11:00:00.000000000Z,10377,164.028,164.224,163.810,164.009,164.044,164.240,163.825,164.024,164.060,164.257,163.840,164.038
1839,GBP_JPY,2023-03-10T12:00:00.000000000Z,12279,164.008,164.016,163.814,163.949,164.024,164.032,163.830,163.964,164.039,164.047,163.845,163.979
1840,GBP_JPY,2023-03-10T13:00:00.000000000Z,28343,163.947,164.230,163.313,163.754,163.962,164.305,163.370,163.770,163.977,164.380,163.410,163.786
1841,GBP_JPY,2023-03-10T14:00:00.000000000Z,29944,163.751,163.846,162.623,162.862,163.767,163.862,162.640,162.878,163.783,163.878,162.657,162.894
1842,GBP_JPY,2023-03-10T15:00:00.000000000Z,27169,162.864,162.989,162.351,162.474,162.880,163.006,162.368,162.488,162.896,163.022,162.385,162.501
1843,GBP_JPY,2023-03-10T16:00:00.000000000Z,22307,162.473,163.061,162.435,162.613,162.488,163.076,162.449,162.628,162.502,163.092,162.463,162.643
1844,GBP_JPY,2023-03-10T17:00:00.000000000Z,15695,162.613,162.660,162.438,162.480,162.628,162.674,162.454,162.494,162.642,162.690,162.470,162.509
1845,GBP_JPY,2023-03-10T18:00:00.000000000Z,11971,162.479,162.653,162.078,162.176,162.494,162.668,162.095,162.192,162.510,162.683,162.112,162.207
1846,GBP_JPY,2023-03-10T19:00:00.000000000Z,13244,162.180,162.233,161.979,162.158,162.194,162.250,161.995,162.172,162.209,162.267,162.011,162.185
1847,GBP_JPY,2023-03-10T20:00:00.000000000Z,12209,162.158,162.237,162.026,162.170,162.172,162.252,162.042,162.182,162.186,162.268,162.057,162.194
1848,GBP_JPY,2023-03-10T21:00:00.000000000Z,4937,162.164,162.586,162.124,162.515,162.180,162.611,162.139,162.570,162.196,162.660,162.152,162.625
1849,GBP_JPY,2023-03-12T21:00:00.000000000Z,436,162.290,162.308,161.751,161.835,162.365,162.383,161.826,161.900,162.440,162.458,161.901,161.966
1850,GBP_JPY,2023-03-12T22:00:00.000000000Z,4853,161.818,162.693,161.450,162.399,161.886,162.768,161.525,162.456,161.953,162.843,161.600,162.513
1851,GBP_JPY,2023-03-12T23:00:00.000000000Z,20243,162.379,163.044,162.118,162.951,162.454,163.074,162.166,162.984,162.529,163.103,162.207,163.016
1852,GBP_JPY,2023-03-13T00:00:00.000000000Z,15260,162.952,162.952,162.176,162.229,162.988,162.988,162.198,162.254,163.024,163.024,162.221,162.278
1853,GBP_JPY,2023-03-13T01:00:00.000000000Z,10932,162.229,162.575,162.092,162.449,162.254,162.596,162.114,162.470,162.279,162.618,162.136,162.491
1854,GBP_JPY,2023-03-13T02:00:00.000000000Z,15412,162.451,162.508,162.164,162.430,162.470,162.527,162.186,162.450,162.490,162.547,162.207,162.469
1855,GBP_JPY,2023-03-13T03:00:00.000000000Z,12911,162.430,162.617,162.287,162.574,162.450,162.636,162.308,162.590,162.471,162.657,162.328,162.607
1856,GBP_JPY,2023-03-13T04:00:00.000000000Z,8033,162.572,162.644,162.302,162.529,162.589,162.663,162.321,162.546,162.606,162.682,162.338,162.563
1857,GBP_JPY,2023-03-13T05:00:00.000000000Z,7265,162.524,162.786,162.404,162.726,162.541,162.802,162.418,162.741,162.558,162.820,162.430,162.756
1858,GBP_JPY,2023-03-13T06:00:00.000000000Z,10507,162.724,162.945,162.534,162.875,162.740,162.961,162.550,162.892,162.756,162.979,162.566,162.908
1859,GBP_JPY,2023-03-13T07:00:00.000000000Z,17739,162.874,163.041,162.717,162.776,162.891,163.060,162.733,162.792,162.908,163.078,162.749,162.808
1860,GBP_JPY,2023-03-13T08:00:00.000000000Z,21834,162.777,162.960,161.831,161.895,162.794,162.978,161.850,161.912,162.810,162.995,161.868,161.929
1861,GBP_JPY,2023-03-13T09:00:00.000000000Z,30416,161.894,162.029,160.624,160.883,161.910,162.044,160.644,160.898,161.926,162.062,160.664,160.914
1862,GBP_JPY,2023-03-13T10:00:00.000000000Z,24902,160.883,161.308,160.781,161.186,160.898,161.323,160.797,161.202,160.912,161.341,160.813,161.219
1863,GBP_JPY,2023-03-13T11:00:00.000000000Z,24838,161.183,161.466,160.473,160.792,161.200,161.484,160.490,160.808,161.216,161.502,160.507,160.823
1864,GBP_JPY,2023-03-13T12:00:00.000000000Z,34569,160.796,160.992,160.027,160.336,160.810,161.008,160.045,160.353,160.825,161.023,160.062,160.370
1865,GBP_JPY,2023-03-13T13:00:00.000000000Z,30525,160.339,160.989,160.278,160.909,160.354,161.006,160.295,160.926,160.369,161.022,160.312,160.943
1866,GBP_JPY,2023-03-13T14:00:00.000000000Z,26374,160.907,161.461,160.810,161.429,160.925,161.475,160.827,161.443,160.943,161.490,160.844,161.457
1867,GBP_JPY,2023-03-13T15:00:00.000000000Z,24961,161.433,161.969,161.382,161.862,161.448,161.986,161.396,161.877,161.463,162.002,161.411,161.892
1868,GBP_JPY,2023-03-13T16:00:00.000000000Z,21499,161.863,162.057,161.687,161.763,161.877,162.074,161.704,161.776,161.891,162.090,161.720,161.790
1869,GBP_JPY,2023-03-13T17:00:00.000000000Z,14452,161.763,162.175,161.689,162.128,161.778,162.190,161.704,162.142,161.792,162.206,161.719,162.156
1870,GBP_JPY,2023-03-13T18:00:00.000000000Z,15627,162.128,162.741,162.098,162.619,162.144,162.757,162.114,162.634,162.160,162.773,162.129,162.649
1871,GBP_JPY,2023-03-13T19:00:00.000000000Z,15758,162.621,162.789,162.390,162.470,162.635,162.804,162.404,162.485,162.649,162.819,162.419,162.500
1872,GBP_JPY,2023-03-13T20:00:00.000000000Z,7835,162.472,162.528,162.257,162.320,162.486,162.543,162.274,162.343,162.500,162.560,162.289,162.366
1873,GBP_JPY,2023-03-13T21:00:00.000000000Z,3761,162.218,162.296,162.098,162.266,162.293,162.352,162.173,162.320,162.368,162.427,162.248,162.373
1874,GBP_JPY,2023-03-13T22:00:00.000000000Z,12250,162.273,162.353,162.124,162.216,162.324,162.374,162.144,162.236,162.375,162.410,162.165,162.255
1875,GBP_JPY,2023-03-13T23:00:00.000000000Z,8447,162.216,162.318,161.909,161.913,162.236,162.340,161.928,161.932,162.256,162.364,161.946,161.951
1876,GBP_JPY,2023-03-14T00:00:00.000000000Z,13054,161.919,162.142,161.849,162.035,161.937,162.162,161.871,162.056,161.955,162.182,161.893,162.077
1877,GBP_JPY,2023-03-14T01:00:00.000000000Z,14146,162.033,162.706,162.000,162.478,162.054,162.727,162.022,162.496,162.075,162.749,162.044,162.513
1878,GBP_JPY,2023-03-14T02:00:00.000000000Z,12134,162.474,162.615,162.358,162.396,162.492,162.633,162.378,162.414,162.511,162.652,162.397,162.433
1879,GBP_JPY,2023-03-14T03:00:00.000000000Z,8000,162.398,162.633,162.358,162.594,162.416,162.650,162.376,162.612,162.434,162.670,162.393,162.630
1880,GBP_JPY,2023-03-14T04:00:00.000000000Z,8173,162.593,162.809,162.538,162.705,162.612,162.826,162.558,162.723,162.632,162.845,162.575,162.741
1881,GBP_JPY,2023-03-14T05:00:00.000000000Z,8088,162.698,162.807,162.618,162.729,162.716,162.823,162.637,162.745,162.734,162.841,162.656,162.761
1882,GBP_JPY,2023-03-14T06:00:00.000000000Z,16000,162.727,162.814,162.212,162.535,162.743,162.831,162.230,162.560,162.759,162.848,162.249,162.584
1883,GBP_JPY,2023-03-14T07:00:00.000000000Z,20831,162.557,162.737,162.127,162.317,162.582,162.753,162.148,162.334,162.606,162.771,162.170,162.351
1884,GBP_JPY,2023-03-14T08:00:00.000000000Z,23270,162.313,163.241,162.293,163.125,162.332,163.256,162.310,163.142,162.351,163.274,162.325,163.159
1885,GBP_JPY,2023-03-14T09:00:00.000000000Z,16406,163.123,163.204,162.776,163.130,163.140,163.220,162.793,163.146,163.157,163.236,162.810,163.161
1886,GBP_JPY,2023-03-14T10:00:00.000000000Z,12784,163.129,163.234,162.751,162.830,163.145,163.250,162.768,162.844,163.161,163.266,162.784,162.858
1887,GBP_JPY,2023-03-14T11:00:00.000000000Z,13557,162.829,163.271,162.720,163.218,162.844,163.286,162.736,163.235,162.860,163.302,162.749,163.252
1888,GBP_JPY,2023-03-14T12:00:00.000000000Z,30192,163.215,163.735,162.962,163.430,163.231,163.756,163.037,163.446,163.247,163.828,163.085,163.463
1889,GBP_JPY,2023-03-14T13:00:00.000000000Z,27590,163.429,164.071,163.408,163.876,163.447,164.086,163.426,163.890,163.465,164.102,163.443,163.905
1890,GBP_JPY,2023-03-14T14:00:00.000000000Z,20643,163.872,163.931,163.449,163.502,163.888,163.944,163.462,163.514,163.904,163.957,163.476,163.527
1891,GBP_JPY,2023-03-14T15:00:00.000000000Z,14404,163.494,163.556,162.966,163.135,163.506,163.570,162.980,163.146,163.519,163.584,162.993,163.157
1892,GBP_JPY,2023-03-14T16:00:00.000000000Z,13979,163.135,163.588,163.115,163.361,163.145,163.601,163.128,163.374,163.155,163.615,163.142,163.388
1893,GBP_JPY,2023-03-14T17:00:00.000000000Z,16327,163.357,163.567,163.198,163.514,163.372,163.580,163.214,163.528,163.388,163.595,163.230,163.543
1894,GBP_JPY,2023-03-14T18:00:00.000000000Z,11843,163.514,163.554,163.283,163.334,163.530,163.568,163.298,163.349,163.545,163.583,163.313,163.364
1895,GBP_JPY,2023-03-14T19:00:00.000000000Z,11866,163.338,163.386,163.128,163.385,163.352,163.400,163.144,163.399,163.366,163.414,163.158,163.413
1896,GBP_JPY,2023-03-14T20:00:00.000000000Z,3993,163.384,163.385,163.066,163.150,163.400,163.400,163.083,163.183,163.415,163.415,163.099,163.216
1897,GBP_JPY,2023-03-14T21:00:00.000000000Z,4495,163.112,163.220,163.054,163.127,163.187,163.295,163.126,163.196,163.262,163.370,163.182,163.266
1898,GBP_JPY,2023-03-14T22:00:00.000000000Z,12145,163.129,163.230,163.083,163.159,163.200,163.259,163.118,163.183,163.271,163.310,163.148,163.207
1899,GBP_JPY,2023-03-14T23:00:00.000000000Z,8330,163.159,163.385,163.157,163.335,163.182,163.406,163.180,163.353,163.206,163.427,163.203,163.371
1900,GBP_JPY,2023-03-15T00:00:00.000000000Z,11910,163.332,163.598,163.251,163.386,163.352,163.616,163.272,163.406,163.373,163.633,163.291,163.426
1901,GBP_JPY,2023-03-15T01:00:00.000000000Z,8309,163.386,163.427,163.223,163.364,163.405,163.446,163.242,163.381,163.424,163.466,163.261,163.398
1902,GBP_JPY,2023-03-15T02:00:00.000000000Z,8813,163.361,163.370,163.189,163.301,163.379,163.386,163.206,163.320,163.397,163.403,163.224,163.339
1903,GBP_JPY,2023-03-15T03:00:00.000000000Z,6765,163.300,163.431,163.294,163.413,163.318,163.448,163.312,163.430,163.335,163.466,163.328,163.446
1904,GBP_JPY,2023-03-15T04:00:00.000000000Z,6335,163.414,163.633,163.398,163.614,163.430,163.650,163.416,163.632,163.445,163.668,163.431,163.649
1905,GBP_JPY,2023-03-15T05:00:00.000000000Z,6594,163.614,163.678,163.439,163.656,163.632,163.696,163.458,163.673,163.651,163.714,163.476,163.690
1906,GBP_JPY,2023-03-15T06:00:00.000000000Z,7733,163.655,163.824,163.586,163.686,163.673,163.840,163.602,163.705,163.691,163.856,163.619,163.724
1907,GBP_JPY,2023-03-15T07:00:00.000000000Z,14693,163.686,164.038,163.567,163.953,163.704,164.052,163.584,163.970,163.722,164.067,163.602,163.987
1908,GBP_JPY,2023-03-15T08:00:00.000000000Z,15742,163.955,164.130,163.689,163.739,163.971,164.145,163.706,163.755,163.987,164.161,163.723,163.771
1909,GBP_JPY,2023-03-15T09:00:00.000000000Z,23047,163.741,163.796,162.371,162.562,163.756,163.812,162.392,162.578,163.772,163.830,162.412,162.594
1910,GBP_JPY,2023-03-15T10:00:00.000000000Z,25806,162.565,162.576,160.946,161.233,162.581,162.594,160.964,161.252,162.597,162.614,160.983,161.270
1911,GBP_JPY,2023-03-15T11:00:00.000000000Z,27321,161.235,161.565,160.983,161.120,161.254,161.587,161.002,161.138,161.273,161.609,161.019,161.155
1912,GBP_JPY,2023-03-15T12:00:00.000000000Z,29252,161.124,161.155,159.969,160.231,161.140,161.171,159.988,160.250,161.156,161.190,160.008,160.270
1913,GBP_JPY,2023-03-15T13:00:00.000000000Z,34157,160.222,161.083,159.838,159.933,160.242,161.108,159.862,159.952,160.261,161.135,159.884,159.971
1914,GBP_JPY,2023-03-15T14:00:00.000000000Z,29468,159.937,160.683,159.836,160.423,159.955,160.708,159.855,160.436,159.973,160.734,159.872,160.450
1915,GBP_JPY,2023-03-15T15:00:00.000000000Z,23494,160.419,160.599,159.754,159.784,160.434,160.614,159.768,159.798,160.449,160.631,159.783,159.813
1916,GBP_JPY,2023-03-15T16:00:00.000000000Z,19137,159.784,159.791,159.197,159.403,159.798,159.804,159.213,159.418,159.811,159.818,159.229,159.434
1917,GBP_JPY,2023-03-15T17:00:00.000000000Z,20050,159.400,160.400,159.379,160.385,159.418,160.417,159.396,160.402,159.436,160.434,159.413,160.419
1918,GBP_JPY,2023-03-15T18:00:00.000000000Z,24842,160.386,161.520,160.110,161.181,160.404,161.544,160.130,161.199,160.422,161.567,160.149,161.217
1919,GBP_JPY,2023-03-15T19:00:00.000000000Z,23558,161.183,161.306,160.495,160.617,161.200,161.328,160.516,160.640,161.217,161.351,160.536,160.662
1920,GBP_JPY,2023-03-15T20:00:00.000000000Z,6978,160.620,160.884,160.567,160.822,160.642,160.914,160.588,160.858,160.663,160.945,160.608,160.894
1921,GBP_JPY,2023-03-15T21:00:00.000000000Z,274,160.888,160.888,160.656,160.695,160.963,160.963,160.731,160.770,161.038,161.038,160.806,160.845
1922,GBP_JPY,2023-03-15T22:00:00.000000000Z,7224,160.699,160.748,160.532,160.741,160.774,160.783,160.602,160.762,160.849,160.858,160.667,160.784
1923,GBP_JPY,2023-03-15T23:00:00.000000000Z,8822,160.738,160.790,160.229,160.359,160.760,160.812,160.252,160.380,160.782,160.836,160.276,160.402
1924,GBP_JPY,2023-03-16T00:00:00.000000000Z,17949,160.359,161.047,160.009,160.998,160.379,161.072,160.029,161.022,160.399,161.097,160.048,161.047
1925,GBP_JPY,2023-03-16T01:00:00.000000000Z,14932,160.996,161.223,160.508,160.537,161.022,161.244,160.528,160.558,161.047,161.267,160.548,160.578
1926,GBP_JPY,2023-03-16T02:00:00.000000000Z,11473,160.535,160.591,160.164,160.319,160.557,160.612,160.187,160.338,160.579,160.633,160.210,160.358
1927,GBP_JPY,2023-03-16T03:00:00.000000000Z,8940,160.319,160.422,160.186,160.260,160.338,160.442,160.206,160.282,160.357,160.464,160.226,160.303
1928,GBP_JPY,2023-03-16T04:00:00.000000000Z,8175,160.257,160.391,160.087,160.365,160.279,160.407,160.106,160.383,160.301,160.424,160.125,160.401
1929,GBP_JPY,2023-03-16T05:00:00.000000000Z,9109,160.367,160.754,160.213,160.224,160.384,160.772,160.231,160.242,160.402,160.792,160.249,160.261
1930,GBP_JPY,2023-03-16T06:00:00.000000000Z,8389,160.224,160.484,160.183,160.347,160.244,160.501,160.202,160.366,160.263,160.519,160.222,160.386
1931,GBP_JPY,2023-03-16T07:00:00.000000000Z,17675,160.341,161.034,160.296,161.005,160.360,161.053,160.318,161.021,160.380,161.073,160.336,161.037
1932,GBP_JPY,2023-03-16T08:00:00.000000000Z,23170,160.993,161.238,160.370,160.503,161.009,161.256,160.391,160.518,161.025,161.276,160.412,160.533
1933,GBP_JPY,2023-03-16T09:00:00.000000000Z,15277,160.499,160.506,160.066,160.425,160.515,160.522,160.083,160.443,160.531,160.540,160.100,160.461
1934,GBP_JPY,2023-03-16T10:00:00.000000000Z,11725,160.423,160.482,159.969,160.066,160.440,160.496,159.986,160.080,160.457,160.512,160.001,160.095
1935,GBP_JPY,2023-03-16T11:00:00.000000000Z,13638,160.068,160.068,159.751,159.767,160.082,160.082,159.767,159.781,160.097,160.097,159.783,159.795
1936,GBP_JPY,2023-03-16T12:00:00.000000000Z,22568,159.764,159.944,159.358,159.546,159.780,159.988,159.387,159.562,159.796,160.039,159.413,159.578
1937,GBP_JPY,2023-03-16T13:00:00.000000000Z,32780,159.546,160.008,158.539,159.965,159.562,160.026,158.562,159.982,159.579,160.060,158.583,159.999
1938,GBP_JPY,2023-03-16T14:00:00.000000000Z,29193,159.956,160.672,159.340,160.358,159.973,160.690,159.359,160.375,159.990,160.709,159.377,160.392
1939,GBP_JPY,2023-03-16T15:00:00.000000000Z,27472,160.359,161.122,160.138,161.075,160.375,161.138,160.156,161.092,160.391,161.156,160.173,161.110
1940,GBP_JPY,2023-03-16T16:00:00.000000000Z,18684,161.076,161.611,160.841,161.582,161.093,161.626,160.859,161.598,161.110,161.642,160.875,161.614
1941,GBP_JPY,2023-03-16T17:00:00.000000000Z,17410,161.584,162.062,161.564,161.813,161.600,162.077,161.580,161.829,161.616,162.092,161.594,161.845
1942,GBP_JPY,2023-03-16T18:00:00.000000000Z,13458,161.811,161.909,161.707,161.831,161.827,161.925,161.724,161.846,161.843,161.943,161.738,161.862
1943,GBP_JPY,2023-03-16T19:00:00.000000000Z,10393,161.833,161.863,161.675,161.722,161.848,161.880,161.690,161.738,161.862,161.899,161.704,161.753
1944,GBP_JPY,2023-03-16T20:00:00.000000000Z,6333,161.721,162.097,161.716,161.978,161.737,162.114,161.734,162.018,161.753,162.132,161.749,162.059
1945,GBP_JPY,2023-03-16T21:00:00.000000000Z,416,161.887,161.894,161.639,161.753,161.962,161.969,161.714,161.828,162.037,162.044,161.789,161.903
1946,GBP_JPY,2023-03-16T22:00:00.000000000Z,5588,161.735,161.854,161.582,161.587,161.810,161.886,161.608,161.610,161.885,161.918,161.633,161.633
1947,GBP_JPY,2023-03-16T23:00:00.000000000Z,6721,161.584,161.626,161.465,161.488,161.608,161.648,161.483,161.508,161.631,161.672,161.500,161.529
1948,GBP_JPY,2023-03-17T00:00:00.000000000Z,8975,161.487,161.682,161.481,161.549,161.509,161.700,161.502,161.568,161.531,161.719,161.524,161.586
1949,GBP_JPY,2023-03-17T01:00:00.000000000Z,9014,161.547,161.697,161.459,161.654,161.566,161.717,161.478,161.675,161.586,161.738,161.497,161.696
1950,GBP_JPY,2023-03-17T02:00:00.000000000Z,7561,161.655,161.717,161.549,161.693,161.677,161.734,161.568,161.710,161.699,161.752,161.587,161.727
1951,GBP_JPY,2023-03-17T03:00:00.000000000Z,7535,161.692,161.733,161.554,161.711,161.710,161.750,161.572,161.728,161.728,161.766,161.590,161.744
1952,GBP_JPY,2023-03-17T04:00:00.000000000Z,6583,161.708,161.892,161.622,161.627,161.723,161.912,161.640,161.644,161.738,161.934,161.657,161.662
1953,GBP_JPY,2023-03-17T05:00:00.000000000Z,7085,161.632,161.781,161.507,161.748,161.650,161.798,161.525,161.766,161.669,161.816,161.542,161.784
1954,GBP_JPY,2023-03-17T06:00:00.000000000Z,8219,161.749,161.806,161.484,161.610,161.766,161.823,161.504,161.628,161.783,161.840,161.523,161.646
1955,GBP_JPY,2023-03-17T07:00:00.000000000Z,14123,161.611,161.959,161.552,161.782,161.628,161.976,161.567,161.800,161.645,161.993,161.582,161.818
1956,GBP_JPY,2023-03-17T08:00:00.000000000Z,17047,161.781,162.175,161.628,161.737,161.800,162.194,161.646,161.752,161.818,162.214,161.664,161.767
1957,GBP_JPY,2023-03-17T09:00:00.000000000Z,12493,161.735,161.839,161.278,161.466,161.750,161.855,161.294,161.482,161.765,161.871,161.311,161.497
1958,GBP_JPY,2023-03-17T10:00:00.000000000Z,11240,161.464,161.656,161.420,161.541,161.481,161.672,161.438,161.558,161.498,161.688,161.454,161.574
1959,GBP_JPY,2023-03-17T11:00:00.000000000Z,16425,161.539,161.584,160.567,160.899,161.556,161.600,160.584,160.916,161.573,161.617,160.600,160.933
1960,GBP_JPY,2023-03-17T12:00:00.000000000Z,19097,160.897,161.041,160.151,160.493,160.914,161.056,160.169,160.510,160.931,161.072,160.186,160.526
1961,GBP_JPY,2023-03-17T13:00:00.000000000Z,20342,160.495,160.913,160.416,160.748,160.512,160.929,160.433,160.785,160.528,160.945,160.450,160.822
1962,GBP_JPY,2023-03-17T14:00:00.000000000Z,23089,160.686,160.968,160.106,160.487,160.730,160.984,160.122,160.502,160.774,161.001,160.138,160.517
1963,GBP_JPY,2023-03-17T15:00:00.000000000Z,18082,160.483,160.727,160.187,160.264,160.498,160.742,160.202,160.276,160.512,160.759,160.215,160.289
1964,GBP_JPY,2023-03-17T16:00:00.000000000Z,14985,160.268,161.022,160.228,160.974,160.280,161.038,160.242,160.988,160.293,161.054,160.254,161.002
1965,GBP_JPY,2023-03-17T17:00:00.000000000Z,10906,160.973,161.058,160.808,160.937,160.986,161.073,160.824,160.952,160.999,161.089,160.839,160.967
1966,GBP_JPY,2023-03-17T18:00:00.000000000Z,12745,160.935,161.027,160.414,160.575,160.951,161.043,160.430,160.591,160.967,161.059,160.446,160.607
1967,GBP_JPY,2023-03-17T19:00:00.000000000Z,10294,160.570,160.757,160.493,160.624,160.585,160.772,160.510,160.639,160.600,160.788,160.525,160.654
1968,GBP_JPY,2023-03-17T20:00:00.000000000Z,6855,160.629,160.691,160.357,160.561,160.644,160.712,160.432,160.636,160.659,160.734,160.480,160.711
1969,GBP_JPY,2023-03-19T21:00:00.000000000Z,170,160.960,161.012,160.667,160.898,161.035,161.087,160.742,160.973,161.110,161.162,160.817,161.048
1970,GBP_JPY,2023-03-19T22:00:00.000000000Z,11469,160.850,161.106,160.588,161.005,160.925,161.134,160.622,161.039,161.000,161.163,160.656,161.073
1971,GBP_JPY,2023-03-19T23:00:00.000000000Z,11571,161.001,161.290,160.820,161.193,161.035,161.312,160.850,161.216,161.069,161.334,160.879,161.238
1972,GBP_JPY,2023-03-20T00:00:00.000000000Z,12669,161.198,161.721,161.154,161.681,161.220,161.740,161.176,161.700,161.242,161.761,161.199,161.718
1973,GBP_JPY,2023-03-20T01:00:00.000000000Z,13637,161.680,161.693,161.033,161.139,161.700,161.712,161.054,161.161,161.719,161.730,161.076,161.183
1974,GBP_JPY,2023-03-20T02:00:00.000000000Z,9286,161.138,161.282,160.854,161.050,161.160,161.304,160.872,161.068,161.183,161.326,160.890,161.087
1975,GBP_JPY,2023-03-20T03:00:00.000000000Z,11450,161.047,161.086,160.589,160.711,161.066,161.104,160.608,160.728,161.084,161.125,160.627,160.745
1976,GBP_JPY,2023-03-20T04:00:00.000000000Z,8710,160.712,160.846,160.459,160.554,160.728,160.866,160.476,160.573,160.744,160.887,160.492,160.592
1977,GBP_JPY,2023-03-20T05:00:00.000000000Z,7676,160.553,160.822,160.466,160.687,160.572,160.840,160.485,160.707,160.592,160.858,160.503,160.727
1978,GBP_JPY,2023-03-20T06:00:00.000000000Z,16983,160.686,160.692,159.616,159.721,160.705,160.710,159.636,159.742,160.724,160.728,159.655,159.762
1979,GBP_JPY,2023-03-20T07:00:00.000000000Z,22232,159.723,159.904,159.344,159.733,159.742,159.922,159.364,159.750,159.762,159.940,159.383,159.768
1980,GBP_JPY,2023-03-20T08:00:00.000000000Z,24941,159.733,160.071,158.944,159.851,159.752,160.089,158.966,159.867,159.770,160.107,158.983,159.883
1981,GBP_JPY,2023-03-20T09:00:00.000000000Z,20347,159.850,160.082,159.499,159.965,159.868,160.100,159.516,159.984,159.885,160.118,159.534,160.002
1982,GBP_JPY,2023-03-20T10:00:00.000000000Z,17175,159.966,160.536,159.810,160.456,159.984,160.554,159.828,160.474,160.001,160.573,159.847,160.491
1983,GBP_JPY,2023-03-20T11:00:00.000000000Z,14797,160.456,160.494,159.991,160.288,160.476,160.512,160.007,160.304,160.496,160.530,160.021,160.320
1984,GBP_JPY,2023-03-20T12:00:00.000000000Z,18086,160.284,161.084,160.097,160.859,160.300,161.100,160.113,160.876,160.317,161.118,160.129,160.893
1985,GBP_JPY,2023-03-20T13:00:00.000000000Z,21066,160.857,161.451,160.611,161.282,160.874,161.464,160.627,161.296,160.892,161.478,160.642,161.310
1986,GBP_JPY,2023-03-20T14:00:00.000000000Z,18421,161.277,161.444,161.074,161.418,161.292,161.458,161.089,161.434,161.306,161.474,161.103,161.449
1987,GBP_JPY,2023-03-20T15:00:00.000000000Z,15783,161.414,161.538,161.186,161.266,161.430,161.554,161.201,161.279,161.445,161.571,161.216,161.292
1988,GBP_JPY,2023-03-20T16:00:00.000000000Z,14288,161.272,161.501,160.989,161.480,161.286,161.516,161.004,161.494,161.300,161.530,161.018,161.509
1989,GBP_JPY,2023-03-20T17:00:00.000000000Z,10016,161.479,161.687,161.418,161.470,161.496,161.702,161.436,161.486,161.512,161.718,161.450,161.501
1990,GBP_JPY,2023-03-20T18:00:00.000000000Z,8837,161.471,161.551,161.200,161.245,161.486,161.566,161.216,161.262,161.500,161.581,161.232,161.278
1991,GBP_JPY,2023-03-20T19:00:00.000000000Z,9356,161.243,161.388,161.229,161.344,161.258,161.404,161.245,161.358,161.274,161.420,161.261,161.371
1992,GBP_JPY,2023-03-20T20:00:00.000000000Z,6335,161.346,161.397,161.218,161.223,161.359,161.412,161.243,161.244,161.372,161.427,161.261,161.264
1993,GBP_JPY,2023-03-20T21:00:00.000000000Z,1378,161.107,161.154,161.036,161.124,161.182,161.224,161.111,161.186,161.257,161.295,161.186,161.247
1994,GBP_JPY,2023-03-20T22:00:00.000000000Z,6298,161.123,161.383,161.121,161.323,161.187,161.410,161.186,161.345,161.251,161.438,161.249,161.367
1995,GBP_JPY,2023-03-20T23:00:00.000000000Z,6073,161.326,161.397,161.141,161.264,161.346,161.416,161.163,161.282,161.367,161.436,161.184,161.299
1996,GBP_JPY,2023-03-21T00:00:00.000000000Z,11527,161.264,161.585,160.907,160.986,161.282,161.606,160.928,161.004,161.301,161.628,160.949,161.023
1997,GBP_JPY,2023-03-21T01:00:00.000000000Z,9037,160.981,161.027,160.790,160.964,161.000,161.045,160.812,160.984,161.018,161.065,160.834,161.003
1998,GBP_JPY,2023-03-21T02:00:00.000000000Z,4193,160.964,161.065,160.848,160.911,160.982,161.082,160.866,160.930,161.000,161.100,160.881,160.949
1999,GBP_JPY,2023-03-21T03:00:00.000000000Z,4391,160.912,160.961,160.781,160.848,160.930,160.978,160.800,160.866,160.948,160.995,160.817,160.885
2000,GBP_JPY,2023-03-21T04:00:00.000000000Z,4670,160.851,160.963,160.779,160.823,160.868,160.980,160.798,160.840,160.884,160.998,160.815,160.858
2001,GBP_JPY,2023-03-21T05:00:00.000000000Z,4644,160.823,160.944,160.746,160.889,160.841,160.962,160.764,160.905,160.859,160.980,160.780,160.921
2002,GBP_JPY,2023-03-21T06:00:00.000000000Z,7281,160.886,161.387,160.884,161.358,160.904,161.404,160.901,161.376,160.921,161.423,160.918,161.395
2003,GBP_JPY,2023-03-21T07:00:00.000000000Z,12465,161.361,161.434,161.219,161.353,161.380,161.452,161.236,161.370,161.398,161.469,161.254,161.388
2004,GBP_JPY,2023-03-21T08:00:00.000000000Z,16525,161.354,161.959,161.310,161.690,161.370,161.977,161.326,161.706,161.387,161.995,161.343,161.722
2005,GBP_JPY,2023-03-21T09:00:00.000000000Z,10106,161.689,161.993,161.592,161.976,161.706,162.007,161.610,161.988,161.724,162.023,161.626,162.000
2006,GBP_JPY,2023-03-21T10:00:00.000000000Z,10330,161.979,162.251,161.920,162.030,161.990,162.266,161.934,162.045,162.002,162.281,161.947,162.060
2007,GBP_JPY,2023-03-21T11:00:00.000000000Z,10645,162.028,162.139,161.918,162.031,162.044,162.155,161.932,162.044,162.059,162.171,161.947,162.057
2008,GBP_JPY,2023-03-21T12:00:00.000000000Z,11788,162.023,162.251,161.742,161.992,162.038,162.266,161.758,162.008,162.052,162.281,161.772,162.023
2009,GBP_JPY,2023-03-21T13:00:00.000000000Z,13377,161.999,162.066,161.667,161.801,162.014,162.080,161.682,161.827,162.030,162.095,161.695,161.853
2010,GBP_JPY,2023-03-21T14:00:00.000000000Z,16894,161.799,161.932,160.999,161.080,161.827,161.948,161.015,161.094,161.855,161.964,161.030,161.109
2011,GBP_JPY,2023-03-21T15:00:00.000000000Z,13440,161.081,161.442,161.023,161.291,161.096,161.456,161.038,161.304,161.111,161.471,161.053,161.318
2012,GBP_JPY,2023-03-21T16:00:00.000000000Z,8782,161.287,161.475,161.159,161.402,161.302,161.488,161.175,161.416,161.316,161.503,161.190,161.430
2013,GBP_JPY,2023-03-21T17:00:00.000000000Z,8533,161.402,161.724,161.391,161.630,161.418,161.740,161.406,161.646,161.433,161.756,161.422,161.661
2014,GBP_JPY,2023-03-21T18:00:00.000000000Z,4936,161.628,161.918,161.550,161.913,161.644,161.934,161.565,161.926,161.661,161.949,161.579,161.940
2015,GBP_JPY,2023-03-21T19:00:00.000000000Z,6200,161.909,161.922,161.725,161.813,161.923,161.937,161.740,161.826,161.937,161.952,161.753,161.840
2016,GBP_JPY,2023-03-21T20:00:00.000000000Z,5291,161.811,161.950,161.790,161.808,161.824,161.966,161.812,161.827,161.838,161.981,161.831,161.846
2017,GBP_JPY,2023-03-21T21:00:00.000000000Z,7928,161.729,161.810,161.710,161.781,161.804,161.868,161.784,161.836,161.879,161.930,161.842,161.890
2018,GBP_JPY,2023-03-21T22:00:00.000000000Z,4139,161.775,161.853,161.700,161.758,161.828,161.884,161.723,161.778,161.881,161.941,161.744,161.798
2019,GBP_JPY,2023-03-21T23:00:00.000000000Z,4594,161.754,161.850,161.626,161.841,161.776,161.868,161.646,161.861,161.799,161.887,161.664,161.881
2020,GBP_JPY,2023-03-22T00:00:00.000000000Z,9869,161.837,162.086,161.739,161.939,161.855,162.104,161.758,161.958,161.873,162.123,161.777,161.978
2021,GBP_JPY,2023-03-22T01:00:00.000000000Z,8867,161.943,162.201,161.740,161.982,161.962,162.218,161.758,162.000,161.982,162.236,161.777,162.017
2022,GBP_JPY,2023-03-22T02:00:00.000000000Z,6808,161.982,162.115,161.695,161.781,162.000,162.130,161.712,161.800,162.019,162.146,161.728,161.818
2023,GBP_JPY,2023-03-22T03:00:00.000000000Z,7208,161.785,161.932,161.716,161.900,161.803,161.948,161.733,161.916,161.821,161.963,161.750,161.933
2024,GBP_JPY,2023-03-22T04:00:00.000000000Z,5908,161.901,162.086,161.894,162.023,161.918,162.102,161.912,162.039,161.936,162.120,161.928,162.055
2025,GBP_JPY,2023-03-22T05:00:00.000000000Z,4764,162.024,162.104,161.849,161.923,162.039,162.120,161.868,161.940,162.054,162.138,161.885,161.957
2026,GBP_JPY,2023-03-22T06:00:00.000000000Z,5740,161.921,162.027,161.790,161.796,161.938,162.044,161.818,161.820,161.955,162.060,161.842,161.843
2027,GBP_JPY,2023-03-22T07:00:00.000000000Z,13732,161.781,162.585,161.747,162.546,161.804,162.602,161.770,162.563,161.826,162.620,161.794,162.580
2028,GBP_JPY,2023-03-22T08:00:00.000000000Z,13654,162.545,162.828,162.448,162.617,162.561,162.844,162.464,162.630,162.577,162.861,162.479,162.643
2029,GBP_JPY,2023-03-22T09:00:00.000000000Z,8884,162.616,162.883,162.522,162.772,162.630,162.898,162.538,162.788,162.645,162.915,162.554,162.804
2030,GBP_JPY,2023-03-22T10:00:00.000000000Z,9573,162.774,163.330,162.695,163.175,162.790,163.344,162.710,163.192,162.806,163.358,162.726,163.208
2031,GBP_JPY,2023-03-22T11:00:00.000000000Z,8426,163.175,163.266,163.016,163.041,163.191,163.282,163.030,163.055,163.207,163.298,163.045,163.069
2032,GBP_JPY,2023-03-22T12:00:00.000000000Z,9290,163.036,163.274,162.856,162.915,163.050,163.288,162.871,162.930,163.064,163.303,162.886,162.944
2033,GBP_JPY,2023-03-22T13:00:00.000000000Z,10594,162.914,162.916,162.293,162.421,162.929,162.930,162.307,162.436,162.944,162.946,162.320,162.450
2034,GBP_JPY,2023-03-22T14:00:00.000000000Z,10387,162.419,162.462,162.059,162.244,162.433,162.476,162.072,162.256,162.447,162.491,162.085,162.269
2035,GBP_JPY,2023-03-22T15:00:00.000000000Z,9599,162.244,162.320,162.037,162.253,162.257,162.334,162.051,162.265,162.270,162.347,162.064,162.277
2036,GBP_JPY,2023-03-22T16:00:00.000000000Z,7061,162.251,162.316,162.203,162.299,162.264,162.328,162.216,162.312,162.277,162.341,162.229,162.326
2037,GBP_JPY,2023-03-22T17:00:00.000000000Z,7673,162.303,162.429,162.158,162.215,162.316,162.443,162.213,162.290,162.328,162.457,162.226,162.365
2038,GBP_JPY,2023-03-22T18:00:00.000000000Z,36787,162.210,162.300,161.542,161.630,162.285,162.372,161.566,161.652,162.360,162.447,161.590,161.674
2039,GBP_JPY,2023-03-22T19:00:00.000000000Z,26940,161.628,161.777,160.936,161.000,161.649,161.799,160.955,161.017,161.670,161.821,160.974,161.034
2040,GBP_JPY,2023-03-22T20:00:00.000000000Z,9664,160.998,161.307,160.777,161.263,161.015,161.336,160.796,161.304,161.032,161.367,160.814,161.344
2041,GBP_JPY,2023-03-22T21:00:00.000000000Z,884,161.213,161.397,161.044,161.136,161.288,161.472,161.119,161.211,161.363,161.547,161.194,161.286
2042,GBP_JPY,2023-03-22T22:00:00.000000000Z,8716,161.127,161.283,160.990,161.242,161.202,161.304,161.065,161.264,161.277,161.327,161.129,161.286
2043,GBP_JPY,2023-03-22T23:00:00.000000000Z,8827,161.244,161.261,160.966,161.054,161.265,161.282,160.989,161.072,161.286,161.302,161.012,161.089
2044,GBP_JPY,2023-03-23T00:00:00.000000000Z,12509,161.052,161.246,160.789,160.883,161.070,161.262,160.806,160.900,161.088,161.279,160.822,160.917
2045,GBP_JPY,2023-03-23T01:00:00.000000000Z,11350,160.882,160.901,160.692,160.831,160.900,160.919,160.709,160.848,160.918,160.938,160.723,160.865
2046,GBP_JPY,2023-03-23T02:00:00.000000000Z,9316,160.831,160.957,160.767,160.888,160.849,160.975,160.784,160.904,160.867,160.994,160.800,160.921
2047,GBP_JPY,2023-03-23T03:00:00.000000000Z,9493,160.890,160.943,160.680,160.860,160.907,160.961,160.697,160.876,160.924,160.979,160.714,160.893
2048,GBP_JPY,2023-03-23T04:00:00.000000000Z,6369,160.858,161.105,160.834,161.074,160.876,161.121,160.852,161.090,160.893,161.137,160.869,161.106
2049,GBP_JPY,2023-03-23T05:00:00.000000000Z,7900,161.079,161.236,160.995,161.175,161.095,161.252,161.013,161.190,161.111,161.268,161.030,161.206
2050,GBP_JPY,2023-03-23T06:00:00.000000000Z,10160,161.168,161.272,160.986,161.192,161.185,161.289,161.002,161.210,161.202,161.306,161.019,161.228
2051,GBP_JPY,2023-03-23T07:00:00.000000000Z,15252,161.205,161.392,161.125,161.169,161.222,161.406,161.142,161.186,161.238,161.422,161.159,161.202
2052,GBP_JPY,2023-03-23T08:00:00.000000000Z,16598,161.169,161.741,161.118,161.632,161.185,161.757,161.135,161.646,161.201,161.773,161.151,161.661
2053,GBP_JPY,2023-03-23T09:00:00.000000000Z,12174,161.632,161.703,161.444,161.474,161.648,161.716,161.457,161.486,161.664,161.730,161.469,161.498
2054,GBP_JPY,2023-03-23T10:00:00.000000000Z,9822,161.474,161.572,161.206,161.308,161.487,161.584,161.219,161.322,161.500,161.597,161.232,161.337
2055,GBP_JPY,2023-03-23T11:00:00.000000000Z,9686,161.303,161.569,161.278,161.496,161.318,161.584,161.291,161.524,161.332,161.600,161.304,161.553
2056,GBP_JPY,2023-03-23T12:00:00.000000000Z,17008,161.497,161.845,161.345,161.388,161.528,161.860,161.357,161.400,161.559,161.883,161.368,161.412
2057,GBP_JPY,2023-03-23T13:00:00.000000000Z,15445,161.389,161.658,161.294,161.453,161.400,161.672,161.309,161.479,161.411,161.686,161.323,161.505
2058,GBP_JPY,2023-03-23T14:00:00.000000000Z,13983,161.454,161.688,161.311,161.608,161.484,161.702,161.331,161.622,161.513,161.717,161.351,161.637
2059,GBP_JPY,2023-03-23T15:00:00.000000000Z,12812,161.609,161.732,161.355,161.390,161.622,161.748,161.368,161.402,161.636,161.764,161.380,161.413
2060,GBP_JPY,2023-03-23T16:00:00.000000000Z,12247,161.392,161.430,161.045,161.113,161.403,161.443,161.058,161.128,161.414,161.457,161.071,161.143
2061,GBP_JPY,2023-03-23T17:00:00.000000000Z,11635,161.116,161.251,160.910,160.945,161.130,161.264,160.924,160.959,161.144,161.277,160.937,160.973
2062,GBP_JPY,2023-03-23T18:00:00.000000000Z,13597,160.944,161.003,160.154,160.390,160.957,161.016,160.168,160.404,160.970,161.029,160.182,160.418
2063,GBP_JPY,2023-03-23T19:00:00.000000000Z,24887,160.388,161.002,159.928,160.447,160.401,161.018,159.942,160.462,160.414,161.041,159.956,160.478
2064,GBP_JPY,2023-03-23T20:00:00.000000000Z,6626,160.445,160.813,160.410,160.785,160.462,160.832,160.425,160.813,160.478,160.863,160.440,160.841
2065,GBP_JPY,2023-03-23T21:00:00.000000000Z,3958,160.670,160.748,160.587,160.712,160.745,160.810,160.662,160.786,160.820,160.873,160.737,160.861
2066,GBP_JPY,2023-03-23T22:00:00.000000000Z,4931,160.715,160.833,160.585,160.662,160.790,160.855,160.604,160.682,160.865,160.890,160.624,160.703
2067,GBP_JPY,2023-03-23T23:00:00.000000000Z,6624,160.663,160.703,160.503,160.698,160.682,160.718,160.530,160.716,160.702,160.735,160.557,160.735
2068,GBP_JPY,2023-03-24T00:00:00.000000000Z,10185,160.703,160.727,160.297,160.300,160.720,160.743,160.313,160.314,160.738,160.761,160.327,160.327
2069,GBP_JPY,2023-03-24T01:00:00.000000000Z,14615,160.301,160.353,159.737,160.146,160.316,160.369,159.753,160.160,160.330,160.385,159.769,160.175
2070,GBP_JPY,2023-03-24T02:00:00.000000000Z,8166,160.145,160.325,160.026,160.084,160.159,160.342,160.044,160.100,160.173,160.360,160.060,160.117
2071,GBP_JPY,2023-03-24T03:00:00.000000000Z,6438,160.083,160.234,159.920,160.076,160.100,160.251,159.936,160.092,160.118,160.268,159.951,160.107
2072,GBP_JPY,2023-03-24T04:00:00.000000000Z,7194,160.075,160.159,159.776,159.821,160.092,160.176,159.793,159.836,160.109,160.192,159.809,159.852
2073,GBP_JPY,2023-03-24T05:00:00.000000000Z,7635,159.821,160.002,159.754,159.853,159.836,160.018,159.771,159.869,159.851,160.034,159.788,159.885
2074,GBP_JPY,2023-03-24T06:00:00.000000000Z,7293,159.858,160.132,159.827,159.978,159.875,160.148,159.844,160.024,159.892,160.163,159.858,160.070
2075,GBP_JPY,2023-03-24T07:00:00.000000000Z,10312,159.969,160.186,159.820,159.825,160.015,160.205,159.835,159.840,160.061,160.224,159.849,159.855
2076,GBP_JPY,2023-03-24T08:00:00.000000000Z,21132,159.828,159.866,159.029,159.197,159.842,159.882,159.046,159.214,159.856,159.899,159.062,159.230
2077,GBP_JPY,2023-03-24T09:00:00.000000000Z,18737,159.197,159.512,158.393,158.470,159.216,159.527,158.413,158.486,159.234,159.544,158.433,158.501
2078,GBP_JPY,2023-03-24T10:00:00.000000000Z,18919,158.471,158.761,158.287,158.479,158.486,158.774,158.300,158.496,158.501,158.787,158.314,158.512
2079,GBP_JPY,2023-03-24T11:00:00.000000000Z,14153,158.478,158.942,158.254,158.842,158.496,158.957,158.266,158.856,158.513,158.973,158.279,158.871
2080,GBP_JPY,2023-03-24T12:00:00.000000000Z,16692,158.842,159.051,158.504,158.960,158.857,159.065,158.518,158.974,158.872,159.079,158.533,158.988
2081,GBP_JPY,2023-03-24T13:00:00.000000000Z,21837,158.960,159.452,158.846,159.418,158.974,159.466,158.860,159.432,158.987,159.480,158.874,159.445
2082,GBP_JPY,2023-03-24T14:00:00.000000000Z,20598,159.419,159.761,159.362,159.478,159.431,159.775,159.376,159.492,159.443,159.789,159.388,159.506
2083,GBP_JPY,2023-03-24T15:00:00.000000000Z,15413,159.482,159.732,159.181,159.674,159.494,159.744,159.194,159.686,159.507,159.756,159.206,159.698
2084,GBP_JPY,2023-03-24T16:00:00.000000000Z,13020,159.680,159.981,159.624,159.785,159.692,159.994,159.638,159.798,159.703,160.009,159.652,159.811
2085,GBP_JPY,2023-03-24T17:00:00.000000000Z,9968,159.782,159.906,159.645,159.812,159.796,159.920,159.658,159.824,159.810,159.935,159.671,159.835
2086,GBP_JPY,2023-03-24T18:00:00.000000000Z,6828,159.813,159.911,159.749,159.824,159.824,159.926,159.763,159.838,159.834,159.940,159.777,159.851
2087,GBP_JPY,2023-03-24T19:00:00.000000000Z,6126,159.823,160.019,159.768,159.849,159.836,160.032,159.782,159.862,159.849,160.046,159.796,159.876
2088,GBP_JPY,2023-03-24T20:00:00.000000000Z,3110,159.849,159.948,159.789,159.796,159.864,159.962,159.828,159.871,159.878,160.004,159.859,159.946
2089,GBP_JPY,2023-03-26T21:00:00.000000000Z,128,159.628,159.751,159.596,159.706,159.703,159.826,159.671,159.781,159.778,159.901,159.746,159.856
2090,GBP_JPY,2023-03-26T22:00:00.000000000Z,7025,159.716,160.189,159.712,160.138,159.786,160.210,159.786,160.162,159.855,160.233,159.855,160.185
2091,GBP_JPY,2023-03-26T23:00:00.000000000Z,6217,160.141,160.298,160.049,160.210,160.164,160.313,160.065,160.228,160.188,160.328,160.081,160.247
2092,GBP_JPY,2023-03-27T00:00:00.000000000Z,9682,160.213,160.219,159.752,159.942,160.230,160.236,159.767,159.959,160.248,160.252,159.782,159.976
2093,GBP_JPY,2023-03-27T01:00:00.000000000Z,10116,159.942,160.291,159.863,160.135,159.960,160.308,159.878,160.150,159.977,160.326,159.892,160.166
2094,GBP_JPY,2023-03-27T02:00:00.000000000Z,6437,160.135,160.184,159.936,159.998,160.150,160.200,159.950,160.012,160.164,160.215,159.965,160.027
2095,GBP_JPY,2023-03-27T03:00:00.000000000Z,5961,160.001,160.088,159.882,159.892,160.016,160.101,159.896,159.906,160.031,160.114,159.909,159.920
2096,GBP_JPY,2023-03-27T04:00:00.000000000Z,5170,159.894,159.952,159.796,159.947,159.907,159.966,159.811,159.962,159.920,159.981,159.825,159.976
2097,GBP_JPY,2023-03-27T05:00:00.000000000Z,6819,159.949,160.243,159.938,160.172,159.964,160.257,159.952,160.186,159.978,160.271,159.966,160.199
2098,GBP_JPY,2023-03-27T06:00:00.000000000Z,11084,160.174,160.786,160.106,160.734,160.188,160.798,160.122,160.748,160.201,160.814,160.138,160.763
2099,GBP_JPY,2023-03-27T07:00:00.000000000Z,14718,160.727,160.985,160.028,160.168,160.743,161.000,160.044,160.181,160.759,161.014,160.059,160.194
2100,GBP_JPY,2023-03-27T08:00:00.000000000Z,11333,160.170,160.818,160.155,160.723,160.186,160.832,160.168,160.738,160.201,160.847,160.180,160.752
2101,GBP_JPY,2023-03-27T09:00:00.000000000Z,10576,160.722,161.134,160.666,161.100,160.734,161.148,160.680,161.114,160.747,161.163,160.693,161.127
2102,GBP_JPY,2023-03-27T10:00:00.000000000Z,9056,161.098,161.288,160.980,161.205,161.112,161.301,160.996,161.219,161.127,161.315,161.007,161.233
2103,GBP_JPY,2023-03-27T11:00:00.000000000Z,9262,161.207,161.418,161.133,161.223,161.221,161.432,161.144,161.236,161.235,161.447,161.156,161.249
2104,GBP_JPY,2023-03-27T12:00:00.000000000Z,10913,161.224,161.425,161.179,161.247,161.238,161.438,161.191,161.260,161.252,161.451,161.203,161.273
2105,GBP_JPY,2023-03-27T13:00:00.000000000Z,13344,161.241,161.517,161.084,161.413,161.255,161.529,161.098,161.425,161.269,161.542,161.112,161.437
2106,GBP_JPY,2023-03-27T14:00:00.000000000Z,13742,161.411,161.710,161.183,161.377,161.423,161.722,161.197,161.389,161.435,161.736,161.211,161.401
2107,GBP_JPY,2023-03-27T15:00:00.000000000Z,8841,161.374,161.531,161.216,161.436,161.387,161.543,161.228,161.449,161.400,161.556,161.239,161.462
2108,GBP_JPY,2023-03-27T16:00:00.000000000Z,6858,161.440,161.646,161.335,161.634,161.452,161.658,161.346,161.646,161.463,161.671,161.358,161.658
2109,GBP_JPY,2023-03-27T17:00:00.000000000Z,7793,161.636,161.711,161.445,161.662,161.647,161.724,161.458,161.674,161.658,161.737,161.470,161.686
2110,GBP_JPY,2023-03-27T18:00:00.000000000Z,6360,161.660,161.841,161.569,161.687,161.673,161.852,161.582,161.699,161.686,161.864,161.595,161.711
2111,GBP_JPY,2023-03-27T19:00:00.000000000Z,5743,161.688,161.761,161.599,161.699,161.699,161.773,161.614,161.712,161.710,161.785,161.628,161.726
2112,GBP_JPY,2023-03-27T20:00:00.000000000Z,3186,161.699,161.720,161.609,161.665,161.713,161.732,161.622,161.683,161.727,161.745,161.635,161.701
2113,GBP_JPY,2023-03-27T21:00:00.000000000Z,6385,161.532,161.572,161.514,161.551,161.607,161.644,161.589,161.614,161.682,161.719,161.664,161.676
2114,GBP_JPY,2023-03-27T22:00:00.000000000Z,6861,161.545,161.618,161.496,161.515,161.606,161.656,161.516,161.532,161.668,161.717,161.535,161.548
2115,GBP_JPY,2023-03-27T23:00:00.000000000Z,5646,161.512,161.531,161.317,161.364,161.528,161.547,161.333,161.381,161.544,161.565,161.349,161.398
2116,GBP_JPY,2023-03-28T00:00:00.000000000Z,9832,161.362,161.368,160.843,160.988,161.380,161.384,160.864,161.006,161.397,161.402,160.886,161.024
2117,GBP_JPY,2023-03-28T01:00:00.000000000Z,10192,160.985,161.153,160.757,160.983,161.003,161.170,160.777,160.999,161.021,161.188,160.797,161.015
2118,GBP_JPY,2023-03-28T02:00:00.000000000Z,5978,160.977,161.045,160.891,160.906,160.993,161.061,160.906,160.922,161.009,161.078,160.922,160.939
2119,GBP_JPY,2023-03-28T03:00:00.000000000Z,5353,160.907,160.975,160.832,160.846,160.922,160.991,160.848,160.859,160.938,161.007,160.861,160.872
2120,GBP_JPY,2023-03-28T04:00:00.000000000Z,5583,160.847,160.907,160.772,160.848,160.860,160.921,160.786,160.861,160.872,160.935,160.799,160.874
2121,GBP_JPY,2023-03-28T05:00:00.000000000Z,6250,160.849,160.992,160.722,160.954,160.863,161.004,160.738,160.968,160.877,161.019,160.753,160.981
2122,GBP_JPY,2023-03-28T06:00:00.000000000Z,9978,160.956,161.424,160.953,161.277,160.970,161.438,160.969,161.291,160.985,161.452,160.984,161.305
2123,GBP_JPY,2023-03-28T07:00:00.000000000Z,12484,161.276,161.771,161.270,161.442,161.289,161.784,161.286,161.456,161.302,161.797,161.302,161.469
2124,GBP_JPY,2023-03-28T08:00:00.000000000Z,10267,161.440,161.552,161.103,161.127,161.454,161.566,161.119,161.142,161.469,161.580,161.132,161.158
2125,GBP_JPY,2023-03-28T09:00:00.000000000Z,9779,161.126,161.337,160.789,160.801,161.140,161.352,160.803,160.815,161.155,161.366,160.816,160.829
2126,GBP_JPY,2023-03-28T10:00:00.000000000Z,8548,160.801,161.339,160.772,161.221,160.816,161.352,160.786,161.235,160.831,161.364,160.799,161.249
2127,GBP_JPY,2023-03-28T11:00:00.000000000Z,7099,161.222,161.479,161.141,161.161,161.236,161.492,161.156,161.174,161.251,161.506,161.169,161.186
2128,GBP_JPY,2023-03-28T12:00:00.000000000Z,12836,161.157,161.211,160.735,160.871,161.172,161.224,160.748,160.886,161.186,161.238,160.761,160.900
2129,GBP_JPY,2023-03-28T13:00:00.000000000Z,13072,160.872,161.336,160.860,161.130,160.886,161.348,160.874,161.153,160.899,161.360,160.887,161.176
2130,GBP_JPY,2023-03-28T14:00:00.000000000Z,13287,161.134,161.607,161.099,161.447,161.156,161.620,161.113,161.458,161.178,161.632,161.126,161.470
2131,GBP_JPY,2023-03-28T15:00:00.000000000Z,9455,161.448,161.699,161.385,161.616,161.458,161.711,161.399,161.628,161.469,161.723,161.412,161.641
2132,GBP_JPY,2023-03-28T16:00:00.000000000Z,6070,161.616,161.696,161.508,161.654,161.630,161.707,161.520,161.666,161.643,161.718,161.531,161.678
2133,GBP_JPY,2023-03-28T17:00:00.000000000Z,6646,161.652,161.656,161.165,161.184,161.664,161.669,161.178,161.198,161.676,161.682,161.191,161.213
2134,GBP_JPY,2023-03-28T18:00:00.000000000Z,5310,161.183,161.356,161.116,161.335,161.198,161.370,161.130,161.349,161.213,161.383,161.143,161.363
2135,GBP_JPY,2023-03-28T19:00:00.000000000Z,4983,161.336,161.434,161.266,161.429,161.348,161.445,161.279,161.441,161.361,161.457,161.292,161.453
2136,GBP_JPY,2023-03-28T20:00:00.000000000Z,2841,161.426,161.576,161.422,161.517,161.440,161.589,161.434,161.538,161.453,161.604,161.447,161.560
2137,GBP_JPY,2023-03-28T21:00:00.000000000Z,5766,161.486,161.537,161.398,161.404,161.561,161.580,161.450,161.456,161.636,161.637,161.497,161.509
2138,GBP_JPY,2023-03-28T22:00:00.000000000Z,4499,161.409,161.483,161.336,161.396,161.460,161.512,161.356,161.412,161.510,161.551,161.376,161.429
2139,GBP_JPY,2023-03-28T23:00:00.000000000Z,3962,161.399,161.620,161.394,161.571,161.416,161.635,161.411,161.587,161.432,161.651,161.428,161.603
2140,GBP_JPY,2023-03-29T00:00:00.000000000Z,9713,161.572,162.032,161.531,161.975,161.590,162.051,161.547,161.992,161.607,162.070,161.563,162.009
2141,GBP_JPY,2023-03-29T01:00:00.000000000Z,10324,161.979,162.383,161.963,162.117,161.995,162.399,161.980,162.134,162.011,162.415,161.998,162.151
2142,GBP_JPY,2023-03-29T02:00:00.000000000Z,5798,162.118,162.413,162.113,162.337,162.134,162.431,162.128,162.352,162.150,162.449,162.143,162.366
2143,GBP_JPY,2023-03-29T03:00:00.000000000Z,4345,162.334,162.390,162.259,162.284,162.350,162.404,162.274,162.298,162.366,162.420,162.290,162.311
2144,GBP_JPY,2023-03-29T04:00:00.000000000Z,6134,162.277,162.376,162.190,162.371,162.295,162.389,162.204,162.385,162.313,162.402,162.218,162.399
2145,GBP_JPY,2023-03-29T05:00:00.000000000Z,6065,162.373,162.462,162.251,162.404,162.386,162.478,162.265,162.419,162.399,162.494,162.279,162.434
2146,GBP_JPY,2023-03-29T06:00:00.000000000Z,10211,162.409,162.639,162.318,162.538,162.423,162.653,162.332,162.552,162.437,162.669,162.347,162.567
2147,GBP_JPY,2023-03-29T07:00:00.000000000Z,11814,162.541,162.755,162.381,162.592,162.556,162.770,162.399,162.606,162.570,162.787,162.412,162.619
2148,GBP_JPY,2023-03-29T08:00:00.000000000Z,10155,162.590,162.720,162.366,162.667,162.605,162.730,162.378,162.681,162.620,162.743,162.389,162.695
2149,GBP_JPY,2023-03-29T09:00:00.000000000Z,11589,162.665,162.724,162.309,162.638,162.678,162.736,162.324,162.654,162.692,162.750,162.339,162.669
2150,GBP_JPY,2023-03-29T10:00:00.000000000Z,8795,162.639,162.833,162.577,162.823,162.654,162.848,162.592,162.837,162.668,162.862,162.607,162.851
2151,GBP_JPY,2023-03-29T11:00:00.000000000Z,9944,162.822,163.360,162.800,163.099,162.836,163.375,162.816,163.113,162.851,163.390,162.830,163.127
2152,GBP_JPY,2023-03-29T12:00:00.000000000Z,13749,163.100,163.472,163.065,163.414,163.114,163.486,163.080,163.426,163.127,163.499,163.094,163.439
2153,GBP_JPY,2023-03-29T13:00:00.000000000Z,13627,163.412,163.450,163.044,163.151,163.426,163.464,163.057,163.162,163.441,163.479,163.070,163.172
2154,GBP_JPY,2023-03-29T14:00:00.000000000Z,15175,163.148,163.290,162.881,163.095,163.160,163.304,162.894,163.108,163.172,163.318,162.907,163.121
2155,GBP_JPY,2023-03-29T15:00:00.000000000Z,11636,163.092,163.387,163.088,163.350,163.108,163.401,163.104,163.362,163.124,163.416,163.117,163.374
2156,GBP_JPY,2023-03-29T16:00:00.000000000Z,7556,163.355,163.421,163.226,163.267,163.368,163.432,163.240,163.278,163.381,163.444,163.252,163.290
2157,GBP_JPY,2023-03-29T17:00:00.000000000Z,6771,163.266,163.408,163.253,163.333,163.278,163.422,163.264,163.346,163.291,163.436,163.276,163.358
2158,GBP_JPY,2023-03-29T18:00:00.000000000Z,5360,163.331,163.388,163.186,163.361,163.344,163.402,163.198,163.372,163.357,163.415,163.209,163.384
2159,GBP_JPY,2023-03-29T19:00:00.000000000Z,6507,163.367,163.599,163.252,163.536,163.378,163.612,163.267,163.550,163.388,163.626,163.282,163.563
2160,GBP_JPY,2023-03-29T20:00:00.000000000Z,3471,163.536,163.675,163.524,163.638,163.548,163.688,163.538,163.656,163.561,163.700,163.551,163.673
2161,GBP_JPY,2023-03-29T21:00:00.000000000Z,2304,163.482,163.482,163.277,163.431,163.557,163.557,163.352,163.490,163.632,163.632,163.427,163.549
2162,GBP_JPY,2023-03-29T22:00:00.000000000Z,5589,163.423,163.478,163.293,163.353,163.478,163.507,163.312,163.372,163.534,163.575,163.330,163.390
2163,GBP_JPY,2023-03-29T23:00:00.000000000Z,3673,163.348,163.386,163.157,163.159,163.367,163.402,163.173,163.174,163.386,163.420,163.189,163.189
2164,GBP_JPY,2023-03-30T00:00:00.000000000Z,8760,163.154,163.320,162.965,163.203,163.170,163.335,162.980,163.220,163.187,163.353,162.996,163.237
2165,GBP_JPY,2023-03-30T01:00:00.000000000Z,8328,163.203,163.344,163.081,163.192,163.220,163.360,163.098,163.208,163.238,163.379,163.116,163.223
2166,GBP_JPY,2023-03-30T02:00:00.000000000Z,5749,163.189,163.248,163.039,163.171,163.204,163.264,163.054,163.188,163.220,163.280,163.070,163.204
2167,GBP_JPY,2023-03-30T03:00:00.000000000Z,4488,163.172,163.262,163.132,163.225,163.188,163.277,163.150,163.240,163.203,163.293,163.168,163.254
2168,GBP_JPY,2023-03-30T04:00:00.000000000Z,3751,163.229,163.281,163.129,163.203,163.242,163.294,163.142,163.218,163.256,163.309,163.155,163.232
2169,GBP_JPY,2023-03-30T05:00:00.000000000Z,8181,163.205,163.287,163.072,163.212,163.218,163.300,163.086,163.225,163.232,163.314,163.100,163.238
2170,GBP_JPY,2023-03-30T06:00:00.000000000Z,10899,163.210,163.368,163.156,163.290,163.224,163.383,163.170,163.308,163.239,163.398,163.184,163.326
2171,GBP_JPY,2023-03-30T07:00:00.000000000Z,14763,163.292,163.557,162.999,163.515,163.309,163.570,163.016,163.529,163.326,163.584,163.034,163.543
2172,GBP_JPY,2023-03-30T08:00:00.000000000Z,12247,163.520,163.877,163.506,163.736,163.534,163.891,163.520,163.750,163.548,163.908,163.532,163.765
2173,GBP_JPY,2023-03-30T09:00:00.000000000Z,10306,163.748,163.982,163.745,163.874,163.762,163.996,163.761,163.888,163.775,164.010,163.775,163.901
2174,GBP_JPY,2023-03-30T10:00:00.000000000Z,10057,163.873,164.051,163.556,163.573,163.887,164.066,163.572,163.587,163.901,164.082,163.587,163.601
2175,GBP_JPY,2023-03-30T11:00:00.000000000Z,9047,163.573,163.656,163.236,163.561,163.588,163.669,163.250,163.574,163.603,163.684,163.264,163.588
2176,GBP_JPY,2023-03-30T12:00:00.000000000Z,14099,163.564,164.334,163.559,164.329,163.578,164.348,163.576,164.342,163.591,164.363,163.591,164.356
2177,GBP_JPY,2023-03-30T13:00:00.000000000Z,15011,164.321,164.427,164.134,164.220,164.334,164.439,164.148,164.234,164.348,164.452,164.161,164.247
2178,GBP_JPY,2023-03-30T14:00:00.000000000Z,12223,164.217,164.444,164.175,164.282,164.230,164.458,164.190,164.294,164.242,164.473,164.202,164.307
2179,GBP_JPY,2023-03-30T15:00:00.000000000Z,9139,164.282,164.299,164.033,164.120,164.295,164.312,164.045,164.132,164.308,164.325,164.056,164.144
2180,GBP_JPY,2023-03-30T16:00:00.000000000Z,7380,164.117,164.156,163.873,163.963,164.129,164.168,163.884,163.975,164.141,164.180,163.896,163.987
2181,GBP_JPY,2023-03-30T17:00:00.000000000Z,7186,163.963,164.003,163.769,163.980,163.976,164.016,163.782,163.992,163.988,164.029,163.796,164.004
2182,GBP_JPY,2023-03-30T18:00:00.000000000Z,4913,163.980,164.132,163.951,164.127,163.993,164.142,163.964,164.140,164.006,164.153,163.976,164.152
2183,GBP_JPY,2023-03-30T19:00:00.000000000Z,4555,164.125,164.298,164.063,164.298,164.138,164.311,164.077,164.311,164.150,164.324,164.090,164.324
2184,GBP_JPY,2023-03-30T20:00:00.000000000Z,3820,164.298,164.400,164.243,164.368,164.312,164.414,164.258,164.386,164.326,164.430,164.273,164.405
2185,GBP_JPY,2023-03-30T21:00:00.000000000Z,4785,164.283,164.388,164.213,164.304,164.358,164.442,164.288,164.371,164.433,164.498,164.363,164.438
2186,GBP_JPY,2023-03-30T22:00:00.000000000Z,2976,164.313,164.575,164.212,164.560,164.366,164.594,164.234,164.580,164.419,164.614,164.256,164.599
2187,GBP_JPY,2023-03-30T23:00:00.000000000Z,5430,164.561,165.056,164.429,164.972,164.580,165.072,164.448,164.989,164.599,165.091,164.467,165.006
2188,GBP_JPY,2023-03-31T00:00:00.000000000Z,11366,164.971,165.459,164.916,165.198,164.989,165.475,164.934,165.214,165.007,165.496,164.951,165.230
2189,GBP_JPY,2023-03-31T01:00:00.000000000Z,10111,165.200,165.351,165.047,165.049,165.216,165.368,165.063,165.064,165.232,165.385,165.079,165.079
2190,GBP_JPY,2023-03-31T02:00:00.000000000Z,6220,165.051,165.101,164.787,164.789,165.065,165.117,164.804,164.804,165.079,165.133,164.818,164.818
2191,GBP_JPY,2023-03-31T03:00:00.000000000Z,4546,164.789,164.863,164.580,164.588,164.806,164.878,164.594,164.602,164.822,164.893,164.608,164.615
2192,GBP_JPY,2023-03-31T04:00:00.000000000Z,4445,164.585,164.763,164.515,164.542,164.600,164.777,164.529,164.554,164.615,164.791,164.542,164.567
2193,GBP_JPY,2023-03-31T05:00:00.000000000Z,6287,164.543,164.762,164.495,164.632,164.554,164.776,164.508,164.650,164.566,164.790,164.522,164.669
2194,GBP_JPY,2023-03-31T06:00:00.000000000Z,9234,164.629,165.111,164.478,165.093,164.648,165.123,164.492,165.107,164.666,165.135,164.505,165.121
2195,GBP_JPY,2023-03-31T07:00:00.000000000Z,12168,165.089,165.096,164.522,164.631,165.103,165.110,164.536,164.647,165.117,165.124,164.551,164.663
2196,GBP_JPY,2023-03-31T08:00:00.000000000Z,15210,164.635,165.098,164.201,165.060,164.651,165.112,164.222,165.076,164.667,165.127,164.242,165.091
2197,GBP_JPY,2023-03-31T09:00:00.000000000Z,11456,165.047,165.047,164.746,164.972,165.062,165.062,164.760,164.986,165.078,165.078,164.772,164.999
2198,GBP_JPY,2023-03-31T10:00:00.000000000Z,7963,164.970,165.241,164.878,165.009,164.984,165.256,164.892,165.022,164.997,165.272,164.906,165.036
2199,GBP_JPY,2023-03-31T11:00:00.000000000Z,7760,165.006,165.021,164.749,164.791,165.022,165.034,164.762,164.803,165.037,165.048,164.775,164.815
2200,GBP_JPY,2023-03-31T12:00:00.000000000Z,15161,164.791,164.930,164.479,164.891,164.804,164.946,164.494,164.903,164.816,164.964,164.508,164.915
2201,GBP_JPY,2023-03-31T13:00:00.000000000Z,14904,164.891,165.007,164.625,164.757,164.904,165.020,164.640,164.780,164.916,165.033,164.655,164.804
2202,GBP_JPY,2023-03-31T14:00:00.000000000Z,15827,164.747,164.791,164.340,164.514,164.774,164.819,164.353,164.525,164.801,164.849,164.366,164.536
2203,GBP_JPY,2023-03-31T15:00:00.000000000Z,12553,164.512,164.617,164.162,164.175,164.523,164.632,164.176,164.188,164.534,164.646,164.189,164.200
2204,GBP_JPY,2023-03-31T16:00:00.000000000Z,7218,164.180,164.236,163.906,163.926,164.191,164.248,163.922,163.938,164.202,164.261,163.935,163.951
2205,GBP_JPY,2023-03-31T17:00:00.000000000Z,5879,163.926,163.977,163.785,163.961,163.938,163.990,163.798,163.973,163.949,164.003,163.811,163.985
2206,GBP_JPY,2023-03-31T18:00:00.000000000Z,5964,163.959,163.962,163.615,163.657,163.971,163.974,163.628,163.670,163.983,163.988,163.640,163.684
2207,GBP_JPY,2023-03-31T19:00:00.000000000Z,7753,163.663,163.787,163.638,163.772,163.676,163.800,163.652,163.786,163.688,163.814,163.665,163.799
2208,GBP_JPY,2023-03-31T20:00:00.000000000Z,5332,163.781,163.788,163.630,163.719,163.794,163.802,163.666,163.774,163.806,163.858,163.681,163.829
2209,GBP_JPY,2023-04-02T21:00:00.000000000Z,185,164.330,164.394,164.238,164.275,164.405,164.469,164.313,164.350,164.480,164.544,164.388,164.425
2210,GBP_JPY,2023-04-02T22:00:00.000000000Z,10017,164.282,164.282,163.912,164.045,164.357,164.357,163.940,164.074,164.432,164.432,163.966,164.102
2211,GBP_JPY,2023-04-02T23:00:00.000000000Z,8459,164.048,164.078,163.697,163.828,164.075,164.100,163.714,163.845,164.102,164.125,163.731,163.862
2212,GBP_JPY,2023-04-03T00:00:00.000000000Z,12412,163.830,163.833,163.439,163.711,163.848,163.850,163.456,163.727,163.866,163.867,163.474,163.743
2213,GBP_JPY,2023-04-03T01:00:00.000000000Z,11206,163.707,163.725,163.410,163.657,163.723,163.743,163.428,163.674,163.739,163.761,163.447,163.690
2214,GBP_JPY,2023-04-03T02:00:00.000000000Z,6574,163.660,163.707,163.517,163.699,163.676,163.726,163.535,163.715,163.693,163.746,163.552,163.731
2215,GBP_JPY,2023-04-03T03:00:00.000000000Z,6816,163.699,163.882,163.699,163.814,163.714,163.900,163.714,163.832,163.730,163.917,163.730,163.849
2216,GBP_JPY,2023-04-03T04:00:00.000000000Z,6303,163.820,163.929,163.749,163.900,163.836,163.944,163.766,163.916,163.853,163.962,163.782,163.932
2217,GBP_JPY,2023-04-03T05:00:00.000000000Z,7709,163.896,164.022,163.783,163.945,163.914,164.038,163.800,163.958,163.931,164.053,163.816,163.972
2218,GBP_JPY,2023-04-03T06:00:00.000000000Z,9822,163.946,164.336,163.899,164.252,163.961,164.348,163.914,164.264,163.976,164.361,163.928,164.276
2219,GBP_JPY,2023-04-03T07:00:00.000000000Z,12415,164.261,164.574,164.222,164.548,164.272,164.588,164.240,164.562,164.284,164.602,164.254,164.575
2220,GBP_JPY,2023-04-03T08:00:00.000000000Z,8792,164.548,164.603,164.313,164.561,164.562,164.616,164.327,164.574,164.576,164.629,164.341,164.587
2221,GBP_JPY,2023-04-03T09:00:00.000000000Z,8152,164.555,164.721,164.528,164.673,164.569,164.734,164.544,164.686,164.583,164.750,164.560,164.700
2222,GBP_JPY,2023-04-03T10:00:00.000000000Z,10704,164.675,164.856,164.515,164.752,164.688,164.870,164.529,164.764,164.701,164.885,164.543,164.777
2223,GBP_JPY,2023-04-03T11:00:00.000000000Z,10777,164.753,164.819,164.424,164.546,164.764,164.832,164.438,164.560,164.776,164.846,164.452,164.574
2224,GBP_JPY,2023-04-03T12:00:00.000000000Z,11649,164.555,164.880,164.472,164.848,164.568,164.892,164.486,164.860,164.581,164.905,164.499,164.872
2225,GBP_JPY,2023-04-03T13:00:00.000000000Z,12591,164.854,164.892,164.506,164.526,164.867,164.904,164.566,164.601,164.880,164.918,164.583,164.676
2226,GBP_JPY,2023-04-03T14:00:00.000000000Z,20049,164.555,164.555,164.017,164.028,164.630,164.630,164.029,164.040,164.705,164.705,164.041,164.053
2227,GBP_JPY,2023-04-03T15:00:00.000000000Z,11473,164.028,164.194,163.765,164.140,164.042,164.207,163.780,164.152,164.055,164.220,163.794,164.165
2228,GBP_JPY,2023-04-03T16:00:00.000000000Z,7586,164.142,164.191,163.985,164.186,164.154,164.202,163.998,164.198,164.167,164.215,164.010,164.210
2229,GBP_JPY,2023-04-03T17:00:00.000000000Z,5975,164.184,164.238,164.058,164.208,164.196,164.250,164.072,164.219,164.208,164.263,164.085,164.230
2230,GBP_JPY,2023-04-03T18:00:00.000000000Z,6229,164.207,164.261,164.060,164.240,164.220,164.272,164.072,164.253,164.232,164.286,164.085,164.266
2231,GBP_JPY,2023-04-03T19:00:00.000000000Z,4981,164.246,164.541,164.201,164.524,164.259,164.551,164.214,164.536,164.272,164.562,164.227,164.548
2232,GBP_JPY,2023-04-03T20:00:00.000000000Z,3480,164.519,164.519,164.371,164.393,164.531,164.531,164.388,164.414,164.543,164.543,164.402,164.435
2233,GBP_JPY,2023-04-03T21:00:00.000000000Z,1651,164.287,164.410,164.279,164.382,164.362,164.474,164.354,164.436,164.437,164.543,164.429,164.489
2234,GBP_JPY,2023-04-03T22:00:00.000000000Z,5657,164.388,164.472,164.302,164.320,164.440,164.489,164.322,164.334,164.493,164.518,164.340,164.347
2235,GBP_JPY,2023-04-03T23:00:00.000000000Z,4567,164.318,164.366,164.165,164.340,164.334,164.380,164.184,164.352,164.350,164.395,164.201,164.365
2236,GBP_JPY,2023-04-04T00:00:00.000000000Z,8371,164.342,164.540,164.171,164.503,164.354,164.554,164.188,164.518,164.365,164.567,164.203,164.533
2237,GBP_JPY,2023-04-04T01:00:00.000000000Z,7718,164.505,164.705,164.495,164.686,164.520,164.720,164.511,164.702,164.534,164.735,164.526,164.717
2238,GBP_JPY,2023-04-04T02:00:00.000000000Z,5831,164.683,164.708,164.564,164.630,164.698,164.724,164.580,164.646,164.714,164.739,164.596,164.662
2239,GBP_JPY,2023-04-04T03:00:00.000000000Z,4714,164.630,164.818,164.622,164.786,164.648,164.832,164.639,164.801,164.665,164.847,164.655,164.816
2240,GBP_JPY,2023-04-04T04:00:00.000000000Z,6887,164.789,164.922,164.666,164.734,164.804,164.938,164.682,164.750,164.819,164.956,164.697,164.767
2241,GBP_JPY,2023-04-04T05:00:00.000000000Z,5551,164.734,164.836,164.624,164.779,164.750,164.849,164.642,164.791,164.765,164.866,164.656,164.803
2242,GBP_JPY,2023-04-04T06:00:00.000000000Z,8280,164.779,164.922,164.620,164.906,164.790,164.935,164.632,164.918,164.802,164.948,164.645,164.931
2243,GBP_JPY,2023-04-04T07:00:00.000000000Z,13245,164.910,165.438,164.817,165.351,164.923,165.454,164.830,165.364,164.936,165.472,164.842,165.378
2244,GBP_JPY,2023-04-04T08:00:00.000000000Z,10554,165.351,165.797,165.341,165.791,165.364,165.810,165.356,165.803,165.376,165.824,165.370,165.815
2245,GBP_JPY,2023-04-04T09:00:00.000000000Z,11948,165.791,166.394,165.752,166.171,165.804,166.412,165.767,166.185,165.817,166.431,165.780,166.199
2246,GBP_JPY,2023-04-04T10:00:00.000000000Z,8826,166.173,166.341,166.108,166.189,166.188,166.356,166.124,166.201,166.203,166.370,166.139,166.213
2247,GBP_JPY,2023-04-04T11:00:00.000000000Z,9734,166.187,166.291,166.001,166.026,166.200,166.305,166.014,166.038,166.214,166.320,166.028,166.050
2248,GBP_JPY,2023-04-04T12:00:00.000000000Z,11668,166.031,166.086,165.618,165.736,166.045,166.098,165.635,165.750,166.059,166.112,165.652,165.765
2249,GBP_JPY,2023-04-04T13:00:00.000000000Z,12243,165.737,165.837,165.453,165.588,165.750,165.852,165.468,165.616,165.764,165.867,165.482,165.643
2250,GBP_JPY,2023-04-04T14:00:00.000000000Z,24728,165.593,165.593,164.679,164.972,165.619,165.629,164.694,164.984,165.645,165.666,164.708,164.995
2251,GBP_JPY,2023-04-04T15:00:00.000000000Z,14317,164.967,164.971,164.331,164.469,164.980,164.983,164.344,164.485,164.993,164.996,164.356,164.501
2252,GBP_JPY,2023-04-04T16:00:00.000000000Z,8872,164.471,164.539,164.250,164.440,164.486,164.550,164.264,164.452,164.502,164.562,164.277,164.463
2253,GBP_JPY,2023-04-04T17:00:00.000000000Z,6209,164.441,164.599,164.400,164.565,164.454,164.611,164.413,164.576,164.466,164.623,164.425,164.587
2254,GBP_JPY,2023-04-04T18:00:00.000000000Z,5400,164.563,164.621,164.466,164.504,164.574,164.632,164.478,164.516,164.586,164.644,164.491,164.529
2255,GBP_JPY,2023-04-04T19:00:00.000000000Z,5753,164.505,164.551,164.427,164.532,164.516,164.564,164.440,164.544,164.528,164.578,164.453,164.557
2256,GBP_JPY,2023-04-04T20:00:00.000000000Z,2635,164.523,164.723,164.521,164.653,164.536,164.739,164.536,164.669,164.548,164.755,164.548,164.685
2257,GBP_JPY,2023-04-04T21:00:00.000000000Z,194,164.502,164.562,164.471,164.553,164.577,164.626,164.546,164.614,164.652,164.701,164.616,164.674
2258,GBP_JPY,2023-04-04T22:00:00.000000000Z,3736,164.564,164.603,164.425,164.516,164.620,164.620,164.445,164.534,164.675,164.690,164.464,164.551
2259,GBP_JPY,2023-04-04T23:00:00.000000000Z,5643,164.521,164.582,164.169,164.177,164.538,164.594,164.191,164.195,164.556,164.606,164.210,164.213
2260,GBP_JPY,2023-04-05T00:00:00.000000000Z,9194,164.172,164.367,163.957,164.146,164.190,164.384,163.976,164.162,164.208,164.404,163.993,164.177
2261,GBP_JPY,2023-04-05T01:00:00.000000000Z,6818,164.145,164.314,164.045,164.203,164.160,164.330,164.062,164.220,164.174,164.347,164.079,164.238
2262,GBP_JPY,2023-04-05T02:00:00.000000000Z,9087,164.205,164.647,164.197,164.584,164.222,164.664,164.218,164.601,164.238,164.682,164.235,164.618
2263,GBP_JPY,2023-04-05T03:00:00.000000000Z,5323,164.586,164.663,164.339,164.366,164.602,164.678,164.354,164.382,164.617,164.695,164.369,164.399
2264,GBP_JPY,2023-04-05T04:00:00.000000000Z,5069,164.372,164.460,164.310,164.320,164.387,164.474,164.327,164.334,164.402,164.490,164.341,164.349
2265,GBP_JPY,2023-04-05T05:00:00.000000000Z,4915,164.323,164.357,164.137,164.216,164.337,164.372,164.150,164.228,164.351,164.386,164.162,164.240
2266,GBP_JPY,2023-04-05T06:00:00.000000000Z,8378,164.218,164.243,164.012,164.090,164.230,164.254,164.024,164.102,164.243,164.266,164.037,164.113
2267,GBP_JPY,2023-04-05T07:00:00.000000000Z,12691,164.088,164.557,163.934,163.983,164.100,164.569,163.946,163.997,164.113,164.581,163.959,164.011
2268,GBP_JPY,2023-04-05T08:00:00.000000000Z,11510,163.985,164.146,163.685,164.072,163.999,164.159,163.699,164.085,164.013,164.172,163.713,164.098
2269,GBP_JPY,2023-04-05T09:00:00.000000000Z,9873,164.074,164.383,163.957,164.203,164.086,164.397,163.976,164.216,164.098,164.411,163.992,164.229
2270,GBP_JPY,2023-04-05T10:00:00.000000000Z,7650,164.205,164.256,163.968,164.075,164.218,164.269,163.981,164.089,164.231,164.283,163.993,164.103
2271,GBP_JPY,2023-04-05T11:00:00.000000000Z,9013,164.077,164.102,163.836,163.885,164.091,164.116,163.850,163.898,164.105,164.131,163.864,163.912
2272,GBP_JPY,2023-04-05T12:00:00.000000000Z,16595,163.883,163.989,163.446,163.539,163.896,164.002,163.460,163.552,163.910,164.021,163.473,163.564
2273,GBP_JPY,2023-04-05T13:00:00.000000000Z,14760,163.534,163.665,163.338,163.440,163.548,163.679,163.363,163.512,163.562,163.693,163.376,163.585
2274,GBP_JPY,2023-04-05T14:00:00.000000000Z,21881,163.433,163.433,162.762,162.829,163.508,163.508,162.776,162.842,163.583,163.583,162.789,162.855
2275,GBP_JPY,2023-04-05T15:00:00.000000000Z,13385,162.826,163.453,162.797,163.367,162.838,163.466,162.810,163.380,162.850,163.481,162.824,163.393
2276,GBP_JPY,2023-04-05T16:00:00.000000000Z,8522,163.366,163.410,163.162,163.252,163.380,163.423,163.176,163.264,163.394,163.436,163.191,163.277
2277,GBP_JPY,2023-04-05T17:00:00.000000000Z,6449,163.253,163.414,163.176,163.269,163.264,163.428,163.188,163.282,163.276,163.442,163.199,163.295
2278,GBP_JPY,2023-04-05T18:00:00.000000000Z,5398,163.271,163.384,163.211,163.295,163.284,163.396,163.224,163.308,163.297,163.411,163.237,163.321
2279,GBP_JPY,2023-04-05T19:00:00.000000000Z,4749,163.296,163.543,163.282,163.491,163.310,163.556,163.296,163.505,163.323,163.569,163.309,163.519
2280,GBP_JPY,2023-04-05T20:00:00.000000000Z,3051,163.487,163.624,163.459,163.544,163.502,163.640,163.474,163.576,163.518,163.657,163.489,163.607
2281,GBP_JPY,2023-04-05T21:00:00.000000000Z,1619,163.498,163.547,163.460,163.460,163.573,163.610,163.515,163.515,163.648,163.680,163.570,163.570
2282,GBP_JPY,2023-04-05T22:00:00.000000000Z,3957,163.468,163.531,163.365,163.377,163.520,163.561,163.382,163.394,163.572,163.604,163.400,163.412
2283,GBP_JPY,2023-04-05T23:00:00.000000000Z,4942,163.368,163.368,163.011,163.125,163.384,163.384,163.026,163.138,163.401,163.403,163.041,163.152
2284,GBP_JPY,2023-04-06T00:00:00.000000000Z,6149,163.123,163.246,162.885,163.216,163.138,163.260,162.902,163.229,163.153,163.274,162.918,163.242
2285,GBP_JPY,2023-04-06T01:00:00.000000000Z,6416,163.214,163.340,163.097,163.148,163.228,163.355,163.114,163.166,163.241,163.370,163.130,163.183
2286,GBP_JPY,2023-04-06T02:00:00.000000000Z,4587,163.150,163.168,162.974,163.116,163.166,163.185,162.990,163.132,163.182,163.202,163.006,163.149
2287,GBP_JPY,2023-04-06T03:00:00.000000000Z,3363,163.119,163.231,163.085,163.230,163.136,163.245,163.104,163.244,163.152,163.259,163.123,163.259
2288,GBP_JPY,2023-04-06T04:00:00.000000000Z,3270,163.231,163.291,163.159,163.188,163.245,163.304,163.175,163.202,163.259,163.319,163.191,163.216
2289,GBP_JPY,2023-04-06T05:00:00.000000000Z,3812,163.186,163.388,163.162,163.346,163.200,163.400,163.179,163.359,163.214,163.416,163.194,163.372
2290,GBP_JPY,2023-04-06T06:00:00.000000000Z,7432,163.349,163.710,163.342,163.678,163.361,163.722,163.358,163.690,163.373,163.733,163.370,163.701
2291,GBP_JPY,2023-04-06T07:00:00.000000000Z,11083,163.679,163.967,163.633,163.742,163.691,163.980,163.647,163.755,163.703,163.993,163.660,163.768
2292,GBP_JPY,2023-04-06T08:00:00.000000000Z,10224,163.741,163.894,163.337,163.791,163.755,163.906,163.350,163.804,163.769,163.920,163.363,163.817
2293,GBP_JPY,2023-04-06T09:00:00.000000000Z,7763,163.792,163.828,163.393,163.584,163.807,163.841,163.406,163.597,163.822,163.855,163.420,163.610
2294,GBP_JPY,2023-04-06T10:00:00.000000000Z,6651,163.580,163.849,163.533,163.725,163.593,163.866,163.548,163.738,163.606,163.882,163.561,163.751
2295,GBP_JPY,2023-04-06T11:00:00.000000000Z,7111,163.723,164.101,163.678,164.013,163.736,164.115,163.692,164.026,163.749,164.129,163.706,164.040
2296,GBP_JPY,2023-04-06T12:00:00.000000000Z,15070,164.009,164.063,163.318,163.539,164.024,164.076,163.393,163.552,164.038,164.090,163.468,163.566
2297,GBP_JPY,2023-04-06T13:00:00.000000000Z,14206,163.544,163.688,163.385,163.652,163.558,163.702,163.396,163.666,163.571,163.715,163.407,163.679
2298,GBP_JPY,2023-04-06T14:00:00.000000000Z,13116,163.659,163.888,163.592,163.780,163.671,163.902,163.606,163.794,163.683,163.915,163.620,163.807
2299,GBP_JPY,2023-04-06T15:00:00.000000000Z,8770,163.784,163.977,163.650,163.937,163.798,163.989,163.664,163.950,163.811,164.003,163.677,163.964
2300,GBP_JPY,2023-04-06T16:00:00.000000000Z,5387,163.937,164.031,163.845,163.959,163.950,164.044,163.859,163.974,163.963,164.057,163.873,163.988
2301,GBP_JPY,2023-04-06T17:00:00.000000000Z,4199,163.962,164.024,163.844,164.004,163.975,164.036,163.858,164.017,163.988,164.050,163.872,164.030
2302,GBP_JPY,2023-04-06T18:00:00.000000000Z,3964,164.003,164.064,163.962,164.034,164.017,164.076,163.978,164.046,164.031,164.090,163.993,164.058
2303,GBP_JPY,2023-04-06T19:00:00.000000000Z,3758,164.033,164.060,163.910,163.928,164.046,164.072,163.924,163.943,164.059,164.086,163.938,163.958
2304,GBP_JPY,2023-04-06T20:00:00.000000000Z,1977,163.930,163.970,163.816,163.829,163.944,163.985,163.856,163.856,163.957,164.000,163.880,163.883
2305,GBP_JPY,2023-04-06T21:00:00.000000000Z,401,163.842,163.896,163.751,163.780,163.917,163.971,163.812,163.838,163.992,164.046,163.871,163.897
2306,GBP_JPY,2023-04-06T22:00:00.000000000Z,5746,163.778,163.927,163.749,163.924,163.834,163.950,163.786,163.945,163.891,163.972,163.819,163.966
2307,GBP_JPY,2023-04-06T23:00:00.000000000Z,4888,163.924,164.026,163.722,163.750,163.946,164.041,163.741,163.766,163.968,164.056,163.759,163.783
2308,GBP_JPY,2023-04-07T00:00:00.000000000Z,5807,163.746,163.908,163.687,163.816,163.762,163.925,163.702,163.839,163.778,163.944,163.718,163.862
2309,GBP_JPY,2023-04-07T01:00:00.000000000Z,4670,163.819,163.869,163.672,163.736,163.842,163.888,163.692,163.755,163.864,163.910,163.712,163.774
2310,GBP_JPY,2023-04-07T02:00:00.000000000Z,4104,163.738,163.975,163.720,163.971,163.757,163.992,163.741,163.988,163.776,164.010,163.761,164.004
2311,GBP_JPY,2023-04-07T03:00:00.000000000Z,7103,163.969,164.054,163.883,163.918,163.986,164.070,163.900,163.934,164.002,164.087,163.917,163.951
2312,GBP_JPY,2023-04-07T04:00:00.000000000Z,4985,163.916,163.960,163.876,163.904,163.933,163.976,163.892,163.922,163.950,163.994,163.906,163.941
2313,GBP_JPY,2023-04-07T05:00:00.000000000Z,3482,163.905,164.035,163.841,164.027,163.922,164.052,163.860,164.046,163.940,164.071,163.876,164.066
2314,GBP_JPY,2023-04-07T06:00:00.000000000Z,5446,164.030,164.273,163.978,164.005,164.048,164.288,163.996,164.024,164.065,164.305,164.014,164.044
2315,GBP_JPY,2023-04-07T07:00:00.000000000Z,3234,164.006,164.061,163.862,163.983,164.024,164.078,163.880,163.996,164.043,164.095,163.897,164.010
2316,GBP_JPY,2023-04-07T08:00:00.000000000Z,2366,163.982,163.985,163.855,163.930,163.996,164.000,163.874,163.948,164.011,164.017,163.892,163.967
2317,GBP_JPY,2023-04-07T09:00:00.000000000Z,3074,163.927,163.942,163.784,163.791,163.945,163.960,163.803,163.810,163.963,163.978,163.821,163.830
2318,GBP_JPY,2023-04-07T10:00:00.000000000Z,3222,163.794,163.801,163.610,163.615,163.812,163.820,163.628,163.632,163.829,163.838,163.645,163.650
2319,GBP_JPY,2023-04-07T11:00:00.000000000Z,3648,163.613,163.729,163.581,163.712,163.632,163.748,163.598,163.731,163.650,163.766,163.615,163.750
2320,GBP_JPY,2023-04-07T12:00:00.000000000Z,12664,163.713,164.161,163.446,164.007,163.730,164.188,163.521,164.026,163.748,164.215,163.596,164.045
2321,GBP_JPY,2023-04-07T13:00:00.000000000Z,6793,164.010,164.092,163.926,164.046,164.028,164.111,163.946,164.064,164.046,164.130,163.966,164.083
2322,GBP_JPY,2023-04-07T14:00:00.000000000Z,4475,164.046,164.139,163.998,164.048,164.066,164.158,164.020,164.070,164.087,164.176,164.040,164.092
2323,GBP_JPY,2023-04-07T15:00:00.000000000Z,9545,164.049,164.114,163.799,164.047,164.070,164.134,163.860,164.090,164.091,164.153,163.907,164.132
2324,GBP_JPY,2023-04-07T16:00:00.000000000Z,5089,164.047,164.117,164.010,164.047,164.088,164.170,164.084,164.102,164.130,164.245,164.130,164.158
2325,GBP_JPY,2023-04-07T17:00:00.000000000Z,5183,164.047,164.129,164.005,164.093,164.103,164.181,164.076,164.148,164.159,164.256,164.127,164.204
2326,GBP_JPY,2023-04-07T18:00:00.000000000Z,6036,164.093,164.172,164.029,164.109,164.149,164.232,164.098,164.183,164.205,164.307,164.154,164.257
2327,GBP_JPY,2023-04-07T19:00:00.000000000Z,333,164.108,164.246,164.066,164.237,164.181,164.321,164.141,164.312,164.254,164.396,164.216,164.387
2328,GBP_JPY,2023-04-07T20:00:00.000000000Z,333,164.198,164.302,163.949,164.023,164.273,164.377,164.024,164.098,164.348,164.452,164.099,164.173
2329,GBP_JPY,2023-04-09T21:00:00.000000000Z,34,164.109,164.119,164.027,164.081,164.184,164.194,164.102,164.156,164.259,164.269,164.177,164.231
2330,GBP_JPY,2023-04-09T22:00:00.000000000Z,4900,164.103,164.103,163.780,163.997,164.178,164.178,163.816,164.020,164.253,164.253,163.844,164.042
2331,GBP_JPY,2023-04-09T23:00:00.000000000Z,3878,163.999,164.273,163.924,164.194,164.020,164.292,163.946,164.215,164.042,164.311,163.966,164.236
2332,GBP_JPY,2023-04-10T00:00:00.000000000Z,9342,164.188,164.734,164.181,164.634,164.208,164.749,164.203,164.649,164.229,164.765,164.225,164.664
2333,GBP_JPY,2023-04-10T01:00:00.000000000Z,6930,164.635,164.748,164.513,164.675,164.650,164.764,164.530,164.691,164.666,164.780,164.547,164.707
2334,GBP_JPY,2023-04-10T02:00:00.000000000Z,4957,164.674,164.735,164.525,164.555,164.690,164.752,164.544,164.571,164.707,164.773,164.559,164.587
2335,GBP_JPY,2023-04-10T03:00:00.000000000Z,2842,164.554,164.721,164.537,164.656,164.570,164.736,164.555,164.672,164.587,164.752,164.571,164.689
2336,GBP_JPY,2023-04-10T04:00:00.000000000Z,5160,164.657,164.718,164.531,164.562,164.672,164.732,164.547,164.577,164.688,164.748,164.562,164.592
2337,GBP_JPY,2023-04-10T05:00:00.000000000Z,4514,164.565,164.643,164.503,164.535,164.578,164.658,164.520,164.550,164.592,164.674,164.535,164.566
2338,GBP_JPY,2023-04-10T06:00:00.000000000Z,5146,164.539,164.562,164.390,164.541,164.555,164.576,164.406,164.555,164.571,164.593,164.421,164.569
2339,GBP_JPY,2023-04-10T07:00:00.000000000Z,8238,164.542,164.626,163.975,164.104,164.557,164.641,163.993,164.122,164.572,164.657,164.011,164.140
2340,GBP_JPY,2023-04-10T08:00:00.000000000Z,7328,164.096,164.285,164.013,164.145,164.113,164.300,164.030,164.160,164.130,164.317,164.045,164.176
2341,GBP_JPY,2023-04-10T09:00:00.000000000Z,6197,164.143,164.426,164.115,164.330,164.158,164.442,164.130,164.346,164.174,164.460,164.145,164.361
2342,GBP_JPY,2023-04-10T10:00:00.000000000Z,6777,164.330,164.643,164.296,164.431,164.347,164.662,164.312,164.448,164.364,164.682,164.328,164.464
2343,GBP_JPY,2023-04-10T11:00:00.000000000Z,10077,164.437,165.019,164.362,164.898,164.454,165.034,164.380,164.914,164.470,165.048,164.395,164.930
2344,GBP_JPY,2023-04-10T12:00:00.000000000Z,13861,164.900,165.019,164.540,164.671,164.916,165.036,164.556,164.686,164.932,165.054,164.570,164.700
2345,GBP_JPY,2023-04-10T13:00:00.000000000Z,13009,164.670,164.991,164.594,164.973,164.686,165.006,164.610,164.988,164.701,165.020,164.627,165.002
2346,GBP_JPY,2023-04-10T14:00:00.000000000Z,10396,164.972,165.439,164.939,165.400,164.986,165.453,164.956,165.414,165.000,165.468,164.972,165.429
2347,GBP_JPY,2023-04-10T15:00:00.000000000Z,6344,165.397,165.486,165.249,165.277,165.410,165.500,165.264,165.292,165.424,165.516,165.280,165.306
2348,GBP_JPY,2023-04-10T16:00:00.000000000Z,4269,165.273,165.465,165.232,165.440,165.288,165.478,165.248,165.454,165.304,165.492,165.263,165.467
2349,GBP_JPY,2023-04-10T17:00:00.000000000Z,4837,165.438,165.465,165.317,165.413,165.452,165.478,165.330,165.426,165.466,165.492,165.343,165.439
2350,GBP_JPY,2023-04-10T18:00:00.000000000Z,4530,165.415,165.427,165.346,165.419,165.428,165.442,165.360,165.432,165.441,165.457,165.372,165.446
2351,GBP_JPY,2023-04-10T19:00:00.000000000Z,4801,165.417,165.429,165.314,165.402,165.432,165.442,165.329,165.416,165.447,165.455,165.343,165.431
2352,GBP_JPY,2023-04-10T20:00:00.000000000Z,3498,165.401,165.466,165.362,165.445,165.416,165.481,165.378,165.466,165.432,165.498,165.392,165.487
2353,GBP_JPY,2023-04-10T21:00:00.000000000Z,746,165.377,165.383,165.275,165.367,165.452,165.452,165.350,165.428,165.527,165.527,165.425,165.489
2354,GBP_JPY,2023-04-10T22:00:00.000000000Z,3108,165.362,165.451,165.239,165.384,165.426,165.471,165.296,165.406,165.490,165.511,165.354,165.427
2355,GBP_JPY,2023-04-10T23:00:00.000000000Z,3853,165.388,165.503,165.357,165.376,165.409,165.522,165.374,165.394,165.430,165.542,165.391,165.411
2356,GBP_JPY,2023-04-11T00:00:00.000000000Z,7484,165.379,165.409,165.178,165.385,165.395,165.425,165.194,165.402,165.411,165.441,165.211,165.420
2357,GBP_JPY,2023-04-11T01:00:00.000000000Z,8229,165.384,165.654,165.371,165.515,165.402,165.668,165.386,165.531,165.421,165.684,165.400,165.547
2358,GBP_JPY,2023-04-11T02:00:00.000000000Z,7338,165.513,165.599,165.386,165.404,165.530,165.614,165.402,165.419,165.548,165.629,165.418,165.434
2359,GBP_JPY,2023-04-11T03:00:00.000000000Z,4373,165.409,165.529,165.396,165.502,165.424,165.544,165.412,165.517,165.439,165.559,165.428,165.532
2360,GBP_JPY,2023-04-11T04:00:00.000000000Z,4743,165.503,165.572,165.444,165.455,165.517,165.586,165.459,165.470,165.531,165.601,165.473,165.484
2361,GBP_JPY,2023-04-11T05:00:00.000000000Z,5983,165.454,165.470,165.314,165.453,165.470,165.483,165.330,165.469,165.485,165.496,165.345,165.485
2362,GBP_JPY,2023-04-11T06:00:00.000000000Z,8578,165.456,165.794,165.430,165.674,165.472,165.806,165.444,165.689,165.488,165.823,165.457,165.704
2363,GBP_JPY,2023-04-11T07:00:00.000000000Z,11831,165.676,165.789,165.361,165.412,165.690,165.803,165.376,165.426,165.704,165.817,165.389,165.440
2364,GBP_JPY,2023-04-11T08:00:00.000000000Z,9318,165.412,165.694,165.290,165.504,165.426,165.707,165.304,165.519,165.441,165.722,165.318,165.534
2365,GBP_JPY,2023-04-11T09:00:00.000000000Z,9095,165.507,165.630,165.419,165.568,165.523,165.644,165.434,165.582,165.539,165.658,165.449,165.595
2366,GBP_JPY,2023-04-11T10:00:00.000000000Z,9856,165.568,165.689,165.474,165.632,165.582,165.702,165.490,165.646,165.596,165.716,165.504,165.660
2367,GBP_JPY,2023-04-11T11:00:00.000000000Z,9652,165.628,165.660,165.433,165.612,165.642,165.672,165.448,165.624,165.657,165.684,165.463,165.637
2368,GBP_JPY,2023-04-11T12:00:00.000000000Z,10278,165.613,165.647,165.418,165.461,165.626,165.660,165.432,165.477,165.640,165.675,165.445,165.493
2369,GBP_JPY,2023-04-11T13:00:00.000000000Z,12235,165.459,165.761,165.376,165.643,165.474,165.774,165.389,165.656,165.488,165.789,165.401,165.668
2370,GBP_JPY,2023-04-11T14:00:00.000000000Z,10905,165.641,165.991,165.638,165.947,165.655,166.005,165.652,165.960,165.669,166.019,165.665,165.973
2371,GBP_JPY,2023-04-11T15:00:00.000000000Z,8863,165.949,166.104,165.783,165.806,165.961,166.116,165.795,165.820,165.973,166.130,165.806,165.834
2372,GBP_JPY,2023-04-11T16:00:00.000000000Z,6068,165.808,165.941,165.806,165.925,165.823,165.954,165.821,165.938,165.838,165.968,165.834,165.952
2373,GBP_JPY,2023-04-11T17:00:00.000000000Z,5107,165.924,166.033,165.837,165.999,165.938,166.046,165.848,166.012,165.953,166.058,165.860,166.026
2374,GBP_JPY,2023-04-11T18:00:00.000000000Z,4373,165.999,166.157,165.987,166.142,166.012,166.170,166.000,166.154,166.025,166.183,166.013,166.167
2375,GBP_JPY,2023-04-11T19:00:00.000000000Z,4889,166.147,166.147,166.029,166.107,166.160,166.160,166.042,166.120,166.172,166.172,166.055,166.134
2376,GBP_JPY,2023-04-11T20:00:00.000000000Z,2460,166.105,166.186,166.097,166.101,166.118,166.200,166.110,166.120,166.132,166.213,166.122,166.140
2377,GBP_JPY,2023-04-11T21:00:00.000000000Z,1948,166.074,166.074,166.024,166.060,166.149,166.149,166.095,166.112,166.224,166.224,166.147,166.163
2378,GBP_JPY,2023-04-11T22:00:00.000000000Z,7092,166.050,166.150,166.034,166.072,166.100,166.167,166.052,166.088,166.151,166.196,166.069,166.104
2379,GBP_JPY,2023-04-11T23:00:00.000000000Z,5206,166.071,166.112,165.982,166.041,166.088,166.128,166.002,166.058,166.105,166.143,166.017,166.075
2380,GBP_JPY,2023-04-12T00:00:00.000000000Z,6743,166.038,166.254,165.951,166.149,166.055,166.270,165.968,166.164,166.072,166.286,165.983,166.179
2381,GBP_JPY,2023-04-12T01:00:00.000000000Z,5839,166.145,166.215,166.063,166.154,166.162,166.230,166.078,166.171,166.178,166.247,166.093,166.188
2382,GBP_JPY,2023-04-12T02:00:00.000000000Z,5874,166.156,166.460,166.139,166.421,166.173,166.475,166.155,166.436,166.190,166.490,166.171,166.450
2383,GBP_JPY,2023-04-12T03:00:00.000000000Z,5688,166.420,166.565,166.340,166.393,166.436,166.582,166.358,166.409,166.452,166.599,166.372,166.425
2384,GBP_JPY,2023-04-12T04:00:00.000000000Z,3312,166.393,166.461,166.289,166.350,166.410,166.476,166.306,166.366,166.427,166.493,166.322,166.381
2385,GBP_JPY,2023-04-12T05:00:00.000000000Z,4043,166.351,166.529,166.290,166.478,166.366,166.543,166.305,166.492,166.380,166.557,166.319,166.507
2386,GBP_JPY,2023-04-12T06:00:00.000000000Z,7659,166.481,166.575,166.100,166.144,166.494,166.587,166.116,166.158,166.508,166.603,166.129,166.171
2387,GBP_JPY,2023-04-12T07:00:00.000000000Z,10232,166.141,166.297,166.007,166.275,166.155,166.310,166.022,166.288,166.169,166.323,166.036,166.300
2388,GBP_JPY,2023-04-12T08:00:00.000000000Z,8532,166.274,166.295,166.034,166.173,166.288,166.307,166.048,166.188,166.302,166.319,166.062,166.203
2389,GBP_JPY,2023-04-12T09:00:00.000000000Z,6982,166.166,166.236,165.961,166.055,166.181,166.250,165.977,166.068,166.196,166.265,165.993,166.082
2390,GBP_JPY,2023-04-12T10:00:00.000000000Z,6521,166.054,166.127,165.882,165.915,166.068,166.140,165.896,165.930,166.082,166.154,165.911,165.944
2391,GBP_JPY,2023-04-12T11:00:00.000000000Z,7540,165.916,165.942,165.760,165.887,165.930,165.956,165.774,165.902,165.943,165.970,165.788,165.917
2392,GBP_JPY,2023-04-12T12:00:00.000000000Z,20293,165.890,166.046,165.370,165.576,165.904,166.066,165.388,165.591,165.918,166.087,165.406,165.606
2393,GBP_JPY,2023-04-12T13:00:00.000000000Z,19940,165.574,166.092,165.457,165.892,165.589,166.106,165.474,165.906,165.604,166.124,165.490,165.920
2394,GBP_JPY,2023-04-12T14:00:00.000000000Z,17139,165.889,166.207,165.842,166.161,165.904,166.222,165.856,166.174,165.920,166.237,165.871,166.186
2395,GBP_JPY,2023-04-12T15:00:00.000000000Z,10717,166.159,166.201,165.852,166.140,166.172,166.214,165.866,166.152,166.184,166.227,165.879,166.164
2396,GBP_JPY,2023-04-12T16:00:00.000000000Z,7592,166.146,166.284,166.075,166.265,166.158,166.298,166.089,166.278,166.171,166.312,166.102,166.291
2397,GBP_JPY,2023-04-12T17:00:00.000000000Z,6873,166.273,166.586,166.246,166.527,166.286,166.604,166.260,166.568,166.299,166.625,166.271,166.608
2398,GBP_JPY,2023-04-12T18:00:00.000000000Z,10246,166.496,166.548,166.150,166.314,166.551,166.580,166.164,166.327,166.606,166.655,166.178,166.340
2399,GBP_JPY,2023-04-12T19:00:00.000000000Z,7402,166.312,166.318,166.057,166.263,166.325,166.332,166.072,166.276,166.338,166.346,166.085,166.288
2400,GBP_JPY,2023-04-12T20:00:00.000000000Z,3256,166.267,166.282,166.144,166.220,166.280,166.296,166.176,166.240,166.292,166.309,166.194,166.261
2401,GBP_JPY,2023-04-12T21:00:00.000000000Z,2815,166.134,166.186,166.020,166.180,166.209,166.240,166.095,166.238,166.284,166.301,166.158,166.295
2402,GBP_JPY,2023-04-12T22:00:00.000000000Z,4707,166.172,166.344,166.087,166.164,166.230,166.402,166.144,166.182,166.287,166.459,166.162,166.201
2403,GBP_JPY,2023-04-12T23:00:00.000000000Z,4316,166.160,166.252,166.054,166.240,166.180,166.268,166.069,166.256,166.200,166.284,166.084,166.271
2404,GBP_JPY,2023-04-13T00:00:00.000000000Z,7288,166.241,166.454,166.087,166.344,166.258,166.470,166.103,166.361,166.274,166.486,166.119,166.378
2405,GBP_JPY,2023-04-13T01:00:00.000000000Z,7367,166.345,166.389,166.189,166.358,166.361,166.406,166.206,166.373,166.377,166.422,166.224,166.388
2406,GBP_JPY,2023-04-13T02:00:00.000000000Z,5464,166.353,166.483,166.318,166.436,166.368,166.498,166.334,166.452,166.384,166.513,166.349,166.467
2407,GBP_JPY,2023-04-13T03:00:00.000000000Z,4634,166.434,166.497,166.350,166.392,166.450,166.512,166.366,166.408,166.465,166.528,166.381,166.425
2408,GBP_JPY,2023-04-13T04:00:00.000000000Z,4378,166.394,166.469,166.328,166.442,166.410,166.484,166.342,166.457,166.426,166.499,166.357,166.472
2409,GBP_JPY,2023-04-13T05:00:00.000000000Z,4659,166.441,166.445,166.343,166.400,166.457,166.460,166.356,166.416,166.473,166.476,166.369,166.432
2410,GBP_JPY,2023-04-13T06:00:00.000000000Z,7461,166.403,166.513,166.219,166.262,166.419,166.524,166.234,166.276,166.435,166.537,166.248,166.289
2411,GBP_JPY,2023-04-13T07:00:00.000000000Z,10482,166.258,166.462,166.181,166.217,166.272,166.475,166.194,166.227,166.287,166.488,166.207,166.237
2412,GBP_JPY,2023-04-13T08:00:00.000000000Z,10100,166.218,166.740,166.210,166.718,166.228,166.754,166.224,166.730,166.239,166.767,166.239,166.743
2413,GBP_JPY,2023-04-13T09:00:00.000000000Z,8116,166.719,166.740,166.476,166.612,166.731,166.754,166.492,166.625,166.743,166.769,166.506,166.638
2414,GBP_JPY,2023-04-13T10:00:00.000000000Z,8015,166.611,166.849,166.584,166.605,166.625,166.860,166.600,166.620,166.639,166.872,166.615,166.634
2415,GBP_JPY,2023-04-13T11:00:00.000000000Z,7074,166.606,166.779,166.512,166.700,166.620,166.794,166.524,166.714,166.634,166.810,166.535,166.728
2416,GBP_JPY,2023-04-13T12:00:00.000000000Z,16910,166.703,166.753,166.009,166.048,166.717,166.767,166.023,166.064,166.731,166.781,166.037,166.081
2417,GBP_JPY,2023-04-13T13:00:00.000000000Z,17250,166.050,166.051,165.395,165.544,166.065,166.066,165.408,165.558,166.080,166.080,165.422,165.573
2418,GBP_JPY,2023-04-13T14:00:00.000000000Z,14334,165.550,165.790,165.498,165.646,165.564,165.804,165.512,165.658,165.577,165.819,165.525,165.671
2419,GBP_JPY,2023-04-13T15:00:00.000000000Z,9353,165.651,165.881,165.600,165.852,165.664,165.894,165.613,165.866,165.676,165.909,165.626,165.879
2420,GBP_JPY,2023-04-13T16:00:00.000000000Z,6431,165.854,165.965,165.837,165.847,165.868,165.978,165.850,165.860,165.881,165.992,165.862,165.872
2421,GBP_JPY,2023-04-13T17:00:00.000000000Z,6516,165.849,166.163,165.849,166.138,165.860,166.175,165.860,166.151,165.872,166.187,165.871,166.164
2422,GBP_JPY,2023-04-13T18:00:00.000000000Z,5399,166.142,166.313,166.140,166.291,166.155,166.326,166.153,166.302,166.168,166.339,166.166,166.313
2423,GBP_JPY,2023-04-13T19:00:00.000000000Z,4230,166.284,166.287,166.160,166.230,166.296,166.300,166.173,166.244,166.308,166.313,166.186,166.257
2424,GBP_JPY,2023-04-13T20:00:00.000000000Z,2823,166.231,166.271,166.001,166.006,166.244,166.282,166.020,166.024,166.256,166.294,166.037,166.043
2425,GBP_JPY,2023-04-13T21:00:00.000000000Z,2503,165.930,166.011,165.895,166.002,166.004,166.080,165.970,166.050,166.078,166.154,166.036,166.099
2426,GBP_JPY,2023-04-13T22:00:00.000000000Z,3506,166.009,166.071,165.970,166.005,166.058,166.092,165.988,166.022,166.106,166.118,166.006,166.040
2427,GBP_JPY,2023-04-13T23:00:00.000000000Z,3580,166.007,166.034,165.888,165.921,166.024,166.049,165.904,165.938,166.042,166.065,165.919,165.955
2428,GBP_JPY,2023-04-14T00:00:00.000000000Z,7754,165.923,166.151,165.849,165.999,165.940,166.167,165.864,166.014,165.957,166.183,165.878,166.030
2429,GBP_JPY,2023-04-14T01:00:00.000000000Z,7386,165.998,166.096,165.816,165.984,166.014,166.112,165.832,166.000,166.031,166.128,165.849,166.017
2430,GBP_JPY,2023-04-14T02:00:00.000000000Z,6847,165.984,166.061,165.888,166.057,166.002,166.074,165.904,166.072,166.020,166.089,165.919,166.086
2431,GBP_JPY,2023-04-14T03:00:00.000000000Z,5301,166.058,166.102,166.001,166.047,166.072,166.116,166.015,166.060,166.086,166.130,166.029,166.073
2432,GBP_JPY,2023-04-14T04:00:00.000000000Z,4846,166.046,166.150,165.913,166.119,166.060,166.162,165.928,166.134,166.074,166.175,165.944,166.149
2433,GBP_JPY,2023-04-14T05:00:00.000000000Z,5054,166.118,166.176,166.069,166.104,166.134,166.187,166.085,166.118,166.151,166.198,166.100,166.132
2434,GBP_JPY,2023-04-14T06:00:00.000000000Z,7337,166.105,166.122,165.957,166.022,166.118,166.136,165.972,166.036,166.131,166.150,165.985,166.049
2435,GBP_JPY,2023-04-14T07:00:00.000000000Z,10302,166.021,166.145,165.611,165.624,166.034,166.156,165.625,165.637,166.046,166.171,165.639,165.650
2436,GBP_JPY,2023-04-14T08:00:00.000000000Z,9599,165.620,165.700,165.397,165.660,165.633,165.712,165.412,165.673,165.646,165.728,165.427,165.686
2437,GBP_JPY,2023-04-14T09:00:00.000000000Z,6911,165.660,165.764,165.630,165.736,165.674,165.779,165.644,165.751,165.689,165.794,165.658,165.766
2438,GBP_JPY,2023-04-14T10:00:00.000000000Z,7326,165.733,165.877,165.621,165.816,165.748,165.892,165.638,165.830,165.763,165.908,165.652,165.844
2439,GBP_JPY,2023-04-14T11:00:00.000000000Z,9442,165.812,165.938,165.634,165.655,165.827,165.952,165.647,165.668,165.842,165.967,165.660,165.682
2440,GBP_JPY,2023-04-14T12:00:00.000000000Z,19903,165.657,166.076,165.475,166.069,165.670,166.092,165.530,166.084,165.684,166.108,165.586,166.100
2441,GBP_JPY,2023-04-14T13:00:00.000000000Z,16366,166.067,166.091,165.862,165.873,166.084,166.105,165.878,165.916,166.100,166.119,165.892,165.959
2442,GBP_JPY,2023-04-14T14:00:00.000000000Z,18785,165.912,166.091,165.852,166.057,165.986,166.118,165.867,166.069,166.059,166.144,165.880,166.081
2443,GBP_JPY,2023-04-14T15:00:00.000000000Z,12776,166.049,166.224,165.962,166.055,166.062,166.236,165.974,166.068,166.076,166.247,165.987,166.081
2444,GBP_JPY,2023-04-14T16:00:00.000000000Z,7692,166.052,166.109,165.892,165.949,166.064,166.122,165.904,165.962,166.076,166.136,165.916,165.974
2445,GBP_JPY,2023-04-14T17:00:00.000000000Z,6766,165.945,166.003,165.815,165.925,165.959,166.017,165.828,165.938,165.973,166.031,165.840,165.950
2446,GBP_JPY,2023-04-14T18:00:00.000000000Z,5012,165.921,166.110,165.917,166.095,165.934,166.123,165.930,166.108,165.948,166.137,165.942,166.120
2447,GBP_JPY,2023-04-14T19:00:00.000000000Z,4777,166.096,166.116,165.963,166.072,166.108,166.128,165.976,166.085,166.119,166.139,165.988,166.098
2448,GBP_JPY,2023-04-14T20:00:00.000000000Z,3141,166.070,166.120,165.963,165.992,166.083,166.134,166.029,166.058,166.096,166.148,166.043,166.124
2449,GBP_JPY,2023-04-16T21:00:00.000000000Z,43,166.065,166.128,166.047,166.128,166.140,166.203,166.122,166.203,166.215,166.278,166.197,166.278
2450,GBP_JPY,2023-04-16T22:00:00.000000000Z,5267,166.136,166.177,165.930,166.122,166.211,166.234,165.950,166.142,166.286,166.309,165.970,166.163
2451,GBP_JPY,2023-04-16T23:00:00.000000000Z,3847,166.123,166.151,166.029,166.149,166.144,166.168,166.046,166.165,166.165,166.186,166.062,166.181
2452,GBP_JPY,2023-04-17T00:00:00.000000000Z,6036,166.146,166.153,165.813,165.837,166.162,166.168,165.830,165.854,166.179,166.184,165.846,165.871
2453,GBP_JPY,2023-04-17T01:00:00.000000000Z,6620,165.841,166.097,165.827,166.068,165.856,166.112,165.842,166.086,165.872,166.130,165.858,166.103
2454,GBP_JPY,2023-04-17T02:00:00.000000000Z,5737,166.067,166.076,165.897,166.043,166.086,166.091,165.914,166.060,166.104,166.107,165.930,166.077
2455,GBP_JPY,2023-04-17T03:00:00.000000000Z,4695,166.043,166.203,165.986,166.173,166.058,166.218,166.001,166.188,166.074,166.234,166.016,166.203
2456,GBP_JPY,2023-04-17T04:00:00.000000000Z,4307,166.173,166.425,166.117,166.388,166.187,166.440,166.132,166.402,166.201,166.454,166.147,166.416
2457,GBP_JPY,2023-04-17T05:00:00.000000000Z,6284,166.388,166.550,166.304,166.310,166.403,166.566,166.318,166.325,166.418,166.582,166.332,166.340
2458,GBP_JPY,2023-04-17T06:00:00.000000000Z,8084,166.313,166.522,166.212,166.429,166.327,166.536,166.226,166.443,166.341,166.549,166.240,166.457
2459,GBP_JPY,2023-04-17T07:00:00.000000000Z,9822,166.437,166.487,166.289,166.395,166.450,166.500,166.303,166.408,166.462,166.514,166.315,166.421
2460,GBP_JPY,2023-04-17T08:00:00.000000000Z,10260,166.393,166.394,165.679,165.804,166.406,166.406,165.695,165.818,166.419,166.420,165.709,165.833
2461,GBP_JPY,2023-04-17T09:00:00.000000000Z,8578,165.806,166.279,165.758,166.241,165.820,166.292,165.772,166.255,165.834,166.305,165.785,166.269
2462,GBP_JPY,2023-04-17T10:00:00.000000000Z,6755,166.240,166.462,166.172,166.210,166.255,166.472,166.187,166.222,166.270,166.482,166.202,166.234
2463,GBP_JPY,2023-04-17T11:00:00.000000000Z,8426,166.212,166.407,166.184,166.202,166.225,166.420,166.198,166.214,166.238,166.434,166.210,166.227
2464,GBP_JPY,2023-04-17T12:00:00.000000000Z,13678,166.203,166.522,166.193,166.367,166.216,166.556,166.207,166.380,166.230,166.597,166.220,166.393
2465,GBP_JPY,2023-04-17T13:00:00.000000000Z,14796,166.372,166.620,166.278,166.302,166.385,166.635,166.292,166.315,166.398,166.651,166.306,166.328
2466,GBP_JPY,2023-04-17T14:00:00.000000000Z,14971,166.302,166.402,166.104,166.314,166.316,166.414,166.119,166.328,166.329,166.427,166.134,166.341
2467,GBP_JPY,2023-04-17T15:00:00.000000000Z,10916,166.316,166.384,166.148,166.203,166.329,166.398,166.162,166.216,166.342,166.413,166.176,166.229
2468,GBP_JPY,2023-04-17T16:00:00.000000000Z,6283,166.200,166.215,166.092,166.127,166.214,166.228,166.106,166.139,166.229,166.242,166.120,166.151
2469,GBP_JPY,2023-04-17T17:00:00.000000000Z,5070,166.128,166.357,166.112,166.325,166.139,166.370,166.126,166.339,166.150,166.383,166.138,166.353
2470,GBP_JPY,2023-04-17T18:00:00.000000000Z,3456,166.326,166.343,166.205,166.299,166.339,166.356,166.219,166.311,166.352,166.369,166.232,166.323
2471,GBP_JPY,2023-04-17T19:00:00.000000000Z,3462,166.297,166.391,166.267,166.388,166.308,166.404,166.279,166.401,166.320,166.417,166.290,166.414
2472,GBP_JPY,2023-04-17T20:00:00.000000000Z,1970,166.384,166.445,166.377,166.437,166.398,166.462,166.390,166.454,166.413,166.489,166.403,166.472
2473,GBP_JPY,2023-04-17T21:00:00.000000000Z,5550,166.301,166.435,166.301,166.390,166.376,166.506,166.376,166.452,166.451,166.579,166.451,166.515
2474,GBP_JPY,2023-04-17T22:00:00.000000000Z,4002,166.396,166.423,166.340,166.344,166.457,166.460,166.360,166.360,166.518,166.525,166.376,166.376
2475,GBP_JPY,2023-04-17T23:00:00.000000000Z,2803,166.342,166.408,166.320,166.357,166.358,166.423,166.337,166.372,166.374,166.439,166.353,166.388
2476,GBP_JPY,2023-04-18T00:00:00.000000000Z,5412,166.357,166.376,166.152,166.265,166.372,166.392,166.166,166.282,166.387,166.408,166.180,166.298
2477,GBP_JPY,2023-04-18T01:00:00.000000000Z,7520,166.267,166.717,166.244,166.540,166.282,166.736,166.264,166.556,166.297,166.755,166.282,166.573
2478,GBP_JPY,2023-04-18T02:00:00.000000000Z,6603,166.541,166.635,166.422,166.557,166.557,166.652,166.438,166.573,166.573,166.670,166.455,166.589
2479,GBP_JPY,2023-04-18T03:00:00.000000000Z,5997,166.557,166.596,166.439,166.468,166.572,166.610,166.454,166.483,166.588,166.625,166.469,166.498
2480,GBP_JPY,2023-04-18T04:00:00.000000000Z,4630,166.466,166.610,166.422,166.483,166.480,166.624,166.438,166.497,166.495,166.640,166.453,166.511
2481,GBP_JPY,2023-04-18T05:00:00.000000000Z,4845,166.480,166.514,166.414,166.492,166.496,166.529,166.429,166.512,166.511,166.545,166.444,166.533
2482,GBP_JPY,2023-04-18T06:00:00.000000000Z,9168,166.484,166.736,166.396,166.670,166.506,166.750,166.414,166.683,166.527,166.764,166.430,166.696
2483,GBP_JPY,2023-04-18T07:00:00.000000000Z,11069,166.678,166.959,166.656,166.834,166.691,166.974,166.671,166.848,166.704,166.990,166.685,166.861
2484,GBP_JPY,2023-04-18T08:00:00.000000000Z,9067,166.836,167.001,166.733,166.847,166.849,167.014,166.746,166.863,166.862,167.029,166.760,166.879
2485,GBP_JPY,2023-04-18T09:00:00.000000000Z,8724,166.849,166.928,166.668,166.727,166.864,166.940,166.680,166.739,166.878,166.954,166.692,166.751
2486,GBP_JPY,2023-04-18T10:00:00.000000000Z,7824,166.725,166.797,166.549,166.761,166.738,166.810,166.563,166.776,166.751,166.823,166.577,166.790
2487,GBP_JPY,2023-04-18T11:00:00.000000000Z,8645,166.766,166.787,166.462,166.567,166.780,166.800,166.476,166.580,166.793,166.814,166.490,166.594
2488,GBP_JPY,2023-04-18T12:00:00.000000000Z,10672,166.571,166.862,166.564,166.773,166.584,166.876,166.578,166.786,166.597,166.889,166.591,166.800
2489,GBP_JPY,2023-04-18T13:00:00.000000000Z,12472,166.773,166.889,166.616,166.621,166.788,166.902,166.630,166.635,166.802,166.915,166.644,166.649
2490,GBP_JPY,2023-04-18T14:00:00.000000000Z,12935,166.620,166.769,166.418,166.488,166.633,166.782,166.430,166.500,166.646,166.796,166.443,166.511
2491,GBP_JPY,2023-04-18T15:00:00.000000000Z,8720,166.487,166.594,166.406,166.556,166.500,166.606,166.420,166.568,166.512,166.618,166.435,166.580
2492,GBP_JPY,2023-04-18T16:00:00.000000000Z,5324,166.554,166.679,166.535,166.646,166.567,166.692,166.548,166.658,166.580,166.706,166.561,166.670
2493,GBP_JPY,2023-04-18T17:00:00.000000000Z,4187,166.645,166.654,166.537,166.618,166.658,166.666,166.548,166.630,166.671,166.677,166.559,166.642
2494,GBP_JPY,2023-04-18T18:00:00.000000000Z,3622,166.616,166.644,166.539,166.617,166.629,166.656,166.553,166.630,166.642,166.669,166.566,166.643
2495,GBP_JPY,2023-04-18T19:00:00.000000000Z,3887,166.620,166.668,166.580,166.597,166.632,166.680,166.593,166.608,166.644,166.693,166.606,166.620
2496,GBP_JPY,2023-04-18T20:00:00.000000000Z,1965,166.593,166.660,166.561,166.604,166.606,166.673,166.576,166.620,166.620,166.687,166.588,166.637
2497,GBP_JPY,2023-04-18T21:00:00.000000000Z,8893,166.585,166.622,166.524,166.570,166.660,166.683,166.579,166.618,166.735,166.755,166.629,166.666
2498,GBP_JPY,2023-04-18T22:00:00.000000000Z,4768,166.564,166.605,166.496,166.555,166.622,166.632,166.512,166.572,166.680,166.685,166.529,166.590
2499,GBP_JPY,2023-04-18T23:00:00.000000000Z,3538,166.555,166.575,166.484,166.532,166.573,166.592,166.500,166.547,166.591,166.610,166.516,166.562
2500,GBP_JPY,2023-04-19T00:00:00.000000000Z,5324,166.529,166.687,166.475,166.585,166.544,166.702,166.490,166.600,166.558,166.718,166.506,166.614
2501,GBP_JPY,2023-04-19T01:00:00.000000000Z,6766,166.584,166.809,166.495,166.705,166.600,166.824,166.512,166.721,166.616,166.840,166.530,166.737
2502,GBP_JPY,2023-04-19T02:00:00.000000000Z,5961,166.708,166.842,166.658,166.791,166.724,166.856,166.674,166.806,166.740,166.872,166.691,166.821
2503,GBP_JPY,2023-04-19T03:00:00.000000000Z,3363,166.794,166.805,166.709,166.779,166.809,166.820,166.724,166.796,166.824,166.834,166.739,166.813
2504,GBP_JPY,2023-04-19T04:00:00.000000000Z,2549,166.778,166.824,166.744,166.801,166.796,166.840,166.760,166.814,166.814,166.855,166.774,166.828
2505,GBP_JPY,2023-04-19T05:00:00.000000000Z,3775,166.798,166.915,166.779,166.856,166.812,166.928,166.796,166.876,166.826,166.942,166.809,166.896
2506,GBP_JPY,2023-04-19T06:00:00.000000000Z,14480,166.861,167.763,166.856,167.642,166.881,167.776,166.876,167.657,166.901,167.792,166.896,167.672
2507,GBP_JPY,2023-04-19T07:00:00.000000000Z,11823,167.651,167.896,167.630,167.859,167.666,167.910,167.645,167.874,167.682,167.926,167.659,167.888
2508,GBP_JPY,2023-04-19T08:00:00.000000000Z,10353,167.857,167.963,167.695,167.737,167.872,167.978,167.710,167.750,167.886,167.993,167.724,167.763
2509,GBP_JPY,2023-04-19T09:00:00.000000000Z,12012,167.735,167.895,167.150,167.317,167.752,167.908,167.185,167.332,167.770,167.922,167.219,167.348
2510,GBP_JPY,2023-04-19T10:00:00.000000000Z,8716,167.317,167.566,167.298,167.371,167.332,167.580,167.313,167.386,167.346,167.594,167.326,167.400
2511,GBP_JPY,2023-04-19T11:00:00.000000000Z,9740,167.370,167.383,167.000,167.052,167.385,167.397,167.015,167.066,167.400,167.411,167.029,167.079
2512,GBP_JPY,2023-04-19T12:00:00.000000000Z,11535,167.054,167.228,166.989,167.167,167.068,167.241,167.006,167.180,167.081,167.254,167.022,167.194
2513,GBP_JPY,2023-04-19T13:00:00.000000000Z,12123,167.163,167.412,167.043,167.385,167.176,167.425,167.056,167.398,167.188,167.438,167.068,167.412
2514,GBP_JPY,2023-04-19T14:00:00.000000000Z,11009,167.385,167.686,167.316,167.568,167.399,167.700,167.329,167.581,167.413,167.713,167.341,167.594
2515,GBP_JPY,2023-04-19T15:00:00.000000000Z,8453,167.567,167.717,167.459,167.665,167.579,167.730,167.474,167.678,167.591,167.744,167.487,167.691
2516,GBP_JPY,2023-04-19T16:00:00.000000000Z,5970,167.667,167.749,167.636,167.672,167.680,167.762,167.651,167.685,167.693,167.775,167.666,167.698
2517,GBP_JPY,2023-04-19T17:00:00.000000000Z,4829,167.673,167.732,167.663,167.676,167.686,167.744,167.675,167.690,167.698,167.759,167.686,167.705
2518,GBP_JPY,2023-04-19T18:00:00.000000000Z,5544,167.678,167.687,167.549,167.568,167.692,167.700,167.563,167.582,167.707,167.714,167.577,167.595
2519,GBP_JPY,2023-04-19T19:00:00.000000000Z,3942,167.565,167.669,167.545,167.667,167.578,167.680,167.558,167.680,167.592,167.694,167.570,167.692
2520,GBP_JPY,2023-04-19T20:00:00.000000000Z,2499,167.667,167.679,167.497,167.573,167.680,167.692,167.512,167.591,167.693,167.705,167.524,167.609
2521,GBP_JPY,2023-04-19T21:00:00.000000000Z,7287,167.535,167.602,167.362,167.365,167.610,167.677,167.408,167.422,167.685,167.752,167.448,167.479
2522,GBP_JPY,2023-04-19T22:00:00.000000000Z,4232,167.385,167.607,167.385,167.448,167.440,167.641,167.425,167.464,167.495,167.679,167.444,167.481
2523,GBP_JPY,2023-04-19T23:00:00.000000000Z,3260,167.451,167.498,167.380,167.412,167.470,167.512,167.397,167.429,167.488,167.526,167.414,167.446
2524,GBP_JPY,2023-04-20T00:00:00.000000000Z,6300,167.410,167.581,167.350,167.552,167.427,167.596,167.368,167.568,167.444,167.611,167.383,167.585
2525,GBP_JPY,2023-04-20T01:00:00.000000000Z,7392,167.552,167.693,167.540,167.591,167.569,167.708,167.556,167.606,167.586,167.725,167.570,167.620
2526,GBP_JPY,2023-04-20T02:00:00.000000000Z,5450,167.595,167.626,167.429,167.478,167.610,167.638,167.445,167.493,167.626,167.651,167.458,167.508
2527,GBP_JPY,2023-04-20T03:00:00.000000000Z,4378,167.477,167.492,167.357,167.454,167.492,167.506,167.372,167.468,167.508,167.522,167.387,167.481
2528,GBP_JPY,2023-04-20T04:00:00.000000000Z,3897,167.456,167.535,167.429,167.514,167.470,167.550,167.444,167.528,167.485,167.565,167.458,167.543
2529,GBP_JPY,2023-04-20T05:00:00.000000000Z,4231,167.519,167.560,167.444,167.508,167.533,167.573,167.457,167.521,167.547,167.589,167.470,167.534
2530,GBP_JPY,2023-04-20T06:00:00.000000000Z,9011,167.517,167.533,167.240,167.291,167.529,167.546,167.253,167.303,167.541,167.560,167.266,167.315
2531,GBP_JPY,2023-04-20T07:00:00.000000000Z,11366,167.290,167.358,167.106,167.199,167.304,167.370,167.120,167.211,167.317,167.383,167.134,167.223
2532,GBP_JPY,2023-04-20T08:00:00.000000000Z,9490,167.199,167.582,167.112,167.566,167.212,167.594,167.124,167.578,167.225,167.608,167.137,167.591
2533,GBP_JPY,2023-04-20T09:00:00.000000000Z,8589,167.560,167.597,167.412,167.413,167.573,167.611,167.427,167.427,167.586,167.625,167.441,167.441
2534,GBP_JPY,2023-04-20T10:00:00.000000000Z,6987,167.415,167.509,167.234,167.327,167.428,167.522,167.250,167.340,167.440,167.537,167.263,167.352
2535,GBP_JPY,2023-04-20T11:00:00.000000000Z,6918,167.321,167.525,167.284,167.360,167.334,167.538,167.300,167.376,167.347,167.550,167.315,167.391
2536,GBP_JPY,2023-04-20T12:00:00.000000000Z,15277,167.365,167.395,166.916,167.219,167.380,167.410,166.952,167.233,167.394,167.425,166.981,167.247
2537,GBP_JPY,2023-04-20T13:00:00.000000000Z,11461,167.221,167.298,167.072,167.143,167.234,167.312,167.086,167.175,167.247,167.327,167.100,167.207
2538,GBP_JPY,2023-04-20T14:00:00.000000000Z,11989,167.146,167.169,166.901,166.980,167.176,167.181,166.914,166.994,167.207,167.208,166.927,167.007
2539,GBP_JPY,2023-04-20T15:00:00.000000000Z,8888,166.980,167.040,166.830,166.906,166.993,167.052,166.846,166.921,167.006,167.067,166.862,166.936
2540,GBP_JPY,2023-04-20T16:00:00.000000000Z,5730,166.907,167.021,166.864,166.997,166.921,167.035,166.878,167.010,166.935,167.049,166.892,167.023
2541,GBP_JPY,2023-04-20T17:00:00.000000000Z,4128,167.000,167.168,166.931,167.168,167.014,167.182,166.945,167.181,167.028,167.196,166.957,167.194
2542,GBP_JPY,2023-04-20T18:00:00.000000000Z,5311,167.169,167.250,166.985,167.102,167.182,167.262,166.998,167.114,167.194,167.276,167.010,167.127
2543,GBP_JPY,2023-04-20T19:00:00.000000000Z,5367,167.102,167.133,166.947,166.999,167.114,167.146,166.962,167.014,167.126,167.161,166.975,167.028
2544,GBP_JPY,2023-04-20T20:00:00.000000000Z,2357,167.003,167.047,166.913,167.030,167.016,167.062,166.928,167.046,167.030,167.078,166.941,167.062
2545,GBP_JPY,2023-04-20T21:00:00.000000000Z,6554,166.930,166.993,166.857,166.944,167.005,167.044,166.932,166.997,167.080,167.097,167.007,167.050
2546,GBP_JPY,2023-04-20T22:00:00.000000000Z,4020,166.949,167.066,166.876,166.912,167.010,167.094,166.894,166.929,167.070,167.123,166.911,166.946
2547,GBP_JPY,2023-04-20T23:00:00.000000000Z,3141,166.912,166.913,166.635,166.686,166.930,166.931,166.654,166.702,166.948,166.950,166.670,166.718
2548,GBP_JPY,2023-04-21T00:00:00.000000000Z,5648,166.684,166.996,166.657,166.884,166.700,167.011,166.674,166.900,166.716,167.026,166.690,166.915
2549,GBP_JPY,2023-04-21T01:00:00.000000000Z,6589,166.880,166.934,166.534,166.598,166.896,166.950,166.550,166.613,166.913,166.966,166.567,166.628
2550,GBP_JPY,2023-04-21T02:00:00.000000000Z,5807,166.598,166.697,166.486,166.640,166.614,166.711,166.500,166.654,166.630,166.727,166.514,166.669
2551,GBP_JPY,2023-04-21T03:00:00.000000000Z,3658,166.641,166.641,166.454,166.469,166.654,166.656,166.469,166.484,166.667,166.672,166.484,166.498
2552,GBP_JPY,2023-04-21T04:00:00.000000000Z,3969,166.465,166.473,166.318,166.430,166.480,166.486,166.334,166.446,166.494,166.502,166.349,166.461
2553,GBP_JPY,2023-04-21T05:00:00.000000000Z,3780,166.431,166.444,166.295,166.320,166.446,166.457,166.310,166.350,166.460,166.472,166.325,166.381
2554,GBP_JPY,2023-04-21T06:00:00.000000000Z,9261,166.320,166.320,165.973,166.009,166.350,166.350,165.988,166.024,166.379,166.379,166.003,166.038
2555,GBP_JPY,2023-04-21T07:00:00.000000000Z,11243,166.011,166.201,165.887,166.043,166.024,166.220,165.902,166.056,166.037,166.240,165.915,166.069
2556,GBP_JPY,2023-04-21T08:00:00.000000000Z,11528,166.041,166.302,165.785,165.868,166.055,166.316,165.800,165.882,166.069,166.330,165.814,165.897
2557,GBP_JPY,2023-04-21T09:00:00.000000000Z,7828,165.866,165.964,165.629,165.677,165.880,165.978,165.644,165.690,165.894,165.991,165.657,165.704
2558,GBP_JPY,2023-04-21T10:00:00.000000000Z,7438,165.677,165.775,165.504,165.676,165.692,165.789,165.516,165.690,165.706,165.804,165.527,165.704
2559,GBP_JPY,2023-04-21T11:00:00.000000000Z,6374,165.678,165.901,165.645,165.791,165.690,165.914,165.659,165.804,165.703,165.928,165.673,165.816
2560,GBP_JPY,2023-04-21T12:00:00.000000000Z,9074,165.790,166.013,165.773,165.880,165.803,166.026,165.786,165.894,165.816,166.040,165.799,165.907
2561,GBP_JPY,2023-04-21T13:00:00.000000000Z,15983,165.876,166.332,165.773,166.261,165.890,166.346,165.786,166.275,165.903,166.362,165.799,166.289
2562,GBP_JPY,2023-04-21T14:00:00.000000000Z,16240,166.261,166.708,166.239,166.618,166.276,166.720,166.253,166.630,166.290,166.732,166.267,166.642
2563,GBP_JPY,2023-04-21T15:00:00.000000000Z,10651,166.618,166.792,166.582,166.736,166.631,166.806,166.596,166.750,166.644,166.821,166.609,166.764
2564,GBP_JPY,2023-04-21T16:00:00.000000000Z,7396,166.739,166.764,166.630,166.715,166.753,166.777,166.644,166.728,166.767,166.791,166.656,166.742
2565,GBP_JPY,2023-04-21T17:00:00.000000000Z,4954,166.713,166.759,166.642,166.727,166.726,166.771,166.655,166.741,166.740,166.784,166.668,166.755
2566,GBP_JPY,2023-04-21T18:00:00.000000000Z,4626,166.730,166.832,166.725,166.811,166.742,166.846,166.738,166.827,166.755,166.861,166.751,166.843
2567,GBP_JPY,2023-04-21T19:00:00.000000000Z,4365,166.812,166.872,166.764,166.838,166.827,166.884,166.778,166.851,166.842,166.898,166.792,166.864
2568,GBP_JPY,2023-04-21T20:00:00.000000000Z,2518,166.836,166.915,166.767,166.847,166.850,166.931,166.836,166.886,166.864,166.962,166.850,166.926
2569,GBP_JPY,2023-04-23T21:00:00.000000000Z,274,166.740,166.830,166.654,166.678,166.815,166.905,166.728,166.750,166.890,166.980,166.795,166.821
2570,GBP_JPY,2023-04-23T22:00:00.000000000Z,3345,166.672,166.891,166.663,166.849,166.744,166.911,166.716,166.874,166.817,166.931,166.748,166.900
2571,GBP_JPY,2023-04-23T23:00:00.000000000Z,2858,166.850,166.876,166.730,166.743,166.874,166.894,166.748,166.760,166.899,166.912,166.764,166.777
2572,GBP_JPY,2023-04-24T00:00:00.000000000Z,5644,166.744,166.835,166.588,166.767,166.760,166.850,166.604,166.780,166.776,166.866,166.618,166.793
2573,GBP_JPY,2023-04-24T01:00:00.000000000Z,6545,166.764,166.983,166.692,166.904,166.778,166.998,166.707,166.918,166.792,167.015,166.721,166.932
2574,GBP_JPY,2023-04-24T02:00:00.000000000Z,5640,166.903,167.181,166.900,167.181,166.918,167.198,166.915,167.198,166.934,167.214,166.930,167.214
2575,GBP_JPY,2023-04-24T03:00:00.000000000Z,5002,167.182,167.217,167.027,167.067,167.198,167.232,167.042,167.083,167.213,167.247,167.057,167.099
2576,GBP_JPY,2023-04-24T04:00:00.000000000Z,3695,167.074,167.171,167.042,167.068,167.088,167.186,167.058,167.083,167.101,167.201,167.074,167.098
2577,GBP_JPY,2023-04-24T05:00:00.000000000Z,4485,167.067,167.104,166.936,166.980,167.082,167.118,166.952,166.992,167.098,167.133,166.967,167.005
2578,GBP_JPY,2023-04-24T06:00:00.000000000Z,9046,166.977,166.979,166.561,166.672,166.991,166.992,166.574,166.685,167.005,167.005,166.588,166.698
2579,GBP_JPY,2023-04-24T07:00:00.000000000Z,10119,166.673,167.065,166.529,166.931,166.687,167.078,166.544,166.944,166.701,167.093,166.559,166.957
2580,GBP_JPY,2023-04-24T08:00:00.000000000Z,8982,166.932,167.237,166.914,167.205,166.946,167.250,166.928,167.219,166.961,167.264,166.941,167.233
2581,GBP_JPY,2023-04-24T09:00:00.000000000Z,8453,167.205,167.393,167.023,167.068,167.220,167.408,167.038,167.080,167.235,167.424,167.053,167.092
2582,GBP_JPY,2023-04-24T10:00:00.000000000Z,8535,167.069,167.558,167.028,167.516,167.080,167.572,167.040,167.530,167.091,167.588,167.053,167.543
2583,GBP_JPY,2023-04-24T11:00:00.000000000Z,7373,167.518,167.550,167.272,167.426,167.533,167.564,167.286,167.438,167.548,167.578,167.299,167.449
2584,GBP_JPY,2023-04-24T12:00:00.000000000Z,9850,167.427,167.616,167.399,167.493,167.440,167.628,167.413,167.506,167.452,167.641,167.426,167.518
2585,GBP_JPY,2023-04-24T13:00:00.000000000Z,10930,167.496,167.603,167.331,167.544,167.508,167.616,167.344,167.558,167.521,167.630,167.357,167.573
2586,GBP_JPY,2023-04-24T14:00:00.000000000Z,11164,167.544,167.678,167.431,167.525,167.558,167.692,167.445,167.537,167.572,167.707,167.457,167.549
2587,GBP_JPY,2023-04-24T15:00:00.000000000Z,8089,167.526,167.541,167.278,167.419,167.537,167.553,167.291,167.433,167.548,167.566,167.304,167.447
2588,GBP_JPY,2023-04-24T16:00:00.000000000Z,4549,167.420,167.582,167.400,167.530,167.434,167.594,167.414,167.542,167.449,167.608,167.427,167.555
2589,GBP_JPY,2023-04-24T17:00:00.000000000Z,4351,167.529,167.712,167.449,167.652,167.542,167.725,167.462,167.666,167.556,167.739,167.475,167.679
2590,GBP_JPY,2023-04-24T18:00:00.000000000Z,3723,167.652,167.701,167.532,167.583,167.664,167.713,167.546,167.596,167.677,167.726,167.559,167.609
2591,GBP_JPY,2023-04-24T19:00:00.000000000Z,3549,167.584,167.658,167.580,167.630,167.596,167.672,167.594,167.642,167.608,167.686,167.606,167.655
2592,GBP_JPY,2023-04-24T20:00:00.000000000Z,2203,167.629,167.694,167.582,167.603,167.642,167.705,167.604,167.619,167.656,167.717,167.620,167.635
2593,GBP_JPY,2023-04-24T21:00:00.000000000Z,5071,167.594,167.594,167.318,167.491,167.669,167.669,167.390,167.558,167.744,167.744,167.447,167.626
2594,GBP_JPY,2023-04-24T22:00:00.000000000Z,4793,167.468,167.550,167.301,167.514,167.532,167.583,167.322,167.532,167.597,167.631,167.343,167.550
2595,GBP_JPY,2023-04-24T23:00:00.000000000Z,2672,167.515,167.601,167.467,167.578,167.532,167.615,167.482,167.596,167.549,167.629,167.497,167.613
2596,GBP_JPY,2023-04-25T00:00:00.000000000Z,6325,167.576,167.913,167.478,167.823,167.594,167.928,167.494,167.840,167.611,167.943,167.507,167.856
2597,GBP_JPY,2023-04-25T01:00:00.000000000Z,6895,167.826,167.947,167.731,167.752,167.842,167.962,167.745,167.768,167.857,167.977,167.759,167.783
2598,GBP_JPY,2023-04-25T02:00:00.000000000Z,4897,167.751,167.751,167.549,167.693,167.768,167.768,167.566,167.709,167.784,167.784,167.581,167.725
2599,GBP_JPY,2023-04-25T03:00:00.000000000Z,4416,167.695,167.835,167.671,167.734,167.710,167.850,167.686,167.748,167.725,167.864,167.702,167.762
2600,GBP_JPY,2023-04-25T04:00:00.000000000Z,3449,167.733,167.766,167.567,167.609,167.748,167.779,167.582,167.625,167.763,167.793,167.595,167.641
2601,GBP_JPY,2023-04-25T05:00:00.000000000Z,4801,167.612,167.614,167.436,167.491,167.628,167.629,167.450,167.506,167.644,167.645,167.464,167.520
2602,GBP_JPY,2023-04-25T06:00:00.000000000Z,9171,167.487,167.775,167.394,167.746,167.502,167.791,167.408,167.760,167.516,167.807,167.421,167.775
2603,GBP_JPY,2023-04-25T07:00:00.000000000Z,14679,167.747,167.748,167.035,167.170,167.760,167.762,167.050,167.181,167.774,167.776,167.065,167.192
2604,GBP_JPY,2023-04-25T08:00:00.000000000Z,9682,167.171,167.297,167.015,167.284,167.183,167.310,167.029,167.297,167.195,167.324,167.043,167.310
2605,GBP_JPY,2023-04-25T09:00:00.000000000Z,8339,167.285,167.312,166.876,166.895,167.299,167.326,166.892,166.906,167.313,167.342,166.906,166.918
2606,GBP_JPY,2023-04-25T10:00:00.000000000Z,7585,166.893,167.165,166.862,167.014,166.906,167.178,166.878,167.028,166.920,167.192,166.892,167.041
2607,GBP_JPY,2023-04-25T11:00:00.000000000Z,8880,167.015,167.025,166.701,166.760,167.029,167.040,166.714,166.774,167.043,167.056,166.726,166.787
2608,GBP_JPY,2023-04-25T12:00:00.000000000Z,11888,166.763,166.913,166.307,166.377,166.776,166.926,166.322,166.390,166.790,166.939,166.335,166.404
2609,GBP_JPY,2023-04-25T13:00:00.000000000Z,12406,166.388,166.435,165.989,166.102,166.404,166.449,166.004,166.138,166.419,166.463,166.018,166.173
2610,GBP_JPY,2023-04-25T14:00:00.000000000Z,14796,166.100,166.239,165.847,165.983,166.138,166.255,165.862,165.995,166.175,166.272,165.877,166.007
2611,GBP_JPY,2023-04-25T15:00:00.000000000Z,9749,165.982,166.304,165.928,166.051,165.996,166.318,165.940,166.064,166.009,166.332,165.953,166.077
2612,GBP_JPY,2023-04-25T16:00:00.000000000Z,6994,166.051,166.142,165.909,165.938,166.066,166.157,165.924,165.952,166.081,166.172,165.938,165.965
2613,GBP_JPY,2023-04-25T17:00:00.000000000Z,8993,165.938,166.017,165.652,165.704,165.952,166.030,165.666,165.716,165.966,166.043,165.679,165.729
2614,GBP_JPY,2023-04-25T18:00:00.000000000Z,7187,165.705,165.750,165.413,165.721,165.716,165.764,165.428,165.735,165.728,165.778,165.442,165.749
2615,GBP_JPY,2023-04-25T19:00:00.000000000Z,4961,165.725,165.847,165.546,165.560,165.738,165.860,165.560,165.572,165.750,165.875,165.573,165.584
2616,GBP_JPY,2023-04-25T20:00:00.000000000Z,2775,165.554,165.955,165.554,165.950,165.568,165.974,165.568,165.969,165.583,166.007,165.582,165.988
2617,GBP_JPY,2023-04-25T21:00:00.000000000Z,1827,165.936,166.091,165.836,165.919,166.011,166.166,165.911,165.971,166.086,166.241,165.986,166.023
2618,GBP_JPY,2023-04-25T22:00:00.000000000Z,3380,165.916,166.168,165.881,166.008,165.966,166.218,165.945,166.028,166.016,166.269,165.993,166.048
2619,GBP_JPY,2023-04-25T23:00:00.000000000Z,4721,166.002,166.009,165.844,165.975,166.021,166.027,165.864,165.991,166.040,166.045,165.882,166.007
2620,GBP_JPY,2023-04-26T00:00:00.000000000Z,8257,165.978,165.981,165.744,165.922,165.994,165.998,165.759,165.938,166.010,166.014,165.773,165.953
2621,GBP_JPY,2023-04-26T01:00:00.000000000Z,9191,165.924,165.946,165.641,165.749,165.938,165.960,165.656,165.766,165.953,165.976,165.671,165.783
2622,GBP_JPY,2023-04-26T02:00:00.000000000Z,5449,165.749,165.888,165.657,165.858,165.765,165.903,165.673,165.873,165.781,165.918,165.689,165.888
2623,GBP_JPY,2023-04-26T03:00:00.000000000Z,5438,165.853,165.906,165.708,165.751,165.868,165.921,165.722,165.766,165.882,165.936,165.737,165.780
2624,GBP_JPY,2023-04-26T04:00:00.000000000Z,5522,165.756,165.978,165.719,165.959,165.770,165.993,165.734,165.974,165.785,166.008,165.748,165.989
2625,GBP_JPY,2023-04-26T05:00:00.000000000Z,5967,165.960,166.190,165.935,166.070,165.976,166.204,165.950,166.084,165.991,166.218,165.964,166.099
2626,GBP_JPY,2023-04-26T06:00:00.000000000Z,7991,166.068,166.432,166.059,166.290,166.082,166.446,166.074,166.303,166.096,166.459,166.089,166.316
2627,GBP_JPY,2023-04-26T07:00:00.000000000Z,13455,166.287,166.424,166.148,166.258,166.301,166.436,166.162,166.272,166.315,166.451,166.176,166.285
2628,GBP_JPY,2023-04-26T08:00:00.000000000Z,11398,166.258,166.635,166.118,166.629,166.272,166.646,166.132,166.642,166.286,166.660,166.145,166.655
2629,GBP_JPY,2023-04-26T09:00:00.000000000Z,10609,166.631,166.709,166.350,166.368,166.644,166.720,166.363,166.382,166.656,166.732,166.376,166.396
2630,GBP_JPY,2023-04-26T10:00:00.000000000Z,9930,166.368,166.684,166.193,166.532,166.382,166.698,166.206,166.544,166.397,166.711,166.219,166.557
2631,GBP_JPY,2023-04-26T11:00:00.000000000Z,15758,166.540,166.979,166.249,166.793,166.552,166.995,166.264,166.806,166.565,167.012,166.279,166.820
2632,GBP_JPY,2023-04-26T12:00:00.000000000Z,14390,166.797,166.919,166.599,166.646,166.810,166.936,166.612,166.659,166.824,166.961,166.624,166.672
2633,GBP_JPY,2023-04-26T13:00:00.000000000Z,17726,166.653,166.667,166.248,166.380,166.666,166.680,166.260,166.394,166.679,166.693,166.271,166.408
2634,GBP_JPY,2023-04-26T14:00:00.000000000Z,16918,166.383,166.471,166.015,166.234,166.397,166.483,166.028,166.248,166.411,166.495,166.041,166.262
2635,GBP_JPY,2023-04-26T15:00:00.000000000Z,12098,166.235,166.983,166.220,166.933,166.248,166.996,166.233,166.946,166.261,167.008,166.244,166.959
2636,GBP_JPY,2023-04-26T16:00:00.000000000Z,8227,166.932,167.003,166.732,166.824,166.946,167.015,166.746,166.837,166.959,167.029,166.760,166.850
2637,GBP_JPY,2023-04-26T17:00:00.000000000Z,6164,166.823,166.918,166.671,166.704,166.836,166.932,166.685,166.716,166.850,166.946,166.699,166.728
2638,GBP_JPY,2023-04-26T18:00:00.000000000Z,6237,166.705,166.706,166.323,166.324,166.718,166.720,166.337,166.338,166.731,166.733,166.351,166.353
2639,GBP_JPY,2023-04-26T19:00:00.000000000Z,6171,166.326,166.646,166.257,166.535,166.340,166.658,166.272,166.548,166.353,166.671,166.287,166.561
2640,GBP_JPY,2023-04-26T20:00:00.000000000Z,2714,166.538,166.692,166.502,166.660,166.550,166.708,166.515,166.680,166.563,166.732,166.527,166.700
2641,GBP_JPY,2023-04-26T21:00:00.000000000Z,167,166.477,166.582,166.477,166.550,166.552,166.657,166.552,166.610,166.627,166.732,166.610,166.670
2642,GBP_JPY,2023-04-26T22:00:00.000000000Z,5382,166.550,166.621,166.477,166.509,166.608,166.656,166.498,166.528,166.667,166.706,166.518,166.546
2643,GBP_JPY,2023-04-26T23:00:00.000000000Z,3851,166.510,166.510,166.340,166.407,166.528,166.528,166.357,166.422,166.546,166.546,166.374,166.437
2644,GBP_JPY,2023-04-27T00:00:00.000000000Z,7891,166.405,166.664,166.330,166.509,166.420,166.678,166.349,166.524,166.435,166.693,166.368,166.539
2645,GBP_JPY,2023-04-27T01:00:00.000000000Z,7024,166.507,166.577,166.402,166.543,166.524,166.592,166.418,166.558,166.540,166.609,166.435,166.574
2646,GBP_JPY,2023-04-27T02:00:00.000000000Z,6785,166.544,166.630,166.433,166.546,166.558,166.644,166.448,166.562,166.573,166.660,166.464,166.579
2647,GBP_JPY,2023-04-27T03:00:00.000000000Z,5061,166.547,166.718,166.533,166.666,166.562,166.732,166.548,166.682,166.578,166.747,166.563,166.698
2648,GBP_JPY,2023-04-27T04:00:00.000000000Z,4985,166.664,166.813,166.652,166.784,166.680,166.828,166.667,166.801,166.697,166.844,166.682,166.818
2649,GBP_JPY,2023-04-27T05:00:00.000000000Z,6747,166.785,166.972,166.732,166.827,166.801,166.987,166.748,166.842,166.817,167.003,166.764,166.857
2650,GBP_JPY,2023-04-27T06:00:00.000000000Z,9397,166.829,166.896,166.749,166.789,166.844,166.910,166.762,166.803,166.859,166.925,166.774,166.817
2651,GBP_JPY,2023-04-27T07:00:00.000000000Z,10960,166.793,166.836,166.571,166.697,166.806,166.848,166.586,166.710,166.820,166.862,166.599,166.724
2652,GBP_JPY,2023-04-27T08:00:00.000000000Z,8595,166.695,167.020,166.645,166.938,166.709,167.033,166.659,166.952,166.723,167.048,166.673,166.967
2653,GBP_JPY,2023-04-27T09:00:00.000000000Z,8101,166.940,166.960,166.363,166.482,166.954,166.974,166.376,166.496,166.968,166.989,166.390,166.509
2654,GBP_JPY,2023-04-27T10:00:00.000000000Z,7985,166.480,166.626,166.303,166.516,166.494,166.639,166.318,166.529,166.507,166.653,166.331,166.542
2655,GBP_JPY,2023-04-27T11:00:00.000000000Z,9752,166.517,166.604,166.376,166.528,166.529,166.617,166.390,166.541,166.541,166.631,166.404,166.554
2656,GBP_JPY,2023-04-27T12:00:00.000000000Z,17476,166.522,166.754,166.340,166.654,166.536,166.829,166.386,166.669,166.550,166.904,166.398,166.684
2657,GBP_JPY,2023-04-27T13:00:00.000000000Z,17422,166.660,167.054,166.618,167.017,166.675,167.067,166.632,167.032,166.690,167.083,166.646,167.046
2658,GBP_JPY,2023-04-27T14:00:00.000000000Z,13544,167.019,167.228,166.984,167.180,167.033,167.240,166.998,167.194,167.047,167.253,167.012,167.208
2659,GBP_JPY,2023-04-27T15:00:00.000000000Z,10438,167.179,167.346,167.049,167.121,167.192,167.360,167.062,167.134,167.205,167.375,167.075,167.146
2660,GBP_JPY,2023-04-27T16:00:00.000000000Z,5929,167.124,167.192,167.002,167.004,167.136,167.206,167.014,167.016,167.149,167.222,167.026,167.028
2661,GBP_JPY,2023-04-27T17:00:00.000000000Z,6228,167.005,167.250,166.922,167.205,167.016,167.262,166.936,167.218,167.027,167.276,166.949,167.231
2662,GBP_JPY,2023-04-27T18:00:00.000000000Z,5595,167.204,167.369,167.178,167.369,167.218,167.382,167.192,167.382,167.231,167.396,167.205,167.394
2663,GBP_JPY,2023-04-27T19:00:00.000000000Z,5465,167.367,167.367,167.188,167.222,167.380,167.380,167.202,167.236,167.392,167.392,167.216,167.250
2664,GBP_JPY,2023-04-27T20:00:00.000000000Z,4358,167.223,167.490,167.174,167.395,167.236,167.508,167.188,167.430,167.249,167.527,167.200,167.465
2665,GBP_JPY,2023-04-27T21:00:00.000000000Z,5386,167.090,167.290,166.919,167.109,167.165,167.341,166.994,167.184,167.240,167.397,167.069,167.259
2666,GBP_JPY,2023-04-27T22:00:00.000000000Z,3338,167.119,167.206,167.028,167.159,167.194,167.244,167.053,167.181,167.269,167.318,167.077,167.203
2667,GBP_JPY,2023-04-27T23:00:00.000000000Z,7269,167.160,167.200,166.967,167.054,167.180,167.222,166.984,167.072,167.201,167.243,167.002,167.090
2668,GBP_JPY,2023-04-28T00:00:00.000000000Z,7561,167.050,167.380,167.038,167.341,167.068,167.397,167.055,167.358,167.086,167.414,167.072,167.375
2669,GBP_JPY,2023-04-28T01:00:00.000000000Z,11235,167.340,167.609,166.845,167.522,167.358,167.627,166.861,167.540,167.375,167.646,166.877,167.558
2670,GBP_JPY,2023-04-28T02:00:00.000000000Z,10176,167.522,167.582,167.153,167.322,167.540,167.600,167.176,167.346,167.559,167.619,167.196,167.369
2671,GBP_JPY,2023-04-28T03:00:00.000000000Z,11855,167.325,167.355,166.399,167.019,167.349,167.382,166.474,167.039,167.373,167.410,166.549,167.059
2672,GBP_JPY,2023-04-28T04:00:00.000000000Z,15210,167.016,168.240,166.470,168.068,167.037,168.257,166.545,168.084,167.058,168.274,166.613,168.101
2673,GBP_JPY,2023-04-28T05:00:00.000000000Z,10891,168.067,168.433,168.000,168.156,168.084,168.450,168.018,168.172,168.102,168.467,168.034,168.187
2674,GBP_JPY,2023-04-28T06:00:00.000000000Z,17402,168.159,169.139,168.139,169.096,168.174,169.155,168.154,169.112,168.190,169.172,168.168,169.128
2675,GBP_JPY,2023-04-28T07:00:00.000000000Z,17073,169.082,169.420,168.972,169.380,169.100,169.436,168.986,169.394,169.119,169.452,168.999,169.409
2676,GBP_JPY,2023-04-28T08:00:00.000000000Z,14559,169.368,169.380,168.721,168.778,169.382,169.396,168.738,168.795,169.397,169.413,168.755,168.812
2677,GBP_JPY,2023-04-28T09:00:00.000000000Z,10786,168.773,169.465,168.709,169.438,168.789,169.482,168.724,169.454,168.805,169.499,168.740,169.471
2678,GBP_JPY,2023-04-28T10:00:00.000000000Z,8914,169.435,169.503,169.217,169.420,169.452,169.517,169.232,169.436,169.468,169.531,169.248,169.451
2679,GBP_JPY,2023-04-28T11:00:00.000000000Z,9377,169.420,169.718,169.302,169.605,169.436,169.732,169.318,169.622,169.453,169.747,169.333,169.639
2680,GBP_JPY,2023-04-28T12:00:00.000000000Z,18051,169.604,169.815,169.472,169.741,169.620,169.857,169.490,169.756,169.636,169.932,169.505,169.770
2681,GBP_JPY,2023-04-28T13:00:00.000000000Z,17013,169.742,170.271,169.712,170.230,169.757,170.294,169.726,170.287,169.772,170.357,169.740,170.344
2682,GBP_JPY,2023-04-28T14:00:00.000000000Z,20309,170.216,171.116,170.199,170.934,170.272,171.131,170.230,170.947,170.328,171.146,170.249,170.960
2683,GBP_JPY,2023-04-28T15:00:00.000000000Z,15411,170.931,171.119,170.765,170.922,170.945,171.130,170.781,170.936,170.959,171.143,170.797,170.950
2684,GBP_JPY,2023-04-28T16:00:00.000000000Z,8683,170.925,171.059,170.805,170.941,170.938,171.074,170.820,170.957,170.951,171.090,170.833,170.973
2685,GBP_JPY,2023-04-28T17:00:00.000000000Z,6030,170.940,171.076,170.845,170.968,170.957,171.090,170.860,170.984,170.974,171.106,170.875,170.999
2686,GBP_JPY,2023-04-28T18:00:00.000000000Z,6980,170.969,171.148,170.950,171.030,170.984,171.162,170.965,171.044,170.999,171.177,170.980,171.057
2687,GBP_JPY,2023-04-28T19:00:00.000000000Z,6896,171.025,171.060,170.895,171.056,171.038,171.074,170.909,171.070,171.052,171.089,170.923,171.084
2688,GBP_JPY,2023-04-28T20:00:00.000000000Z,6030,171.054,171.157,170.977,171.068,171.068,171.176,170.993,171.139,171.082,171.221,171.008,171.210
2689,GBP_JPY,2023-04-30T21:00:00.000000000Z,132,170.955,171.264,170.955,171.120,171.030,171.339,171.030,171.195,171.105,171.414,171.105,171.270
2690,GBP_JPY,2023-04-30T22:00:00.000000000Z,4523,171.112,171.239,171.020,171.022,171.187,171.276,171.042,171.044,171.262,171.343,171.062,171.066
2691,GBP_JPY,2023-04-30T23:00:00.000000000Z,6122,171.020,171.382,171.019,171.283,171.040,171.398,171.040,171.301,171.061,171.416,171.060,171.319
2692,GBP_JPY,2023-05-01T00:00:00.000000000Z,8624,171.270,171.687,171.128,171.614,171.289,171.703,171.144,171.632,171.308,171.721,171.161,171.650
2693,GBP_JPY,2023-05-01T01:00:00.000000000Z,6201,171.615,171.651,171.501,171.630,171.632,171.668,171.520,171.646,171.649,171.686,171.537,171.662
2694,GBP_JPY,2023-05-01T02:00:00.000000000Z,4312,171.630,171.957,171.576,171.928,171.645,171.973,171.592,171.944,171.660,171.991,171.606,171.961
2695,GBP_JPY,2023-05-01T03:00:00.000000000Z,5637,171.927,172.086,171.837,172.030,171.944,172.102,171.853,172.046,171.962,172.119,171.866,172.062
2696,GBP_JPY,2023-05-01T04:00:00.000000000Z,3997,172.031,172.050,171.796,171.840,172.046,172.066,171.812,171.858,172.062,172.083,171.829,171.875
2697,GBP_JPY,2023-05-01T05:00:00.000000000Z,4568,171.842,171.887,171.755,171.852,171.860,171.902,171.770,171.868,171.877,171.918,171.786,171.885
2698,GBP_JPY,2023-05-01T06:00:00.000000000Z,6131,171.854,171.901,171.732,171.782,171.870,171.916,171.748,171.798,171.885,171.931,171.762,171.814
2699,GBP_JPY,2023-05-01T07:00:00.000000000Z,8148,171.780,171.789,171.342,171.371,171.796,171.805,171.358,171.385,171.812,171.821,171.375,171.399
2700,GBP_JPY,2023-05-01T08:00:00.000000000Z,7231,171.373,171.496,171.187,171.222,171.388,171.512,171.202,171.236,171.402,171.528,171.217,171.251
2701,GBP_JPY,2023-05-01T09:00:00.000000000Z,6017,171.224,171.327,171.153,171.245,171.238,171.344,171.169,171.262,171.251,171.361,171.185,171.278
2702,GBP_JPY,2023-05-01T10:00:00.000000000Z,6837,171.246,171.273,170.980,171.263,171.262,171.289,170.995,171.278,171.277,171.305,171.010,171.294
2703,GBP_JPY,2023-05-01T11:00:00.000000000Z,7881,171.262,171.421,171.199,171.326,171.278,171.438,171.214,171.343,171.295,171.456,171.229,171.360
2704,GBP_JPY,2023-05-01T12:00:00.000000000Z,12554,171.321,171.716,171.314,171.688,171.338,171.734,171.332,171.704,171.355,171.752,171.348,171.721
2705,GBP_JPY,2023-05-01T13:00:00.000000000Z,10325,171.686,171.731,171.567,171.585,171.702,171.748,171.584,171.644,171.719,171.764,171.598,171.704
2706,GBP_JPY,2023-05-01T14:00:00.000000000Z,16606,171.582,171.881,171.480,171.858,171.646,171.896,171.552,171.873,171.709,171.912,171.565,171.888
2707,GBP_JPY,2023-05-01T15:00:00.000000000Z,10451,171.858,171.974,171.465,171.591,171.874,171.990,171.482,171.606,171.889,172.006,171.498,171.622
2708,GBP_JPY,2023-05-01T16:00:00.000000000Z,7303,171.593,171.777,171.501,171.734,171.608,171.792,171.518,171.750,171.622,171.808,171.533,171.765
2709,GBP_JPY,2023-05-01T17:00:00.000000000Z,5648,171.735,171.738,171.623,171.659,171.750,171.752,171.640,171.673,171.764,171.767,171.654,171.687
2710,GBP_JPY,2023-05-01T18:00:00.000000000Z,5791,171.660,171.765,171.611,171.649,171.676,171.779,171.626,171.664,171.692,171.795,171.640,171.678
2711,GBP_JPY,2023-05-01T19:00:00.000000000Z,7031,171.647,171.754,171.610,171.747,171.662,171.771,171.624,171.762,171.676,171.788,171.638,171.777
2712,GBP_JPY,2023-05-01T20:00:00.000000000Z,5628,171.746,171.800,171.685,171.758,171.762,171.817,171.706,171.788,171.779,171.834,171.723,171.819
2713,GBP_JPY,2023-05-01T21:00:00.000000000Z,4129,171.775,171.806,171.675,171.756,171.850,171.881,171.750,171.816,171.925,171.956,171.825,171.877
2714,GBP_JPY,2023-05-01T22:00:00.000000000Z,2745,171.750,171.771,171.664,171.689,171.808,171.808,171.688,171.710,171.865,171.866,171.711,171.730
2715,GBP_JPY,2023-05-01T23:00:00.000000000Z,4020,171.689,171.802,171.681,171.701,171.708,171.818,171.700,171.718,171.728,171.836,171.717,171.735
2716,GBP_JPY,2023-05-02T00:00:00.000000000Z,7714,171.702,171.794,171.505,171.688,171.718,171.810,171.522,171.704,171.735,171.826,171.537,171.721
2717,GBP_JPY,2023-05-02T01:00:00.000000000Z,8159,171.690,171.873,171.679,171.805,171.706,171.888,171.694,171.821,171.723,171.905,171.710,171.837
2718,GBP_JPY,2023-05-02T02:00:00.000000000Z,4981,171.804,171.854,171.701,171.728,171.822,171.870,171.717,171.744,171.839,171.886,171.732,171.759
2719,GBP_JPY,2023-05-02T03:00:00.000000000Z,4232,171.736,171.856,171.707,171.844,171.751,171.871,171.724,171.860,171.766,171.888,171.740,171.876
2720,GBP_JPY,2023-05-02T04:00:00.000000000Z,7006,171.842,172.093,171.829,172.058,171.858,172.116,171.844,172.074,171.874,172.138,171.860,172.090
2721,GBP_JPY,2023-05-02T05:00:00.000000000Z,6881,172.056,172.306,171.948,171.987,172.073,172.322,171.963,172.002,172.090,172.339,171.978,172.017
2722,GBP_JPY,2023-05-02T06:00:00.000000000Z,10221,171.979,172.046,171.836,171.926,171.993,172.062,171.852,171.940,172.007,172.079,171.867,171.955
2723,GBP_JPY,2023-05-02T07:00:00.000000000Z,13263,171.932,172.317,171.819,171.879,171.947,172.334,171.836,171.894,171.962,172.350,171.851,171.909
2724,GBP_JPY,2023-05-02T08:00:00.000000000Z,13031,171.875,171.877,171.391,171.499,171.890,171.892,171.406,171.514,171.906,171.908,171.421,171.530
2725,GBP_JPY,2023-05-02T09:00:00.000000000Z,10014,171.505,171.610,171.178,171.235,171.520,171.626,171.193,171.250,171.536,171.642,171.206,171.266
2726,GBP_JPY,2023-05-02T10:00:00.000000000Z,9216,171.236,171.546,171.118,171.519,171.252,171.562,171.131,171.536,171.268,171.579,171.144,171.552
2727,GBP_JPY,2023-05-02T11:00:00.000000000Z,9455,171.520,171.572,171.243,171.415,171.537,171.588,171.260,171.430,171.554,171.604,171.276,171.446
2728,GBP_JPY,2023-05-02T12:00:00.000000000Z,11827,171.410,171.592,171.358,171.398,171.426,171.606,171.372,171.412,171.441,171.623,171.386,171.427
2729,GBP_JPY,2023-05-02T13:00:00.000000000Z,13505,171.398,171.418,170.796,170.850,171.414,171.432,170.812,170.897,171.429,171.449,170.828,170.944
2730,GBP_JPY,2023-05-02T14:00:00.000000000Z,21658,170.853,170.862,169.992,169.993,170.898,170.900,170.007,170.007,170.944,170.952,170.021,170.021
2731,GBP_JPY,2023-05-02T15:00:00.000000000Z,14998,169.991,170.372,169.940,170.231,170.006,170.386,169.954,170.245,170.020,170.401,169.967,170.259
2732,GBP_JPY,2023-05-02T16:00:00.000000000Z,7989,170.227,170.382,170.129,170.282,170.240,170.396,170.144,170.296,170.253,170.410,170.158,170.309
2733,GBP_JPY,2023-05-02T17:00:00.000000000Z,5681,170.280,170.538,170.194,170.451,170.294,170.552,170.208,170.466,170.307,170.566,170.223,170.480
2734,GBP_JPY,2023-05-02T18:00:00.000000000Z,5055,170.452,170.483,170.268,170.450,170.466,170.496,170.282,170.464,170.480,170.509,170.296,170.479
2735,GBP_JPY,2023-05-02T19:00:00.000000000Z,5140,170.449,170.453,170.245,170.304,170.463,170.467,170.258,170.318,170.477,170.481,170.270,170.331
2736,GBP_JPY,2023-05-02T20:00:00.000000000Z,3102,170.308,170.330,170.241,170.272,170.322,170.344,170.257,170.294,170.335,170.358,170.273,170.315
2737,GBP_JPY,2023-05-02T21:00:00.000000000Z,340,170.120,170.319,170.120,170.205,170.195,170.384,170.195,170.280,170.270,170.455,170.270,170.355
2738,GBP_JPY,2023-05-02T22:00:00.000000000Z,6048,170.226,170.284,170.188,170.276,170.294,170.314,170.209,170.296,170.361,170.384,170.230,170.315
2739,GBP_JPY,2023-05-02T23:00:00.000000000Z,3674,170.266,170.281,170.152,170.274,170.286,170.299,170.172,170.290,170.306,170.317,170.192,170.306
2740,GBP_JPY,2023-05-03T00:00:00.000000000Z,5698,170.277,170.359,170.232,170.268,170.294,170.377,170.248,170.286,170.310,170.395,170.262,170.304
2741,GBP_JPY,2023-05-03T01:00:00.000000000Z,7008,170.265,170.300,169.828,169.846,170.283,170.318,169.846,169.863,170.301,170.337,169.865,169.880
2742,GBP_JPY,2023-05-03T02:00:00.000000000Z,5968,169.848,169.919,169.740,169.892,169.865,169.938,169.758,169.910,169.882,169.956,169.775,169.927
2743,GBP_JPY,2023-05-03T03:00:00.000000000Z,4719,169.892,170.003,169.858,169.977,169.909,170.020,169.874,169.992,169.926,170.036,169.888,170.008
2744,GBP_JPY,2023-05-03T04:00:00.000000000Z,3789,169.979,170.003,169.888,169.912,169.994,170.018,169.905,169.929,170.010,170.033,169.921,169.946
2745,GBP_JPY,2023-05-03T05:00:00.000000000Z,4269,169.910,169.958,169.717,169.803,169.928,169.975,169.733,169.819,169.946,169.994,169.749,169.835
2746,GBP_JPY,2023-05-03T06:00:00.000000000Z,8626,169.796,169.987,169.747,169.883,169.810,170.002,169.764,169.900,169.825,170.018,169.781,169.916
2747,GBP_JPY,2023-05-03T07:00:00.000000000Z,11723,169.885,170.276,169.753,169.904,169.902,170.290,169.769,169.919,169.918,170.304,169.784,169.934
2748,GBP_JPY,2023-05-03T08:00:00.000000000Z,9704,169.904,170.060,169.675,169.877,169.918,170.074,169.690,169.892,169.932,170.087,169.705,169.906
2749,GBP_JPY,2023-05-03T09:00:00.000000000Z,9480,169.877,169.974,169.614,169.752,169.892,169.990,169.630,169.767,169.908,170.006,169.644,169.782
2750,GBP_JPY,2023-05-03T10:00:00.000000000Z,8961,169.749,169.848,169.388,169.501,169.764,169.862,169.404,169.516,169.779,169.877,169.418,169.531
2751,GBP_JPY,2023-05-03T11:00:00.000000000Z,8029,169.504,169.873,169.404,169.404,169.519,169.887,169.418,169.418,169.534,169.901,169.432,169.432
2752,GBP_JPY,2023-05-03T12:00:00.000000000Z,12572,169.407,169.781,169.172,169.216,169.421,169.854,169.188,169.228,169.435,169.929,169.203,169.241
2753,GBP_JPY,2023-05-03T13:00:00.000000000Z,12531,169.217,169.530,169.134,169.324,169.231,169.544,169.150,169.394,169.245,169.561,169.165,169.465
2754,GBP_JPY,2023-05-03T14:00:00.000000000Z,14599,169.319,169.555,169.223,169.357,169.394,169.566,169.244,169.370,169.469,169.582,169.257,169.384
2755,GBP_JPY,2023-05-03T15:00:00.000000000Z,9743,169.355,169.814,169.318,169.758,169.368,169.828,169.332,169.772,169.382,169.842,169.345,169.786
2756,GBP_JPY,2023-05-03T16:00:00.000000000Z,6438,169.761,169.946,169.640,169.933,169.774,169.959,169.654,169.946,169.786,169.972,169.667,169.960
2757,GBP_JPY,2023-05-03T17:00:00.000000000Z,5686,169.932,170.099,169.838,169.866,169.946,170.115,169.854,169.941,169.961,170.131,169.868,170.016
2758,GBP_JPY,2023-05-03T18:00:00.000000000Z,29502,169.882,170.365,169.668,170.187,169.957,170.388,169.692,170.206,170.032,170.412,169.716,170.224
2759,GBP_JPY,2023-05-03T19:00:00.000000000Z,21812,170.191,170.242,169.407,169.475,170.210,170.260,169.422,169.491,170.228,170.277,169.438,169.507
2760,GBP_JPY,2023-05-03T20:00:00.000000000Z,7768,169.474,169.860,169.235,169.288,169.489,169.878,169.308,169.320,169.504,169.896,169.351,169.353
2761,GBP_JPY,2023-05-03T21:00:00.000000000Z,1289,169.125,169.156,168.951,169.107,169.200,169.231,169.021,169.165,169.275,169.306,169.091,169.223
2762,GBP_JPY,2023-05-03T22:00:00.000000000Z,10920,169.118,169.235,168.897,169.087,169.170,169.287,168.920,169.105,169.222,169.340,168.940,169.123
2763,GBP_JPY,2023-05-03T23:00:00.000000000Z,7655,169.082,169.156,169.004,169.104,169.101,169.174,169.022,169.122,169.120,169.192,169.039,169.140
2764,GBP_JPY,2023-05-04T00:00:00.000000000Z,8057,169.103,169.229,168.982,169.185,169.122,169.244,169.000,169.200,169.140,169.260,169.017,169.216
2765,GBP_JPY,2023-05-04T01:00:00.000000000Z,8647,169.186,169.430,169.098,169.296,169.201,169.445,169.115,169.311,169.216,169.461,169.131,169.326
2766,GBP_JPY,2023-05-04T02:00:00.000000000Z,5525,169.295,169.318,169.235,169.261,169.311,169.336,169.250,169.276,169.327,169.353,169.262,169.290
2767,GBP_JPY,2023-05-04T03:00:00.000000000Z,4404,169.263,169.334,169.202,169.254,169.278,169.349,169.216,169.267,169.292,169.364,169.229,169.280
2768,GBP_JPY,2023-05-04T04:00:00.000000000Z,3664,169.258,169.360,169.136,169.313,169.272,169.374,169.150,169.327,169.286,169.388,169.164,169.341
2769,GBP_JPY,2023-05-04T05:00:00.000000000Z,4831,169.313,169.353,169.185,169.207,169.326,169.367,169.199,169.220,169.340,169.381,169.213,169.233
2770,GBP_JPY,2023-05-04T06:00:00.000000000Z,12301,169.206,169.342,168.640,168.902,169.218,169.356,168.654,168.919,169.230,169.370,168.668,168.936
2771,GBP_JPY,2023-05-04T07:00:00.000000000Z,14876,168.901,169.425,168.892,169.269,168.920,169.439,168.908,169.284,168.938,169.453,168.925,169.299
2772,GBP_JPY,2023-05-04T08:00:00.000000000Z,12394,169.267,169.347,168.983,169.028,169.282,169.362,168.999,169.044,169.297,169.378,169.015,169.060
2773,GBP_JPY,2023-05-04T09:00:00.000000000Z,11859,169.028,169.331,168.998,169.219,169.043,169.346,169.014,169.234,169.058,169.360,169.029,169.249
2774,GBP_JPY,2023-05-04T10:00:00.000000000Z,12359,169.216,169.300,168.959,169.030,169.232,169.314,168.976,169.045,169.248,169.327,168.991,169.060
2775,GBP_JPY,2023-05-04T11:00:00.000000000Z,12922,169.026,169.183,168.989,169.159,169.042,169.198,169.004,169.174,169.058,169.215,169.020,169.188
2776,GBP_JPY,2023-05-04T12:00:00.000000000Z,22850,169.159,169.346,168.842,169.220,169.174,169.360,168.858,169.235,169.190,169.375,168.874,169.250
2777,GBP_JPY,2023-05-04T13:00:00.000000000Z,22277,169.219,169.528,168.554,168.818,169.234,169.544,168.568,168.832,169.248,169.560,168.583,168.847
2778,GBP_JPY,2023-05-04T14:00:00.000000000Z,27808,168.823,168.825,168.196,168.320,168.836,168.840,168.210,168.334,168.850,168.854,168.224,168.348
2779,GBP_JPY,2023-05-04T15:00:00.000000000Z,15135,168.318,168.525,168.118,168.233,168.332,168.538,168.130,168.246,168.346,168.551,168.143,168.260
2780,GBP_JPY,2023-05-04T16:00:00.000000000Z,11239,168.232,168.469,168.046,168.459,168.246,168.484,168.060,168.472,168.261,168.499,168.074,168.486
2781,GBP_JPY,2023-05-04T17:00:00.000000000Z,10577,168.461,168.846,168.394,168.723,168.474,168.860,168.408,168.736,168.488,168.874,168.421,168.750
2782,GBP_JPY,2023-05-04T18:00:00.000000000Z,7978,168.732,168.777,168.541,168.718,168.746,168.792,168.554,168.731,168.759,168.808,168.567,168.744
2783,GBP_JPY,2023-05-04T19:00:00.000000000Z,6723,168.711,168.864,168.628,168.667,168.724,168.878,168.642,168.680,168.737,168.891,168.654,168.693
2784,GBP_JPY,2023-05-04T20:00:00.000000000Z,5431,168.668,168.918,168.615,168.808,168.680,168.932,168.631,168.826,168.693,168.948,168.646,168.845
2785,GBP_JPY,2023-05-04T21:00:00.000000000Z,408,168.746,168.755,168.655,168.719,168.821,168.825,168.730,168.772,168.896,168.896,168.804,168.825
2786,GBP_JPY,2023-05-04T22:00:00.000000000Z,3821,168.715,168.924,168.702,168.922,168.772,168.944,168.742,168.944,168.828,168.966,168.780,168.966
2787,GBP_JPY,2023-05-04T23:00:00.000000000Z,3722,168.928,168.929,168.771,168.776,168.950,168.950,168.790,168.793,168.971,168.971,168.808,168.810
2788,GBP_JPY,2023-05-05T00:00:00.000000000Z,5030,168.778,168.853,168.661,168.762,168.795,168.870,168.678,168.777,168.812,168.886,168.695,168.792
2789,GBP_JPY,2023-05-05T01:00:00.000000000Z,5702,168.761,168.785,168.699,168.731,168.777,168.802,168.716,168.748,168.793,168.821,168.733,168.764
2790,GBP_JPY,2023-05-05T02:00:00.000000000Z,4604,168.729,168.810,168.695,168.789,168.746,168.825,168.712,168.806,168.762,168.842,168.728,168.822
2791,GBP_JPY,2023-05-05T03:00:00.000000000Z,4492,168.788,169.023,168.779,168.986,168.804,169.040,168.796,169.002,168.820,169.056,168.812,169.019
2792,GBP_JPY,2023-05-05T04:00:00.000000000Z,2648,168.986,169.004,168.818,168.853,169.002,169.020,168.834,168.871,169.018,169.037,168.851,168.889
2793,GBP_JPY,2023-05-05T05:00:00.000000000Z,4995,168.854,168.891,168.725,168.828,168.871,168.908,168.744,168.844,168.888,168.926,168.761,168.859
2794,GBP_JPY,2023-05-05T06:00:00.000000000Z,8979,168.828,169.380,168.736,169.284,168.842,169.395,168.752,169.298,168.856,169.410,168.769,169.313
2795,GBP_JPY,2023-05-05T07:00:00.000000000Z,10346,169.283,169.361,168.945,169.010,169.298,169.376,168.962,169.026,169.313,169.391,168.978,169.042
2796,GBP_JPY,2023-05-05T08:00:00.000000000Z,9964,169.011,169.156,168.802,169.093,169.026,169.172,168.820,169.108,169.041,169.188,168.836,169.124
2797,GBP_JPY,2023-05-05T09:00:00.000000000Z,8331,169.094,169.189,168.971,169.124,169.110,169.201,168.988,169.135,169.126,169.215,169.004,169.146
2798,GBP_JPY,2023-05-05T10:00:00.000000000Z,6259,169.121,169.323,169.079,169.265,169.133,169.337,169.094,169.280,169.145,169.351,169.108,169.295
2799,GBP_JPY,2023-05-05T11:00:00.000000000Z,6729,169.267,169.345,169.118,169.180,169.281,169.358,169.132,169.196,169.295,169.374,169.146,169.212
2800,GBP_JPY,2023-05-05T12:00:00.000000000Z,19757,169.179,169.720,169.074,169.612,169.196,169.748,169.096,169.628,169.213,169.811,169.111,169.643
2801,GBP_JPY,2023-05-05T13:00:00.000000000Z,16658,169.617,170.007,169.450,169.818,169.634,170.022,169.468,169.832,169.652,170.038,169.485,169.846
2802,GBP_JPY,2023-05-05T14:00:00.000000000Z,12239,169.815,170.182,169.706,170.108,169.829,170.194,169.719,170.120,169.843,170.206,169.732,170.132
2803,GBP_JPY,2023-05-05T15:00:00.000000000Z,9903,170.105,170.609,170.100,170.535,170.117,170.620,170.112,170.548,170.129,170.634,170.124,170.561
2804,GBP_JPY,2023-05-05T16:00:00.000000000Z,6071,170.534,170.541,170.260,170.282,170.548,170.554,170.277,170.297,170.563,170.569,170.293,170.312
2805,GBP_JPY,2023-05-05T17:00:00.000000000Z,6599,170.286,170.341,170.186,170.251,170.300,170.356,170.202,170.266,170.314,170.371,170.216,170.282
2806,GBP_JPY,2023-05-05T18:00:00.000000000Z,5500,170.251,170.413,170.164,170.374,170.266,170.427,170.178,170.387,170.281,170.442,170.191,170.400
2807,GBP_JPY,2023-05-05T19:00:00.000000000Z,4737,170.376,170.387,170.273,170.359,170.388,170.401,170.288,170.374,170.400,170.415,170.302,170.388
2808,GBP_JPY,2023-05-05T20:00:00.000000000Z,3237,170.362,170.388,170.227,170.257,170.377,170.403,170.260,170.298,170.392,170.418,170.275,170.339
2809,GBP_JPY,2023-05-07T21:00:00.000000000Z,92,170.365,170.404,170.306,170.308,170.440,170.479,170.381,170.383,170.515,170.554,170.456,170.458
2810,GBP_JPY,2023-05-07T22:00:00.000000000Z,3461,170.274,170.566,170.243,170.552,170.349,170.585,170.318,170.572,170.424,170.605,170.393,170.592
2811,GBP_JPY,2023-05-07T23:00:00.000000000Z,4694,170.560,170.862,170.497,170.735,170.578,170.879,170.517,170.751,170.596,170.896,170.537,170.767
2812,GBP_JPY,2023-05-08T00:00:00.000000000Z,7202,170.730,170.730,170.395,170.419,170.746,170.746,170.412,170.436,170.762,170.763,170.427,170.452
2813,GBP_JPY,2023-05-08T01:00:00.000000000Z,5838,170.418,170.635,170.310,170.473,170.436,170.652,170.328,170.489,170.453,170.668,170.346,170.505
2814,GBP_JPY,2023-05-08T02:00:00.000000000Z,5238,170.473,170.498,170.326,170.449,170.488,170.515,170.341,170.466,170.503,170.532,170.356,170.484
2815,GBP_JPY,2023-05-08T03:00:00.000000000Z,3787,170.451,170.540,170.447,170.534,170.466,170.554,170.462,170.550,170.482,170.569,170.478,170.565
2816,GBP_JPY,2023-05-08T04:00:00.000000000Z,3686,170.537,170.562,170.434,170.465,170.553,170.576,170.451,170.480,170.569,170.589,170.468,170.495
2817,GBP_JPY,2023-05-08T05:00:00.000000000Z,4058,170.463,170.501,170.309,170.406,170.478,170.516,170.326,170.422,170.494,170.532,170.343,170.438
2818,GBP_JPY,2023-05-08T06:00:00.000000000Z,6430,170.409,170.573,170.318,170.499,170.425,170.588,170.334,170.515,170.441,170.603,170.349,170.531
2819,GBP_JPY,2023-05-08T07:00:00.000000000Z,6641,170.503,170.708,170.458,170.624,170.518,170.720,170.473,170.638,170.533,170.734,170.487,170.651
2820,GBP_JPY,2023-05-08T08:00:00.000000000Z,7926,170.624,170.750,170.544,170.554,170.640,170.763,170.558,170.571,170.655,170.776,170.572,170.588
2821,GBP_JPY,2023-05-08T09:00:00.000000000Z,6958,170.555,170.714,170.475,170.684,170.570,170.728,170.490,170.700,170.586,170.743,170.505,170.715
2822,GBP_JPY,2023-05-08T10:00:00.000000000Z,5442,170.687,171.060,170.650,170.978,170.702,171.073,170.666,170.991,170.718,171.088,170.682,171.004
2823,GBP_JPY,2023-05-08T11:00:00.000000000Z,6814,170.980,171.041,170.873,171.001,170.992,171.055,170.886,171.014,171.004,171.069,170.900,171.028
2824,GBP_JPY,2023-05-08T12:00:00.000000000Z,7950,171.002,171.036,170.738,170.791,171.015,171.049,170.752,170.804,171.028,171.063,170.765,170.818
2825,GBP_JPY,2023-05-08T13:00:00.000000000Z,9566,170.786,170.888,170.579,170.717,170.800,170.901,170.592,170.731,170.813,170.915,170.605,170.745
2826,GBP_JPY,2023-05-08T14:00:00.000000000Z,10996,170.712,170.808,170.207,170.345,170.726,170.820,170.222,170.358,170.740,170.833,170.236,170.372
2827,GBP_JPY,2023-05-08T15:00:00.000000000Z,6762,170.347,170.433,170.237,170.297,170.360,170.446,170.250,170.310,170.372,170.461,170.261,170.323
2828,GBP_JPY,2023-05-08T16:00:00.000000000Z,4702,170.295,170.302,170.169,170.253,170.308,170.314,170.183,170.266,170.321,170.327,170.196,170.278
2829,GBP_JPY,2023-05-08T17:00:00.000000000Z,3572,170.256,170.398,170.235,170.383,170.269,170.410,170.248,170.396,170.282,170.423,170.259,170.409
2830,GBP_JPY,2023-05-08T18:00:00.000000000Z,6035,170.385,170.549,170.227,170.512,170.397,170.563,170.240,170.526,170.409,170.577,170.253,170.540
2831,GBP_JPY,2023-05-08T19:00:00.000000000Z,3855,170.513,170.527,170.406,170.457,170.526,170.540,170.419,170.471,170.539,170.554,170.432,170.485
2832,GBP_JPY,2023-05-08T20:00:00.000000000Z,3872,170.458,170.507,170.410,170.481,170.471,170.527,170.426,170.498,170.484,170.550,170.439,170.515
2833,GBP_JPY,2023-05-08T21:00:00.000000000Z,1937,170.406,170.432,170.368,170.387,170.481,170.507,170.434,170.454,170.556,170.582,170.494,170.520
2834,GBP_JPY,2023-05-08T22:00:00.000000000Z,8160,170.372,170.460,170.290,170.327,170.440,170.496,170.313,170.346,170.508,170.553,170.333,170.366
2835,GBP_JPY,2023-05-08T23:00:00.000000000Z,4347,170.325,170.431,170.286,170.365,170.346,170.448,170.305,170.382,170.366,170.464,170.322,170.399
2836,GBP_JPY,2023-05-09T00:00:00.000000000Z,6983,170.365,170.607,170.354,170.481,170.381,170.622,170.370,170.496,170.397,170.637,170.385,170.510
2837,GBP_JPY,2023-05-09T01:00:00.000000000Z,6339,170.480,170.526,170.132,170.267,170.496,170.542,170.148,170.282,170.512,170.560,170.163,170.297
2838,GBP_JPY,2023-05-09T02:00:00.000000000Z,3613,170.266,170.408,170.226,170.332,170.282,170.422,170.241,170.346,170.297,170.438,170.256,170.360
2839,GBP_JPY,2023-05-09T03:00:00.000000000Z,2978,170.334,170.336,170.198,170.241,170.348,170.350,170.214,170.255,170.361,170.363,170.227,170.269
2840,GBP_JPY,2023-05-09T04:00:00.000000000Z,4122,170.243,170.315,170.173,170.271,170.257,170.330,170.186,170.286,170.271,170.346,170.199,170.302
2841,GBP_JPY,2023-05-09T05:00:00.000000000Z,5838,170.272,170.326,170.079,170.141,170.286,170.342,170.096,170.158,170.301,170.359,170.112,170.176
2842,GBP_JPY,2023-05-09T06:00:00.000000000Z,9884,170.144,170.389,170.054,170.349,170.161,170.402,170.070,170.364,170.178,170.414,170.086,170.379
2843,GBP_JPY,2023-05-09T07:00:00.000000000Z,12926,170.348,170.395,169.843,169.860,170.364,170.410,169.858,169.876,170.380,170.425,169.873,169.892
2844,GBP_JPY,2023-05-09T08:00:00.000000000Z,10472,169.863,170.297,169.861,170.262,169.878,170.312,169.878,170.276,169.893,170.326,169.892,170.289
2845,GBP_JPY,2023-05-09T09:00:00.000000000Z,8425,170.261,170.436,170.223,170.270,170.276,170.450,170.236,170.283,170.290,170.463,170.249,170.296
2846,GBP_JPY,2023-05-09T10:00:00.000000000Z,6738,170.272,170.293,170.078,170.078,170.286,170.307,170.092,170.092,170.299,170.321,170.106,170.106
2847,GBP_JPY,2023-05-09T11:00:00.000000000Z,8058,170.078,170.151,169.979,170.015,170.093,170.166,169.994,170.029,170.108,170.180,170.007,170.043
2848,GBP_JPY,2023-05-09T12:00:00.000000000Z,11595,170.019,170.254,169.989,170.144,170.033,170.268,170.005,170.160,170.047,170.284,170.021,170.176
2849,GBP_JPY,2023-05-09T13:00:00.000000000Z,13988,170.141,170.402,170.108,170.286,170.156,170.416,170.122,170.300,170.171,170.430,170.136,170.313
2850,GBP_JPY,2023-05-09T14:00:00.000000000Z,11389,170.286,170.380,170.138,170.367,170.300,170.392,170.152,170.380,170.315,170.404,170.165,170.392
2851,GBP_JPY,2023-05-09T15:00:00.000000000Z,7465,170.369,170.569,170.308,170.517,170.382,170.580,170.320,170.530,170.394,170.593,170.331,170.544
2852,GBP_JPY,2023-05-09T16:00:00.000000000Z,7376,170.510,170.582,170.430,170.569,170.524,170.595,170.442,170.582,170.538,170.610,170.455,170.596
2853,GBP_JPY,2023-05-09T17:00:00.000000000Z,6140,170.566,170.632,170.438,170.626,170.580,170.646,170.482,170.638,170.595,170.660,170.497,170.651
2854,GBP_JPY,2023-05-09T18:00:00.000000000Z,6015,170.625,170.701,170.560,170.591,170.638,170.714,170.574,170.604,170.651,170.729,170.587,170.618
2855,GBP_JPY,2023-05-09T19:00:00.000000000Z,5255,170.588,170.703,170.586,170.651,170.602,170.715,170.600,170.664,170.615,170.727,170.614,170.677
2856,GBP_JPY,2023-05-09T20:00:00.000000000Z,5150,170.639,170.681,170.617,170.639,170.652,170.702,170.637,170.670,170.665,170.727,170.650,170.702
2857,GBP_JPY,2023-05-09T21:00:00.000000000Z,5226,170.554,170.641,170.510,170.584,170.629,170.690,170.585,170.642,170.704,170.749,170.660,170.699
2858,GBP_JPY,2023-05-09T22:00:00.000000000Z,8332,170.565,170.688,170.500,170.659,170.622,170.706,170.556,170.678,170.680,170.726,170.601,170.697
2859,GBP_JPY,2023-05-09T23:00:00.000000000Z,3226,170.657,170.848,170.656,170.783,170.677,170.860,170.676,170.799,170.697,170.878,170.696,170.815
2860,GBP_JPY,2023-05-10T00:00:00.000000000Z,6144,170.777,170.875,170.604,170.663,170.795,170.890,170.620,170.680,170.813,170.908,170.636,170.696
2861,GBP_JPY,2023-05-10T01:00:00.000000000Z,5818,170.666,170.722,170.592,170.683,170.682,170.736,170.608,170.698,170.699,170.752,170.625,170.714
2862,GBP_JPY,2023-05-10T02:00:00.000000000Z,3543,170.682,170.723,170.612,170.688,170.698,170.738,170.628,170.702,170.715,170.756,170.645,170.715
2863,GBP_JPY,2023-05-10T03:00:00.000000000Z,2720,170.687,170.719,170.653,170.691,170.702,170.734,170.668,170.704,170.716,170.749,170.683,170.717
2864,GBP_JPY,2023-05-10T04:00:00.000000000Z,3859,170.695,170.824,170.630,170.662,170.709,170.840,170.644,170.680,170.723,170.857,170.658,170.699
2865,GBP_JPY,2023-05-10T05:00:00.000000000Z,4897,170.665,170.778,170.628,170.761,170.684,170.794,170.646,170.780,170.702,170.809,170.661,170.798
2866,GBP_JPY,2023-05-10T06:00:00.000000000Z,8461,170.764,170.984,170.764,170.921,170.781,170.998,170.781,170.936,170.798,171.012,170.798,170.952
2867,GBP_JPY,2023-05-10T07:00:00.000000000Z,10708,170.926,171.167,170.652,170.698,170.940,171.182,170.668,170.713,170.955,171.197,170.683,170.728
2868,GBP_JPY,2023-05-10T08:00:00.000000000Z,10642,170.698,170.852,170.502,170.724,170.712,170.866,170.516,170.738,170.727,170.881,170.530,170.751
2869,GBP_JPY,2023-05-10T09:00:00.000000000Z,7320,170.720,170.755,170.554,170.635,170.734,170.769,170.568,170.650,170.747,170.786,170.582,170.664
2870,GBP_JPY,2023-05-10T10:00:00.000000000Z,6215,170.634,170.674,170.455,170.475,170.650,170.688,170.468,170.490,170.666,170.704,170.482,170.506
2871,GBP_JPY,2023-05-10T11:00:00.000000000Z,6831,170.475,170.610,170.439,170.586,170.490,170.626,170.454,170.599,170.504,170.642,170.469,170.612
2872,GBP_JPY,2023-05-10T12:00:00.000000000Z,19144,170.586,170.708,170.173,170.327,170.600,170.743,170.226,170.340,170.615,170.818,170.238,170.354
2873,GBP_JPY,2023-05-10T13:00:00.000000000Z,16364,170.317,170.385,169.560,169.869,170.331,170.398,169.576,169.882,170.345,170.411,169.592,169.895
2874,GBP_JPY,2023-05-10T14:00:00.000000000Z,16509,169.872,170.193,169.502,169.606,169.885,170.206,169.515,169.620,169.898,170.220,169.528,169.633
2875,GBP_JPY,2023-05-10T15:00:00.000000000Z,9760,169.609,169.826,169.606,169.654,169.622,169.839,169.618,169.666,169.635,169.852,169.630,169.679
2876,GBP_JPY,2023-05-10T16:00:00.000000000Z,6248,169.656,169.718,169.485,169.529,169.668,169.730,169.500,169.543,169.681,169.743,169.513,169.557
2877,GBP_JPY,2023-05-10T17:00:00.000000000Z,9201,169.528,169.533,169.093,169.334,169.543,169.548,169.108,169.348,169.558,169.562,169.122,169.361
2878,GBP_JPY,2023-05-10T18:00:00.000000000Z,7206,169.335,169.538,169.319,169.454,169.348,169.551,169.335,169.466,169.360,169.564,169.350,169.479
2879,GBP_JPY,2023-05-10T19:00:00.000000000Z,6181,169.456,169.710,169.440,169.616,169.470,169.724,169.454,169.630,169.485,169.739,169.467,169.644
2880,GBP_JPY,2023-05-10T20:00:00.000000000Z,3004,169.616,169.668,169.541,169.640,169.631,169.690,169.558,169.678,169.646,169.718,169.574,169.716
2881,GBP_JPY,2023-05-10T21:00:00.000000000Z,4572,169.484,169.575,169.424,169.499,169.559,169.644,169.488,169.568,169.634,169.714,169.550,169.637
2882,GBP_JPY,2023-05-10T22:00:00.000000000Z,3961,169.500,169.629,169.398,169.427,169.568,169.667,169.416,169.447,169.635,169.706,169.433,169.467
2883,GBP_JPY,2023-05-10T23:00:00.000000000Z,3489,169.430,169.430,169.223,169.299,169.448,169.450,169.241,169.317,169.467,169.471,169.258,169.335
2884,GBP_JPY,2023-05-11T00:00:00.000000000Z,6832,169.301,169.476,169.123,169.409,169.318,169.492,169.140,169.424,169.335,169.510,169.156,169.440
2885,GBP_JPY,2023-05-11T01:00:00.000000000Z,6301,169.405,169.507,169.237,169.306,169.420,169.524,169.254,169.320,169.436,169.540,169.270,169.335
2886,GBP_JPY,2023-05-11T02:00:00.000000000Z,5834,169.304,169.457,169.271,169.391,169.318,169.474,169.286,169.406,169.333,169.492,169.300,169.422
2887,GBP_JPY,2023-05-11T03:00:00.000000000Z,3792,169.389,169.390,169.260,169.304,169.404,169.404,169.276,169.320,169.420,169.420,169.292,169.336
2888,GBP_JPY,2023-05-11T04:00:00.000000000Z,4414,169.303,169.441,169.243,169.373,169.320,169.458,169.258,169.390,169.337,169.474,169.274,169.406
2889,GBP_JPY,2023-05-11T05:00:00.000000000Z,5533,169.374,169.502,169.317,169.502,169.390,169.520,169.334,169.519,169.406,169.537,169.352,169.536
2890,GBP_JPY,2023-05-11T06:00:00.000000000Z,10408,169.499,169.505,169.094,169.121,169.517,169.522,169.108,169.134,169.535,169.539,169.122,169.148
2891,GBP_JPY,2023-05-11T07:00:00.000000000Z,13212,169.123,169.341,169.026,169.068,169.138,169.355,169.044,169.084,169.153,169.370,169.060,169.101
2892,GBP_JPY,2023-05-11T08:00:00.000000000Z,12583,169.070,169.646,169.064,169.607,169.086,169.660,169.082,169.623,169.101,169.673,169.099,169.639
2893,GBP_JPY,2023-05-11T09:00:00.000000000Z,9932,169.611,169.694,169.463,169.543,169.625,169.709,169.480,169.558,169.639,169.726,169.496,169.572
2894,GBP_JPY,2023-05-11T10:00:00.000000000Z,9301,169.540,169.551,169.098,169.098,169.556,169.565,169.150,169.167,169.571,169.579,169.165,169.236
2895,GBP_JPY,2023-05-11T11:00:00.000000000Z,16635,169.097,169.716,168.694,168.835,169.165,169.760,168.709,168.850,169.233,169.816,168.724,168.866
2896,GBP_JPY,2023-05-11T12:00:00.000000000Z,17416,168.829,169.495,168.397,168.431,168.844,169.512,168.411,168.445,168.860,169.528,168.424,168.459
2897,GBP_JPY,2023-05-11T13:00:00.000000000Z,18172,168.432,168.432,167.829,167.959,168.448,168.448,167.842,167.972,168.463,168.463,167.856,167.985
2898,GBP_JPY,2023-05-11T14:00:00.000000000Z,15667,167.958,168.458,167.876,168.331,167.972,168.472,167.890,168.344,167.987,168.486,167.904,168.356
2899,GBP_JPY,2023-05-11T15:00:00.000000000Z,9686,168.332,168.401,167.988,168.066,168.346,168.413,168.000,168.079,168.360,168.427,168.012,168.092
2900,GBP_JPY,2023-05-11T16:00:00.000000000Z,6785,168.067,168.248,167.992,168.181,168.082,168.262,168.005,168.194,168.096,168.276,168.018,168.208
2901,GBP_JPY,2023-05-11T17:00:00.000000000Z,6975,168.183,168.227,168.004,168.151,168.194,168.238,168.018,168.164,168.206,168.250,168.031,168.176
2902,GBP_JPY,2023-05-11T18:00:00.000000000Z,5084,168.151,168.349,168.098,168.296,168.164,168.362,168.112,168.308,168.178,168.375,168.126,168.320
2903,GBP_JPY,2023-05-11T19:00:00.000000000Z,4738,168.296,168.398,168.270,168.346,168.310,168.411,168.284,168.360,168.323,168.425,168.298,168.373
2904,GBP_JPY,2023-05-11T20:00:00.000000000Z,3951,168.349,168.390,168.311,168.356,168.362,168.406,168.326,168.373,168.376,168.422,168.340,168.390
2905,GBP_JPY,2023-05-11T21:00:00.000000000Z,450,168.243,168.281,168.199,168.230,168.318,168.350,168.274,168.305,168.393,168.421,168.349,168.380
2906,GBP_JPY,2023-05-11T22:00:00.000000000Z,7045,168.264,168.377,168.244,168.303,168.339,168.397,168.298,168.322,168.414,168.459,168.316,168.341
2907,GBP_JPY,2023-05-11T23:00:00.000000000Z,2821,168.304,168.311,168.191,168.203,168.322,168.329,168.209,168.220,168.341,168.348,168.227,168.236
2908,GBP_JPY,2023-05-12T00:00:00.000000000Z,6251,168.192,168.397,168.178,168.385,168.210,168.412,168.195,168.400,168.227,168.429,168.211,168.415
2909,GBP_JPY,2023-05-12T01:00:00.000000000Z,6525,168.385,168.461,168.280,168.341,168.399,168.478,168.296,168.357,168.413,168.494,168.311,168.373
2910,GBP_JPY,2023-05-12T02:00:00.000000000Z,4507,168.335,168.506,168.315,168.442,168.350,168.522,168.332,168.458,168.366,168.537,168.348,168.473
2911,GBP_JPY,2023-05-12T03:00:00.000000000Z,3093,168.442,168.510,168.425,168.462,168.458,168.524,168.442,168.478,168.475,168.539,168.457,168.494
2912,GBP_JPY,2023-05-12T04:00:00.000000000Z,3278,168.463,168.565,168.426,168.535,168.478,168.580,168.442,168.550,168.493,168.595,168.459,168.565
2913,GBP_JPY,2023-05-12T05:00:00.000000000Z,4411,168.538,168.651,168.487,168.587,168.553,168.664,168.503,168.623,168.568,168.678,168.519,168.659
2914,GBP_JPY,2023-05-12T06:00:00.000000000Z,9316,168.563,168.917,168.453,168.843,168.599,168.932,168.470,168.859,168.635,168.946,168.485,168.875
2915,GBP_JPY,2023-05-12T07:00:00.000000000Z,11131,168.840,169.124,168.769,168.806,168.856,169.138,168.784,168.820,168.872,169.153,168.798,168.833
2916,GBP_JPY,2023-05-12T08:00:00.000000000Z,8502,168.804,168.907,168.603,168.885,168.818,168.921,168.618,168.900,168.833,168.935,168.632,168.914
2917,GBP_JPY,2023-05-12T09:00:00.000000000Z,7204,168.888,168.895,168.644,168.742,168.902,168.909,168.660,168.756,168.917,168.923,168.674,168.771
2918,GBP_JPY,2023-05-12T10:00:00.000000000Z,6470,168.745,168.918,168.698,168.779,168.759,168.932,168.712,168.794,168.773,168.948,168.725,168.808
2919,GBP_JPY,2023-05-12T11:00:00.000000000Z,7074,168.771,168.958,168.767,168.910,168.786,168.973,168.781,168.923,168.802,168.988,168.795,168.936
2920,GBP_JPY,2023-05-12T12:00:00.000000000Z,10270,168.912,168.968,168.542,168.790,168.926,168.981,168.558,168.803,168.939,168.995,168.572,168.816
2921,GBP_JPY,2023-05-12T13:00:00.000000000Z,10713,168.785,168.845,168.438,168.611,168.798,168.860,168.448,168.650,168.812,168.874,168.459,168.689
2922,GBP_JPY,2023-05-12T14:00:00.000000000Z,16342,168.609,169.031,168.469,168.729,168.684,169.044,168.484,168.740,168.759,169.059,168.497,168.752
2923,GBP_JPY,2023-05-12T15:00:00.000000000Z,9884,168.730,169.061,168.670,169.020,168.742,169.074,168.683,169.034,168.755,169.087,168.695,169.049
2924,GBP_JPY,2023-05-12T16:00:00.000000000Z,6229,169.023,169.050,168.903,168.906,169.036,169.064,168.917,168.918,169.049,169.077,168.930,168.931
2925,GBP_JPY,2023-05-12T17:00:00.000000000Z,5162,168.902,169.115,168.866,168.934,168.914,169.130,168.880,168.948,168.927,169.144,168.894,168.961
2926,GBP_JPY,2023-05-12T18:00:00.000000000Z,3822,168.931,168.932,168.838,168.898,168.944,168.946,168.852,168.911,168.958,168.961,168.866,168.924
2927,GBP_JPY,2023-05-12T19:00:00.000000000Z,4084,168.897,168.953,168.860,168.949,168.911,168.968,168.876,168.964,168.925,168.984,168.891,168.978
2928,GBP_JPY,2023-05-12T20:00:00.000000000Z,3616,168.948,168.969,168.906,168.925,168.964,168.992,168.923,168.968,168.979,169.038,168.939,169.012
2929,GBP_JPY,2023-05-14T21:00:00.000000000Z,176,168.949,168.988,168.838,168.950,169.024,169.063,168.913,169.014,169.099,169.138,168.988,169.078
2930,GBP_JPY,2023-05-14T22:00:00.000000000Z,4987,168.946,169.081,168.921,169.006,169.010,169.108,168.979,169.030,169.074,169.136,169.033,169.055
2931,GBP_JPY,2023-05-14T23:00:00.000000000Z,7132,169.002,169.130,168.965,169.103,169.027,169.150,168.990,169.120,169.052,169.170,169.014,169.136
2932,GBP_JPY,2023-05-15T00:00:00.000000000Z,6048,169.103,169.312,169.026,169.156,169.121,169.326,169.044,169.173,169.139,169.340,169.061,169.190
2933,GBP_JPY,2023-05-15T01:00:00.000000000Z,6402,169.162,169.337,169.051,169.318,169.178,169.352,169.068,169.333,169.194,169.367,169.086,169.348
2934,GBP_JPY,2023-05-15T02:00:00.000000000Z,4416,169.320,169.374,169.240,169.312,169.334,169.390,169.256,169.327,169.349,169.406,169.271,169.342
2935,GBP_JPY,2023-05-15T03:00:00.000000000Z,3473,169.314,169.612,169.297,169.580,169.328,169.628,169.312,169.596,169.342,169.643,169.327,169.611
2936,GBP_JPY,2023-05-15T04:00:00.000000000Z,2636,169.576,169.684,169.548,169.587,169.592,169.700,169.564,169.601,169.607,169.716,169.579,169.615
2937,GBP_JPY,2023-05-15T05:00:00.000000000Z,4309,169.586,169.827,169.557,169.818,169.601,169.844,169.572,169.836,169.616,169.862,169.588,169.854
2938,GBP_JPY,2023-05-15T06:00:00.000000000Z,8254,169.823,169.868,169.616,169.683,169.840,169.884,169.634,169.700,169.856,169.900,169.649,169.716
2939,GBP_JPY,2023-05-15T07:00:00.000000000Z,9607,169.686,169.788,169.431,169.689,169.700,169.802,169.448,169.702,169.715,169.818,169.464,169.716
2940,GBP_JPY,2023-05-15T08:00:00.000000000Z,8381,169.688,169.996,169.660,169.972,169.704,170.010,169.676,169.987,169.719,170.025,169.691,170.002
2941,GBP_JPY,2023-05-15T09:00:00.000000000Z,6652,169.971,170.219,169.834,170.138,169.987,170.232,169.848,170.152,170.003,170.247,169.861,170.165
2942,GBP_JPY,2023-05-15T10:00:00.000000000Z,6808,170.135,170.295,170.116,170.229,170.150,170.309,170.130,170.244,170.164,170.324,170.141,170.258
2943,GBP_JPY,2023-05-15T11:00:00.000000000Z,7396,170.231,170.329,170.148,170.311,170.245,170.343,170.162,170.325,170.259,170.358,170.174,170.339
2944,GBP_JPY,2023-05-15T12:00:00.000000000Z,12081,170.305,170.415,169.797,169.957,170.322,170.428,169.812,169.972,170.338,170.443,169.828,169.987
2945,GBP_JPY,2023-05-15T13:00:00.000000000Z,10637,169.953,170.339,169.936,170.288,169.968,170.352,169.950,170.300,169.983,170.365,169.964,170.313
2946,GBP_JPY,2023-05-15T14:00:00.000000000Z,10558,170.283,170.414,170.222,170.291,170.296,170.426,170.235,170.304,170.308,170.439,170.248,170.318
2947,GBP_JPY,2023-05-15T15:00:00.000000000Z,8266,170.294,170.421,170.239,170.413,170.306,170.435,170.254,170.429,170.319,170.452,170.267,170.445
2948,GBP_JPY,2023-05-15T16:00:00.000000000Z,4739,170.416,170.572,170.272,170.541,170.430,170.586,170.286,170.555,170.445,170.603,170.300,170.569
2949,GBP_JPY,2023-05-15T17:00:00.000000000Z,5340,170.547,170.612,170.387,170.490,170.561,170.626,170.404,170.506,170.575,170.640,170.417,170.521
2950,GBP_JPY,2023-05-15T18:00:00.000000000Z,4369,170.491,170.517,170.373,170.478,170.506,170.532,170.388,170.494,170.520,170.548,170.403,170.510
2951,GBP_JPY,2023-05-15T19:00:00.000000000Z,4094,170.480,170.492,170.392,170.492,170.494,170.506,170.408,170.506,170.508,170.521,170.422,170.521
2952,GBP_JPY,2023-05-15T20:00:00.000000000Z,3248,170.491,170.498,170.428,170.479,170.505,170.519,170.444,170.515,170.519,170.562,170.459,170.551
2953,GBP_JPY,2023-05-15T21:00:00.000000000Z,6476,170.400,170.460,170.359,170.432,170.475,170.518,170.434,170.498,170.550,170.586,170.509,170.563
2954,GBP_JPY,2023-05-15T22:00:00.000000000Z,3455,170.436,170.476,170.392,170.410,170.498,170.498,170.416,170.428,170.560,170.560,170.440,170.447
2955,GBP_JPY,2023-05-15T23:00:00.000000000Z,3061,170.411,170.413,170.272,170.366,170.428,170.432,170.291,170.383,170.446,170.453,170.309,170.400
2956,GBP_JPY,2023-05-16T00:00:00.000000000Z,4608,170.362,170.473,170.267,170.308,170.379,170.490,170.283,170.324,170.396,170.508,170.298,170.339
2957,GBP_JPY,2023-05-16T01:00:00.000000000Z,4606,170.310,170.425,170.221,170.401,170.325,170.442,170.238,170.418,170.340,170.458,170.254,170.434
2958,GBP_JPY,2023-05-16T02:00:00.000000000Z,4273,170.402,170.404,170.143,170.338,170.419,170.421,170.158,170.350,170.436,170.439,170.172,170.363
2959,GBP_JPY,2023-05-16T03:00:00.000000000Z,1818,170.335,170.430,170.304,170.319,170.348,170.444,170.320,170.334,170.362,170.459,170.334,170.348
2960,GBP_JPY,2023-05-16T04:00:00.000000000Z,2282,170.320,170.374,170.270,170.320,170.334,170.390,170.286,170.340,170.347,170.407,170.300,170.359
2961,GBP_JPY,2023-05-16T05:00:00.000000000Z,4907,170.320,170.328,169.979,170.008,170.338,170.345,169.998,170.028,170.357,170.363,170.016,170.047
2962,GBP_JPY,2023-05-16T06:00:00.000000000Z,10590,170.005,170.051,169.386,169.519,170.026,170.068,169.402,169.532,170.048,170.087,169.417,169.546
2963,GBP_JPY,2023-05-16T07:00:00.000000000Z,11189,169.522,170.017,169.483,169.923,169.537,170.031,169.500,169.938,169.552,170.046,169.517,169.952
2964,GBP_JPY,2023-05-16T08:00:00.000000000Z,8425,169.927,170.235,169.843,170.099,169.940,170.249,169.858,170.112,169.954,170.264,169.872,170.126
2965,GBP_JPY,2023-05-16T09:00:00.000000000Z,7366,170.096,170.403,170.083,170.173,170.111,170.416,170.097,170.187,170.126,170.430,170.111,170.201
2966,GBP_JPY,2023-05-16T10:00:00.000000000Z,4871,170.172,170.304,170.082,170.213,170.186,170.318,170.096,170.226,170.201,170.331,170.110,170.239
2967,GBP_JPY,2023-05-16T11:00:00.000000000Z,5657,170.212,170.346,170.036,170.058,170.226,170.359,170.051,170.072,170.240,170.372,170.064,170.086
2968,GBP_JPY,2023-05-16T12:00:00.000000000Z,13671,170.062,170.323,169.858,170.299,170.076,170.339,169.933,170.315,170.090,170.355,170.008,170.331
2969,GBP_JPY,2023-05-16T13:00:00.000000000Z,14913,170.299,170.829,170.199,170.544,170.314,170.842,170.214,170.558,170.329,170.855,170.227,170.571
2970,GBP_JPY,2023-05-16T14:00:00.000000000Z,13025,170.543,170.611,170.277,170.534,170.557,170.626,170.291,170.546,170.571,170.641,170.304,170.559
2971,GBP_JPY,2023-05-16T15:00:00.000000000Z,9087,170.536,170.682,170.431,170.656,170.548,170.694,170.445,170.670,170.561,170.708,170.458,170.683
2972,GBP_JPY,2023-05-16T16:00:00.000000000Z,7536,170.657,170.709,170.445,170.528,170.670,170.722,170.459,170.542,170.683,170.735,170.472,170.555
2973,GBP_JPY,2023-05-16T17:00:00.000000000Z,5331,170.531,170.538,170.205,170.250,170.544,170.552,170.219,170.264,170.558,170.567,170.233,170.277
2974,GBP_JPY,2023-05-16T18:00:00.000000000Z,4400,170.252,170.260,170.121,170.200,170.266,170.274,170.136,170.214,170.279,170.290,170.150,170.229
2975,GBP_JPY,2023-05-16T19:00:00.000000000Z,4899,170.197,170.217,170.070,170.126,170.213,170.231,170.087,170.140,170.229,170.248,170.103,170.155
2976,GBP_JPY,2023-05-16T20:00:00.000000000Z,4680,170.124,170.284,170.090,170.251,170.138,170.302,170.106,170.271,170.153,170.322,170.120,170.291
2977,GBP_JPY,2023-05-16T21:00:00.000000000Z,4684,170.225,170.231,170.161,170.200,170.300,170.305,170.236,170.256,170.375,170.380,170.305,170.313
2978,GBP_JPY,2023-05-16T22:00:00.000000000Z,5005,170.195,170.276,170.145,170.246,170.256,170.293,170.164,170.262,170.318,170.339,170.182,170.279
2979,GBP_JPY,2023-05-16T23:00:00.000000000Z,2518,170.250,170.341,170.232,170.307,170.266,170.360,170.248,170.322,170.283,170.379,170.262,170.336
2980,GBP_JPY,2023-05-17T00:00:00.000000000Z,5834,170.305,170.394,170.210,170.345,170.320,170.410,170.224,170.358,170.334,170.425,170.238,170.372
2981,GBP_JPY,2023-05-17T01:00:00.000000000Z,6558,170.344,170.364,170.242,170.333,170.358,170.378,170.257,170.348,170.373,170.395,170.271,170.362
2982,GBP_JPY,2023-05-17T02:00:00.000000000Z,3675,170.335,170.517,170.311,170.508,170.350,170.531,170.326,170.523,170.364,170.545,170.341,170.538
2983,GBP_JPY,2023-05-17T03:00:00.000000000Z,2729,170.507,170.512,170.292,170.323,170.523,170.527,170.307,170.337,170.539,170.542,170.322,170.351
2984,GBP_JPY,2023-05-17T04:00:00.000000000Z,2632,170.323,170.448,170.319,170.412,170.338,170.464,170.334,170.426,170.352,170.480,170.348,170.440
2985,GBP_JPY,2023-05-17T05:00:00.000000000Z,6000,170.416,170.587,170.400,170.489,170.430,170.602,170.413,170.503,170.443,170.616,170.426,170.517
2986,GBP_JPY,2023-05-17T06:00:00.000000000Z,8039,170.487,170.516,170.269,170.368,170.501,170.528,170.284,170.383,170.515,170.544,170.298,170.398
2987,GBP_JPY,2023-05-17T07:00:00.000000000Z,11478,170.368,170.592,170.098,170.154,170.382,170.607,170.114,170.166,170.396,170.623,170.129,170.179
2988,GBP_JPY,2023-05-17T08:00:00.000000000Z,9506,170.153,170.494,170.146,170.307,170.166,170.507,170.159,170.320,170.180,170.520,170.172,170.333
2989,GBP_JPY,2023-05-17T09:00:00.000000000Z,8752,170.304,170.471,170.189,170.397,170.317,170.483,170.204,170.410,170.330,170.495,170.217,170.424
2990,GBP_JPY,2023-05-17T10:00:00.000000000Z,6529,170.399,170.528,170.210,170.518,170.412,170.542,170.226,170.531,170.424,170.558,170.240,170.544
2991,GBP_JPY,2023-05-17T11:00:00.000000000Z,7731,170.517,170.872,170.508,170.706,170.531,170.884,170.522,170.720,170.545,170.898,170.533,170.733
2992,GBP_JPY,2023-05-17T12:00:00.000000000Z,10729,170.709,171.055,170.614,171.005,170.722,171.068,170.628,171.016,170.736,171.080,170.642,171.027
2993,GBP_JPY,2023-05-17T13:00:00.000000000Z,12446,171.005,171.215,170.917,171.033,171.017,171.228,170.930,171.046,171.029,171.243,170.942,171.060
2994,GBP_JPY,2023-05-17T14:00:00.000000000Z,14072,171.035,171.310,170.991,171.285,171.048,171.324,171.005,171.298,171.060,171.341,171.018,171.312
2995,GBP_JPY,2023-05-17T15:00:00.000000000Z,10651,171.284,171.684,171.272,171.537,171.298,171.696,171.286,171.551,171.312,171.711,171.299,171.565
2996,GBP_JPY,2023-05-17T16:00:00.000000000Z,6224,171.537,171.932,171.532,171.884,171.550,171.944,171.546,171.896,171.564,171.958,171.560,171.908
2997,GBP_JPY,2023-05-17T17:00:00.000000000Z,7273,171.887,171.998,171.823,171.921,171.899,172.012,171.834,171.935,171.911,172.028,171.846,171.949
2998,GBP_JPY,2023-05-17T18:00:00.000000000Z,5447,171.922,171.935,171.761,171.765,171.936,171.948,171.772,171.776,171.949,171.961,171.784,171.788
2999,GBP_JPY,2023-05-17T19:00:00.000000000Z,5072,171.764,171.959,171.749,171.904,171.778,171.972,171.761,171.918,171.791,171.986,171.773,171.931
3000,GBP_JPY,2023-05-17T20:00:00.000000000Z,3793,171.907,171.930,171.801,171.896,171.920,171.944,171.824,171.932,171.933,171.973,171.846,171.968
3001,GBP_JPY,2023-05-17T21:00:00.000000000Z,7640,171.828,171.842,171.718,171.774,171.903,171.908,171.779,171.836,171.978,171.983,171.839,171.897
3002,GBP_JPY,2023-05-17T22:00:00.000000000Z,3444,171.773,171.941,171.769,171.790,171.834,171.967,171.792,171.808,171.894,172.006,171.809,171.826
3003,GBP_JPY,2023-05-17T23:00:00.000000000Z,2908,171.789,171.823,171.728,171.749,171.806,171.840,171.748,171.766,171.823,171.858,171.766,171.783
3004,GBP_JPY,2023-05-18T00:00:00.000000000Z,7191,171.747,171.872,171.573,171.578,171.764,171.886,171.587,171.592,171.782,171.902,171.601,171.607
3005,GBP_JPY,2023-05-18T01:00:00.000000000Z,8309,171.577,171.615,171.412,171.525,171.592,171.630,171.429,171.540,171.608,171.644,171.445,171.556
3006,GBP_JPY,2023-05-18T02:00:00.000000000Z,5244,171.526,171.701,171.515,171.680,171.541,171.716,171.532,171.696,171.556,171.735,171.548,171.713
3007,GBP_JPY,2023-05-18T03:00:00.000000000Z,3942,171.680,171.757,171.640,171.702,171.696,171.772,171.656,171.716,171.712,171.786,171.671,171.730
3008,GBP_JPY,2023-05-18T04:00:00.000000000Z,3805,171.700,171.714,171.560,171.636,171.715,171.729,171.574,171.651,171.730,171.744,171.589,171.666
3009,GBP_JPY,2023-05-18T05:00:00.000000000Z,5003,171.635,171.757,171.380,171.439,171.650,171.772,171.394,171.454,171.666,171.787,171.408,171.469
3010,GBP_JPY,2023-05-18T06:00:00.000000000Z,8311,171.438,171.492,171.194,171.354,171.454,171.504,171.209,171.366,171.470,171.517,171.224,171.379
3011,GBP_JPY,2023-05-18T07:00:00.000000000Z,9671,171.363,171.650,171.344,171.575,171.375,171.664,171.358,171.589,171.387,171.678,171.370,171.603
3012,GBP_JPY,2023-05-18T08:00:00.000000000Z,10046,171.576,171.670,171.329,171.344,171.589,171.683,171.344,171.358,171.602,171.697,171.358,171.373
3013,GBP_JPY,2023-05-18T09:00:00.000000000Z,8049,171.341,171.454,171.236,171.422,171.356,171.466,171.250,171.436,171.370,171.483,171.263,171.450
3014,GBP_JPY,2023-05-18T10:00:00.000000000Z,6584,171.422,171.455,171.189,171.251,171.435,171.468,171.204,171.263,171.448,171.484,171.219,171.275
3015,GBP_JPY,2023-05-18T11:00:00.000000000Z,7050,171.249,171.629,171.182,171.478,171.261,171.641,171.194,171.490,171.273,171.655,171.207,171.503
3016,GBP_JPY,2023-05-18T12:00:00.000000000Z,14420,171.477,171.909,171.355,171.820,171.491,171.922,171.388,171.834,171.505,171.937,171.403,171.848
3017,GBP_JPY,2023-05-18T13:00:00.000000000Z,14207,171.818,172.027,171.710,171.904,171.834,172.041,171.724,171.920,171.849,172.055,171.737,171.937
3018,GBP_JPY,2023-05-18T14:00:00.000000000Z,13324,171.906,172.007,171.725,171.973,171.922,172.018,171.738,171.988,171.938,172.030,171.750,172.003
3019,GBP_JPY,2023-05-18T15:00:00.000000000Z,9956,171.977,172.153,171.843,172.029,171.990,172.164,171.857,172.042,172.003,172.178,171.869,172.054
3020,GBP_JPY,2023-05-18T16:00:00.000000000Z,7626,172.025,172.036,171.748,171.773,172.040,172.048,171.760,171.786,172.054,172.061,171.771,171.798
3021,GBP_JPY,2023-05-18T17:00:00.000000000Z,6556,171.775,171.903,171.669,171.790,171.788,171.916,171.680,171.803,171.800,171.930,171.690,171.816
3022,GBP_JPY,2023-05-18T18:00:00.000000000Z,4723,171.793,171.971,171.774,171.968,171.804,171.983,171.786,171.980,171.816,171.995,171.798,171.992
3023,GBP_JPY,2023-05-18T19:00:00.000000000Z,5077,171.963,172.121,171.913,172.091,171.975,172.134,171.926,172.104,171.987,172.147,171.938,172.118
3024,GBP_JPY,2023-05-18T20:00:00.000000000Z,3072,172.085,172.131,172.008,172.092,172.098,172.144,172.022,172.111,172.112,172.158,172.036,172.130
3025,GBP_JPY,2023-05-18T21:00:00.000000000Z,4923,172.041,172.136,171.942,171.983,172.116,172.211,172.014,172.042,172.191,172.286,172.083,172.101
3026,GBP_JPY,2023-05-18T22:00:00.000000000Z,3707,171.992,172.118,171.962,172.103,172.047,172.136,172.013,172.121,172.102,172.156,172.039,172.139
3027,GBP_JPY,2023-05-18T23:00:00.000000000Z,3373,172.099,172.119,171.931,172.044,172.119,172.135,171.948,172.060,172.139,172.154,171.965,172.075
3028,GBP_JPY,2023-05-19T00:00:00.000000000Z,8468,172.041,172.107,171.624,171.799,172.058,172.122,171.640,171.816,172.074,172.138,171.656,171.832
3029,GBP_JPY,2023-05-19T01:00:00.000000000Z,7025,171.800,171.846,171.659,171.714,171.816,171.861,171.676,171.732,171.831,171.878,171.691,171.750
3030,GBP_JPY,2023-05-19T02:00:00.000000000Z,5730,171.716,171.770,171.640,171.731,171.733,171.785,171.656,171.748,171.750,171.802,171.671,171.764
3031,GBP_JPY,2023-05-19T03:00:00.000000000Z,3848,171.727,171.820,171.671,171.676,171.744,171.834,171.687,171.690,171.761,171.850,171.700,171.704
3032,GBP_JPY,2023-05-19T04:00:00.000000000Z,3528,171.674,171.678,171.581,171.628,171.688,171.692,171.598,171.644,171.701,171.708,171.612,171.659
3033,GBP_JPY,2023-05-19T05:00:00.000000000Z,4698,171.629,171.666,171.472,171.482,171.644,171.681,171.486,171.498,171.659,171.696,171.501,171.514
3034,GBP_JPY,2023-05-19T06:00:00.000000000Z,9726,171.484,171.624,171.401,171.491,171.499,171.639,171.417,171.505,171.514,171.654,171.433,171.519
3035,GBP_JPY,2023-05-19T07:00:00.000000000Z,10804,171.492,171.570,171.236,171.340,171.506,171.584,171.251,171.352,171.521,171.598,171.266,171.363
3036,GBP_JPY,2023-05-19T08:00:00.000000000Z,8648,171.341,171.485,171.234,171.452,171.353,171.498,171.248,171.464,171.365,171.511,171.262,171.477
3037,GBP_JPY,2023-05-19T09:00:00.000000000Z,7949,171.452,171.673,171.438,171.636,171.466,171.686,171.451,171.649,171.479,171.699,171.463,171.662
3038,GBP_JPY,2023-05-19T10:00:00.000000000Z,8881,171.636,171.971,171.584,171.861,171.651,171.984,171.596,171.876,171.666,171.999,171.606,171.892
3039,GBP_JPY,2023-05-19T11:00:00.000000000Z,8642,171.864,172.245,171.817,172.215,171.878,172.258,171.830,172.228,171.893,172.270,171.844,172.241
3040,GBP_JPY,2023-05-19T12:00:00.000000000Z,11367,172.217,172.496,172.094,172.467,172.230,172.504,172.108,172.481,172.243,172.514,172.123,172.495
3041,GBP_JPY,2023-05-19T13:00:00.000000000Z,13408,172.467,172.498,172.210,172.324,172.480,172.508,172.224,172.337,172.493,172.518,172.238,172.350
3042,GBP_JPY,2023-05-19T14:00:00.000000000Z,12502,172.326,172.330,172.064,172.251,172.338,172.344,172.080,172.264,172.350,172.358,172.093,172.278
3043,GBP_JPY,2023-05-19T15:00:00.000000000Z,24630,172.254,172.276,171.334,171.561,172.266,172.288,171.348,171.575,172.279,172.300,171.361,171.589
3044,GBP_JPY,2023-05-19T16:00:00.000000000Z,10627,171.559,171.914,171.483,171.769,171.573,171.929,171.498,171.781,171.587,171.944,171.513,171.793
3045,GBP_JPY,2023-05-19T17:00:00.000000000Z,6237,171.769,171.933,171.703,171.721,171.780,171.946,171.716,171.734,171.792,171.959,171.729,171.746
3046,GBP_JPY,2023-05-19T18:00:00.000000000Z,5937,171.723,171.921,171.643,171.888,171.736,171.934,171.656,171.900,171.748,171.946,171.669,171.913
3047,GBP_JPY,2023-05-19T19:00:00.000000000Z,5342,171.886,171.906,171.736,171.742,171.898,171.919,171.748,171.755,171.911,171.932,171.760,171.768
3048,GBP_JPY,2023-05-19T20:00:00.000000000Z,4524,171.739,171.810,171.635,171.653,171.753,171.824,171.654,171.697,171.767,171.840,171.671,171.741
3049,GBP_JPY,2023-05-21T21:00:00.000000000Z,208,171.663,171.784,171.663,171.721,171.738,171.859,171.738,171.796,171.813,171.934,171.813,171.871
3050,GBP_JPY,2023-05-21T22:00:00.000000000Z,3977,171.756,171.756,171.424,171.430,171.831,171.831,171.440,171.442,171.906,171.906,171.451,171.454
3051,GBP_JPY,2023-05-21T23:00:00.000000000Z,2531,171.429,171.596,171.386,171.569,171.443,171.612,171.402,171.584,171.457,171.628,171.417,171.600
3052,GBP_JPY,2023-05-22T00:00:00.000000000Z,6222,171.571,171.709,171.466,171.622,171.586,171.725,171.482,171.638,171.602,171.741,171.496,171.653
3053,GBP_JPY,2023-05-22T01:00:00.000000000Z,8177,171.622,171.648,171.372,171.441,171.640,171.664,171.388,171.454,171.658,171.682,171.403,171.467
3054,GBP_JPY,2023-05-22T02:00:00.000000000Z,5782,171.442,171.548,171.360,171.495,171.456,171.562,171.376,171.510,171.470,171.577,171.391,171.526
3055,GBP_JPY,2023-05-22T03:00:00.000000000Z,4182,171.494,171.611,171.472,171.532,171.510,171.625,171.488,171.547,171.526,171.639,171.502,171.562
3056,GBP_JPY,2023-05-22T04:00:00.000000000Z,3378,171.531,171.659,171.503,171.632,171.546,171.675,171.519,171.648,171.562,171.692,171.535,171.664
3057,GBP_JPY,2023-05-22T05:00:00.000000000Z,5792,171.633,171.676,171.560,171.654,171.648,171.692,171.576,171.670,171.664,171.708,171.593,171.685
3058,GBP_JPY,2023-05-22T06:00:00.000000000Z,8915,171.654,171.741,171.343,171.364,171.668,171.756,171.358,171.376,171.682,171.772,171.372,171.389
3059,GBP_JPY,2023-05-22T07:00:00.000000000Z,10438,171.368,171.461,171.187,171.365,171.380,171.474,171.202,171.378,171.393,171.487,171.216,171.390
3060,GBP_JPY,2023-05-22T08:00:00.000000000Z,9126,171.367,171.539,171.269,171.473,171.380,171.551,171.284,171.488,171.392,171.564,171.296,171.502
3061,GBP_JPY,2023-05-22T09:00:00.000000000Z,8006,171.474,171.636,171.443,171.591,171.488,171.650,171.456,171.605,171.501,171.665,171.469,171.619
3062,GBP_JPY,2023-05-22T10:00:00.000000000Z,8802,171.590,171.882,171.568,171.755,171.605,171.896,171.582,171.770,171.620,171.911,171.595,171.784
3063,GBP_JPY,2023-05-22T11:00:00.000000000Z,9560,171.755,172.317,171.737,172.272,171.770,172.332,171.753,172.284,171.785,172.346,171.769,172.297
3064,GBP_JPY,2023-05-22T12:00:00.000000000Z,11885,172.271,172.569,172.212,172.457,172.284,172.582,172.228,172.471,172.297,172.597,172.240,172.485
3065,GBP_JPY,2023-05-22T13:00:00.000000000Z,13132,172.459,172.487,172.189,172.333,172.473,172.498,172.202,172.348,172.487,172.510,172.215,172.362
3066,GBP_JPY,2023-05-22T14:00:00.000000000Z,17389,172.334,172.334,171.624,172.113,172.348,172.348,171.640,172.128,172.361,172.361,171.656,172.142
3067,GBP_JPY,2023-05-22T15:00:00.000000000Z,9449,172.116,172.294,171.994,172.234,172.130,172.306,172.008,172.247,172.143,172.319,172.022,172.260
3068,GBP_JPY,2023-05-22T16:00:00.000000000Z,6651,172.230,172.288,171.980,172.078,172.244,172.301,171.992,172.088,172.257,172.314,172.004,172.099
3069,GBP_JPY,2023-05-22T17:00:00.000000000Z,7476,172.073,172.229,171.828,172.227,172.084,172.240,171.842,172.239,172.096,172.252,171.855,172.251
3070,GBP_JPY,2023-05-22T18:00:00.000000000Z,5254,172.226,172.398,172.125,172.396,172.240,172.408,172.139,172.406,172.253,172.420,172.152,172.417
3071,GBP_JPY,2023-05-22T19:00:00.000000000Z,4574,172.392,172.408,172.209,172.275,172.404,172.422,172.222,172.288,172.417,172.435,172.235,172.301
3072,GBP_JPY,2023-05-22T20:00:00.000000000Z,3159,172.276,172.365,172.272,172.349,172.288,172.380,172.286,172.368,172.301,172.399,172.299,172.387
3073,GBP_JPY,2023-05-22T21:00:00.000000000Z,2769,172.322,172.330,172.243,172.274,172.397,172.400,172.315,172.336,172.472,172.472,172.380,172.397
3074,GBP_JPY,2023-05-22T22:00:00.000000000Z,6114,172.272,172.344,172.257,172.291,172.331,172.394,172.279,172.310,172.390,172.452,172.299,172.328
3075,GBP_JPY,2023-05-22T23:00:00.000000000Z,4295,172.293,172.545,172.246,172.403,172.311,172.560,172.265,172.418,172.329,172.577,172.283,172.432
3076,GBP_JPY,2023-05-23T00:00:00.000000000Z,6771,172.407,172.475,172.230,172.322,172.422,172.490,172.248,172.336,172.436,172.506,172.264,172.351
3077,GBP_JPY,2023-05-23T01:00:00.000000000Z,7237,172.322,172.563,172.281,172.519,172.338,172.579,172.298,172.534,172.354,172.597,172.313,172.550
3078,GBP_JPY,2023-05-23T02:00:00.000000000Z,5597,172.517,172.611,172.442,172.488,172.534,172.626,172.456,172.500,172.550,172.642,172.469,172.513
3079,GBP_JPY,2023-05-23T03:00:00.000000000Z,5282,172.485,172.524,172.165,172.383,172.498,172.538,172.179,172.398,172.511,172.552,172.193,172.412
3080,GBP_JPY,2023-05-23T04:00:00.000000000Z,4955,172.387,172.388,172.020,172.121,172.402,172.402,172.036,172.136,172.416,172.416,172.049,172.151
3081,GBP_JPY,2023-05-23T05:00:00.000000000Z,5614,172.121,172.270,172.091,172.250,172.135,172.284,172.106,172.264,172.149,172.300,172.121,172.277
3082,GBP_JPY,2023-05-23T06:00:00.000000000Z,8994,172.251,172.307,171.979,172.114,172.266,172.322,171.994,172.126,172.281,172.338,172.009,172.139
3083,GBP_JPY,2023-05-23T07:00:00.000000000Z,12987,172.112,172.121,171.634,171.680,172.125,172.134,171.648,171.694,172.138,172.146,171.661,171.708
3084,GBP_JPY,2023-05-23T08:00:00.000000000Z,12141,171.682,171.742,171.278,171.645,171.694,171.756,171.292,171.659,171.707,171.771,171.305,171.673
3085,GBP_JPY,2023-05-23T09:00:00.000000000Z,9976,171.645,171.734,171.329,171.450,171.660,171.748,171.344,171.464,171.674,171.764,171.358,171.478
3086,GBP_JPY,2023-05-23T10:00:00.000000000Z,8349,171.448,171.590,171.355,171.536,171.462,171.604,171.368,171.548,171.476,171.617,171.382,171.561
3087,GBP_JPY,2023-05-23T11:00:00.000000000Z,7603,171.534,171.632,171.351,171.393,171.546,171.644,171.364,171.406,171.559,171.657,171.378,171.419
3088,GBP_JPY,2023-05-23T12:00:00.000000000Z,11631,171.390,171.982,171.390,171.887,171.404,171.995,171.404,171.900,171.418,172.010,171.418,171.914
3089,GBP_JPY,2023-05-23T13:00:00.000000000Z,17315,171.885,172.092,171.625,171.969,171.898,172.106,171.642,171.996,171.910,172.121,171.654,172.022
3090,GBP_JPY,2023-05-23T14:00:00.000000000Z,17084,171.971,172.253,171.851,172.058,171.996,172.266,171.865,172.072,172.022,172.280,171.879,172.087
3091,GBP_JPY,2023-05-23T15:00:00.000000000Z,9873,172.059,172.388,172.050,172.314,172.072,172.400,172.062,172.328,172.086,172.413,172.075,172.341
3092,GBP_JPY,2023-05-23T16:00:00.000000000Z,8560,172.314,172.327,172.039,172.119,172.326,172.339,172.052,172.130,172.339,172.352,172.065,172.141
3093,GBP_JPY,2023-05-23T17:00:00.000000000Z,6940,172.121,172.261,171.952,172.056,172.130,172.274,171.965,172.068,172.140,172.288,171.977,172.081
3094,GBP_JPY,2023-05-23T18:00:00.000000000Z,8062,172.059,172.135,171.805,171.963,172.072,172.148,171.819,171.975,172.084,172.162,171.831,171.987
3095,GBP_JPY,2023-05-23T19:00:00.000000000Z,6377,171.965,172.028,171.898,171.967,171.976,172.044,171.912,171.980,171.987,172.059,171.925,171.993
3096,GBP_JPY,2023-05-23T20:00:00.000000000Z,3854,171.970,172.068,171.936,172.045,171.983,172.086,171.950,172.064,171.996,172.113,171.962,172.084
3097,GBP_JPY,2023-05-23T21:00:00.000000000Z,5836,171.971,172.052,171.945,171.964,172.046,172.127,172.004,172.023,172.121,172.202,172.063,172.082
3098,GBP_JPY,2023-05-23T22:00:00.000000000Z,4347,171.950,172.100,171.947,172.022,172.007,172.120,172.003,172.038,172.064,172.142,172.039,172.055
3099,GBP_JPY,2023-05-23T23:00:00.000000000Z,2976,172.020,172.103,172.001,172.090,172.038,172.118,172.017,172.106,172.056,172.133,172.031,172.122
3100,GBP_JPY,2023-05-24T00:00:00.000000000Z,5818,172.088,172.193,172.015,172.104,172.104,172.207,172.032,172.120,172.120,172.225,172.048,172.135
3101,GBP_JPY,2023-05-24T01:00:00.000000000Z,7133,172.103,172.105,171.926,171.996,172.120,172.120,171.941,172.010,172.137,172.138,171.956,172.024
3102,GBP_JPY,2023-05-24T02:00:00.000000000Z,6312,171.996,171.998,171.887,171.926,172.010,172.015,171.906,171.940,172.025,172.033,171.923,171.953
3103,GBP_JPY,2023-05-24T03:00:00.000000000Z,3601,171.926,172.001,171.881,171.994,171.940,172.016,171.898,172.010,171.954,172.032,171.913,172.026
3104,GBP_JPY,2023-05-24T04:00:00.000000000Z,3272,171.998,172.116,171.977,172.110,172.013,172.131,171.992,172.124,172.028,172.147,172.007,172.137
3105,GBP_JPY,2023-05-24T05:00:00.000000000Z,5626,172.109,172.151,171.921,171.938,172.123,172.166,171.938,171.983,172.137,172.182,171.954,172.028
3106,GBP_JPY,2023-05-24T06:00:00.000000000Z,12888,171.922,172.783,171.907,172.646,171.969,172.799,171.954,172.662,172.016,172.815,172.000,172.679
3107,GBP_JPY,2023-05-24T07:00:00.000000000Z,14268,172.642,172.651,171.826,172.046,172.660,172.667,171.841,172.060,172.677,172.683,171.855,172.074
3108,GBP_JPY,2023-05-24T08:00:00.000000000Z,11798,172.051,172.276,171.953,172.133,172.064,172.288,171.970,172.146,172.076,172.301,171.987,172.158
3109,GBP_JPY,2023-05-24T09:00:00.000000000Z,9850,172.134,172.147,171.532,171.575,172.148,172.158,171.548,171.588,172.161,172.172,171.564,171.601
3110,GBP_JPY,2023-05-24T10:00:00.000000000Z,11063,171.572,171.644,171.218,171.392,171.586,171.656,171.234,171.408,171.600,171.672,171.248,171.423
3111,GBP_JPY,2023-05-24T11:00:00.000000000Z,8610,171.392,171.666,171.382,171.552,171.407,171.678,171.398,171.566,171.422,171.692,171.411,171.579
3112,GBP_JPY,2023-05-24T12:00:00.000000000Z,12916,171.554,172.152,171.530,172.001,171.568,172.168,171.545,172.015,171.581,172.185,171.559,172.029
3113,GBP_JPY,2023-05-24T13:00:00.000000000Z,14537,172.000,172.154,171.832,171.860,172.015,172.168,171.848,171.874,172.030,172.182,171.863,171.889
3114,GBP_JPY,2023-05-24T14:00:00.000000000Z,15837,171.858,172.033,171.689,171.886,171.872,172.048,171.704,171.899,171.885,172.063,171.717,171.912
3115,GBP_JPY,2023-05-24T15:00:00.000000000Z,12409,171.887,172.140,171.777,172.040,171.899,172.152,171.790,172.056,171.911,172.165,171.802,172.072
3116,GBP_JPY,2023-05-24T16:00:00.000000000Z,10506,172.043,172.411,172.041,172.329,172.059,172.423,172.058,172.342,172.075,172.438,172.072,172.354
3117,GBP_JPY,2023-05-24T17:00:00.000000000Z,7754,172.329,172.357,172.194,172.234,172.341,172.370,172.212,172.264,172.353,172.383,172.226,172.294
3118,GBP_JPY,2023-05-24T18:00:00.000000000Z,9740,172.235,172.344,171.942,171.969,172.264,172.419,171.956,171.981,172.294,172.494,171.969,171.993
3119,GBP_JPY,2023-05-24T19:00:00.000000000Z,7324,171.969,172.240,171.956,172.200,171.983,172.254,171.970,172.214,171.997,172.269,171.985,172.228
3120,GBP_JPY,2023-05-24T20:00:00.000000000Z,4279,172.203,172.451,172.188,172.431,172.216,172.466,172.202,172.453,172.229,172.495,172.214,172.475
3121,GBP_JPY,2023-05-24T21:00:00.000000000Z,3166,172.305,172.330,172.231,172.292,172.380,172.405,172.303,172.367,172.455,172.480,172.360,172.442
3122,GBP_JPY,2023-05-24T22:00:00.000000000Z,6865,172.271,172.419,171.677,172.168,172.346,172.464,171.696,172.186,172.421,172.523,171.714,172.205
3123,GBP_JPY,2023-05-24T23:00:00.000000000Z,4439,172.166,172.394,172.122,172.294,172.184,172.408,172.142,172.310,172.203,172.423,172.161,172.326
3124,GBP_JPY,2023-05-25T00:00:00.000000000Z,8093,172.299,172.362,172.202,172.340,172.315,172.378,172.220,172.354,172.331,172.394,172.238,172.369
3125,GBP_JPY,2023-05-25T01:00:00.000000000Z,8781,172.336,172.445,172.289,172.355,172.350,172.460,172.303,172.368,172.365,172.478,172.317,172.382
3126,GBP_JPY,2023-05-25T02:00:00.000000000Z,5184,172.349,172.414,172.260,172.358,172.366,172.428,172.274,172.372,172.382,172.443,172.287,172.387
3127,GBP_JPY,2023-05-25T03:00:00.000000000Z,5012,172.359,172.414,172.259,172.327,172.373,172.428,172.271,172.343,172.387,172.442,172.282,172.359
3128,GBP_JPY,2023-05-25T04:00:00.000000000Z,4279,172.329,172.357,172.212,172.240,172.343,172.371,172.228,172.254,172.357,172.386,172.243,172.269
3129,GBP_JPY,2023-05-25T05:00:00.000000000Z,6063,172.237,172.398,172.174,172.290,172.252,172.414,172.190,172.304,172.266,172.430,172.207,172.319
3130,GBP_JPY,2023-05-25T06:00:00.000000000Z,10289,172.294,172.515,172.164,172.472,172.308,172.531,172.179,172.487,172.321,172.547,172.192,172.502
3131,GBP_JPY,2023-05-25T07:00:00.000000000Z,12844,172.472,172.480,171.981,172.195,172.486,172.494,171.994,172.206,172.501,172.509,172.007,172.218
3132,GBP_JPY,2023-05-25T08:00:00.000000000Z,10728,172.196,172.612,172.168,172.510,172.209,172.625,172.182,172.524,172.222,172.638,172.195,172.539
3133,GBP_JPY,2023-05-25T09:00:00.000000000Z,8409,172.508,172.770,172.505,172.716,172.522,172.785,172.519,172.730,172.535,172.800,172.532,172.744
3134,GBP_JPY,2023-05-25T10:00:00.000000000Z,7165,172.713,172.736,172.420,172.483,172.727,172.748,172.436,172.497,172.741,172.762,172.450,172.511
3135,GBP_JPY,2023-05-25T11:00:00.000000000Z,8091,172.482,172.671,172.475,172.545,172.497,172.686,172.488,172.558,172.512,172.700,172.501,172.571
3136,GBP_JPY,2023-05-25T12:00:00.000000000Z,19594,172.543,172.574,172.126,172.421,172.556,172.587,172.148,172.432,172.569,172.600,172.170,172.444
3137,GBP_JPY,2023-05-25T13:00:00.000000000Z,17512,172.427,172.576,172.063,172.167,172.438,172.590,172.077,172.181,172.450,172.605,172.090,172.195
3138,GBP_JPY,2023-05-25T14:00:00.000000000Z,18833,172.164,172.555,172.160,172.398,172.179,172.568,172.176,172.411,172.194,172.583,172.191,172.424
3139,GBP_JPY,2023-05-25T15:00:00.000000000Z,12929,172.396,172.539,172.198,172.291,172.409,172.552,172.214,172.304,172.422,172.566,172.227,172.318
3140,GBP_JPY,2023-05-25T16:00:00.000000000Z,7827,172.291,172.420,172.222,172.229,172.304,172.432,172.235,172.240,172.316,172.445,172.247,172.252
3141,GBP_JPY,2023-05-25T17:00:00.000000000Z,6775,172.227,172.485,172.152,172.485,172.238,172.498,172.165,172.498,172.250,172.512,172.177,172.512
3142,GBP_JPY,2023-05-25T18:00:00.000000000Z,6537,172.486,172.592,172.385,172.407,172.498,172.604,172.398,172.420,172.511,172.617,172.409,172.432
3143,GBP_JPY,2023-05-25T19:00:00.000000000Z,6461,172.408,172.674,172.382,172.657,172.421,172.686,172.394,172.668,172.434,172.698,172.406,172.680
3144,GBP_JPY,2023-05-25T20:00:00.000000000Z,3283,172.656,172.680,172.505,172.543,172.668,172.694,172.527,172.559,172.681,172.708,172.540,172.575
3145,GBP_JPY,2023-05-25T21:00:00.000000000Z,1104,172.548,172.565,172.442,172.501,172.623,172.640,172.517,172.576,172.698,172.715,172.592,172.651
3146,GBP_JPY,2023-05-25T22:00:00.000000000Z,8845,172.491,172.606,172.384,172.416,172.566,172.637,172.408,172.436,172.641,172.693,172.427,172.455
3147,GBP_JPY,2023-05-25T23:00:00.000000000Z,3045,172.418,172.503,172.342,172.423,172.437,172.520,172.360,172.438,172.456,172.538,172.377,172.452
3148,GBP_JPY,2023-05-26T00:00:00.000000000Z,7428,172.425,172.476,172.195,172.342,172.438,172.492,172.212,172.356,172.452,172.507,172.225,172.371
3149,GBP_JPY,2023-05-26T01:00:00.000000000Z,8191,172.338,172.495,172.236,172.425,172.354,172.509,172.252,172.440,172.369,172.523,172.265,172.454
3150,GBP_JPY,2023-05-26T02:00:00.000000000Z,5282,172.428,172.441,172.297,172.353,172.442,172.455,172.312,172.366,172.455,172.471,172.326,172.379
3151,GBP_JPY,2023-05-26T03:00:00.000000000Z,3841,172.353,172.445,172.306,172.394,172.366,172.459,172.320,172.410,172.378,172.474,172.334,172.425
3152,GBP_JPY,2023-05-26T04:00:00.000000000Z,3404,172.395,172.418,172.269,172.320,172.410,172.432,172.284,172.335,172.424,172.447,172.297,172.350
3153,GBP_JPY,2023-05-26T05:00:00.000000000Z,5805,172.320,172.476,172.289,172.332,172.334,172.492,172.302,172.355,172.348,172.507,172.315,172.378
3154,GBP_JPY,2023-05-26T06:00:00.000000000Z,9576,172.317,172.521,172.229,172.338,172.340,172.534,172.246,172.352,172.363,172.549,172.262,172.367
3155,GBP_JPY,2023-05-26T07:00:00.000000000Z,11443,172.339,172.614,172.225,172.285,172.353,172.628,172.242,172.300,172.367,172.643,172.255,172.316
3156,GBP_JPY,2023-05-26T08:00:00.000000000Z,9730,172.287,172.760,172.260,172.535,172.302,172.776,172.276,172.548,172.316,172.792,172.291,172.560
3157,GBP_JPY,2023-05-26T09:00:00.000000000Z,7893,172.533,172.669,172.481,172.605,172.546,172.685,172.495,172.618,172.559,172.701,172.509,172.632
3158,GBP_JPY,2023-05-26T10:00:00.000000000Z,8225,172.603,172.915,172.525,172.910,172.616,172.928,172.539,172.924,172.629,172.942,172.552,172.939
3159,GBP_JPY,2023-05-26T11:00:00.000000000Z,8329,172.909,173.198,172.884,173.088,172.922,173.209,172.899,173.101,172.936,173.223,172.912,173.114
3160,GBP_JPY,2023-05-26T12:00:00.000000000Z,15992,173.093,173.430,172.924,173.259,173.105,173.442,172.972,173.272,173.117,173.455,172.986,173.284
3161,GBP_JPY,2023-05-26T13:00:00.000000000Z,15362,173.259,173.420,173.146,173.264,173.272,173.435,173.162,173.296,173.285,173.450,173.176,173.328
3162,GBP_JPY,2023-05-26T14:00:00.000000000Z,18971,173.262,173.266,172.886,173.217,173.295,173.296,172.900,173.230,173.328,173.347,172.914,173.244
3163,GBP_JPY,2023-05-26T15:00:00.000000000Z,12737,173.217,173.405,173.170,173.377,173.230,173.417,173.186,173.390,173.242,173.429,173.200,173.402
3164,GBP_JPY,2023-05-26T16:00:00.000000000Z,6562,173.376,173.548,173.347,173.504,173.389,173.562,173.360,173.517,173.402,173.575,173.374,173.530
3165,GBP_JPY,2023-05-26T17:00:00.000000000Z,6003,173.509,173.724,173.471,173.691,173.522,173.740,173.485,173.704,173.535,173.756,173.498,173.717
3166,GBP_JPY,2023-05-26T18:00:00.000000000Z,4942,173.689,173.722,173.619,173.668,173.702,173.734,173.632,173.680,173.715,173.748,173.646,173.691
3167,GBP_JPY,2023-05-26T19:00:00.000000000Z,4625,173.666,173.702,173.577,173.596,173.678,173.714,173.593,173.608,173.691,173.727,173.605,173.620
3168,GBP_JPY,2023-05-26T20:00:00.000000000Z,3864,173.593,173.667,173.506,173.557,173.606,173.690,173.539,173.632,173.619,173.723,173.552,173.707
3169,GBP_JPY,2023-05-28T21:00:00.000000000Z,153,173.481,173.629,173.392,173.624,173.556,173.697,173.467,173.693,173.631,173.765,173.542,173.762
3170,GBP_JPY,2023-05-28T22:00:00.000000000Z,5613,173.613,173.949,173.602,173.789,173.676,173.984,173.665,173.804,173.738,174.018,173.717,173.820
3171,GBP_JPY,2023-05-28T23:00:00.000000000Z,4984,173.784,173.946,173.753,173.915,173.802,173.962,173.770,173.930,173.821,173.979,173.786,173.946
3172,GBP_JPY,2023-05-29T00:00:00.000000000Z,6078,173.913,173.928,173.682,173.767,173.928,173.942,173.698,173.782,173.944,173.958,173.713,173.797
3173,GBP_JPY,2023-05-29T01:00:00.000000000Z,6700,173.770,173.790,173.515,173.592,173.785,173.804,173.531,173.608,173.800,173.819,173.547,173.625
3174,GBP_JPY,2023-05-29T02:00:00.000000000Z,4606,173.591,173.650,173.442,173.527,173.608,173.664,173.456,173.542,173.626,173.681,173.471,173.558
3175,GBP_JPY,2023-05-29T03:00:00.000000000Z,3527,173.528,173.638,173.516,173.584,173.543,173.652,173.532,173.599,173.558,173.668,173.547,173.614
3176,GBP_JPY,2023-05-29T04:00:00.000000000Z,3657,173.584,173.633,173.414,173.473,173.600,173.650,173.430,173.490,173.616,173.666,173.446,173.506
3177,GBP_JPY,2023-05-29T05:00:00.000000000Z,4160,173.473,173.521,173.372,173.382,173.488,173.538,173.390,173.396,173.504,173.555,173.404,173.409
3178,GBP_JPY,2023-05-29T06:00:00.000000000Z,5527,173.383,173.562,173.346,173.544,173.397,173.576,173.362,173.558,173.411,173.591,173.376,173.571
3179,GBP_JPY,2023-05-29T07:00:00.000000000Z,6551,173.544,173.610,173.255,173.328,173.558,173.623,173.270,173.342,173.573,173.636,173.285,173.355
3180,GBP_JPY,2023-05-29T08:00:00.000000000Z,6011,173.327,173.453,173.231,173.238,173.342,173.467,173.246,173.252,173.357,173.484,173.261,173.265
3181,GBP_JPY,2023-05-29T09:00:00.000000000Z,5832,173.234,173.278,173.005,173.135,173.251,173.294,173.019,173.150,173.268,173.311,173.033,173.165
3182,GBP_JPY,2023-05-29T10:00:00.000000000Z,4077,173.133,173.193,173.085,173.171,173.148,173.207,173.099,173.183,173.162,173.221,173.113,173.195
3183,GBP_JPY,2023-05-29T11:00:00.000000000Z,4459,173.170,173.189,173.050,173.105,173.183,173.202,173.067,173.120,173.196,173.216,173.082,173.136
3184,GBP_JPY,2023-05-29T12:00:00.000000000Z,4513,173.104,173.145,172.936,173.098,173.121,173.162,172.952,173.113,173.138,173.179,172.968,173.128
3185,GBP_JPY,2023-05-29T13:00:00.000000000Z,4307,173.096,173.135,172.982,173.120,173.111,173.150,172.998,173.133,173.126,173.164,173.011,173.146
3186,GBP_JPY,2023-05-29T14:00:00.000000000Z,3089,173.118,173.282,173.096,173.254,173.132,173.296,173.110,173.269,173.146,173.312,173.124,173.284
3187,GBP_JPY,2023-05-29T15:00:00.000000000Z,2446,173.249,173.410,173.248,173.410,173.264,173.423,173.264,173.423,173.279,173.436,173.279,173.436
3188,GBP_JPY,2023-05-29T16:00:00.000000000Z,1381,173.407,173.481,173.367,173.451,173.421,173.494,173.382,173.466,173.435,173.507,173.397,173.482
3189,GBP_JPY,2023-05-29T17:00:00.000000000Z,616,173.452,173.480,173.430,173.479,173.467,173.496,173.446,173.496,173.482,173.517,173.462,173.512
3190,GBP_JPY,2023-05-29T18:00:00.000000000Z,935,173.478,173.495,173.449,173.481,173.494,173.512,173.464,173.496,173.510,173.528,173.478,173.510
3191,GBP_JPY,2023-05-29T19:00:00.000000000Z,949,173.478,173.531,173.445,173.529,173.494,173.546,173.462,173.544,173.510,173.562,173.479,173.559
3192,GBP_JPY,2023-05-29T20:00:00.000000000Z,1131,173.519,173.548,173.463,173.479,173.537,173.565,173.483,173.510,173.555,173.582,173.498,173.542
3193,GBP_JPY,2023-05-29T21:00:00.000000000Z,341,173.441,173.521,173.382,173.418,173.516,173.584,173.457,173.493,173.591,173.653,173.532,173.568
3194,GBP_JPY,2023-05-29T22:00:00.000000000Z,3641,173.413,173.610,173.391,173.598,173.488,173.628,173.441,173.618,173.563,173.648,173.460,173.638
3195,GBP_JPY,2023-05-29T23:00:00.000000000Z,3033,173.596,173.597,173.397,173.433,173.617,173.617,173.412,173.452,173.638,173.638,173.423,173.470
3196,GBP_JPY,2023-05-30T00:00:00.000000000Z,8094,173.434,173.602,173.232,173.313,173.452,173.614,173.250,173.327,173.469,173.630,173.266,173.341
3197,GBP_JPY,2023-05-30T01:00:00.000000000Z,7815,173.312,173.356,173.170,173.288,173.326,173.372,173.186,173.304,173.339,173.388,173.200,173.319
3198,GBP_JPY,2023-05-30T02:00:00.000000000Z,4771,173.289,173.303,173.165,173.189,173.304,173.318,173.180,173.202,173.318,173.334,173.193,173.216
3199,GBP_JPY,2023-05-30T03:00:00.000000000Z,5286,173.188,173.210,173.076,173.177,173.202,173.224,173.090,173.192,173.216,173.239,173.105,173.206
3200,GBP_JPY,2023-05-30T04:00:00.000000000Z,4709,173.175,173.399,173.174,173.383,173.191,173.414,173.190,173.400,173.207,173.430,173.204,173.417
3201,GBP_JPY,2023-05-30T05:00:00.000000000Z,8174,173.384,173.493,173.297,173.458,173.400,173.507,173.312,173.473,173.415,173.522,173.328,173.488
3202,GBP_JPY,2023-05-30T06:00:00.000000000Z,11511,173.472,173.817,173.162,173.334,173.487,173.832,173.182,173.348,173.502,173.847,173.203,173.363
3203,GBP_JPY,2023-05-30T07:00:00.000000000Z,14353,173.296,173.417,172.980,173.289,173.316,173.431,172.998,173.303,173.335,173.446,173.014,173.317
3204,GBP_JPY,2023-05-30T08:00:00.000000000Z,10721,173.289,173.491,173.219,173.459,173.302,173.504,173.232,173.476,173.315,173.519,173.244,173.494
3205,GBP_JPY,2023-05-30T09:00:00.000000000Z,14380,173.460,174.140,173.410,174.051,173.476,174.158,173.425,174.065,173.491,174.176,173.438,174.079
3206,GBP_JPY,2023-05-30T10:00:00.000000000Z,9111,174.049,174.269,173.996,174.129,174.063,174.282,174.014,174.142,174.077,174.296,174.032,174.155
3207,GBP_JPY,2023-05-30T11:00:00.000000000Z,10411,174.131,174.186,173.612,173.645,174.144,174.200,173.626,173.659,174.156,174.214,173.640,173.673
3208,GBP_JPY,2023-05-30T12:00:00.000000000Z,10855,173.646,173.862,173.597,173.697,173.660,173.875,173.614,173.712,173.675,173.889,173.629,173.726
3209,GBP_JPY,2023-05-30T13:00:00.000000000Z,12747,173.697,174.019,173.690,173.894,173.710,174.031,173.704,173.920,173.724,174.045,173.717,173.947
3210,GBP_JPY,2023-05-30T14:00:00.000000000Z,14827,173.880,174.073,173.282,173.449,173.912,174.088,173.296,173.462,173.943,174.103,173.309,173.475
3211,GBP_JPY,2023-05-30T15:00:00.000000000Z,9614,173.448,173.511,173.271,173.404,173.462,173.524,173.284,173.416,173.476,173.538,173.296,173.428
3212,GBP_JPY,2023-05-30T16:00:00.000000000Z,6633,173.406,173.519,173.194,173.464,173.418,173.530,173.209,173.478,173.430,173.543,173.224,173.491
3213,GBP_JPY,2023-05-30T17:00:00.000000000Z,6084,173.464,173.466,173.079,173.105,173.476,173.479,173.094,173.118,173.489,173.492,173.106,173.131
3214,GBP_JPY,2023-05-30T18:00:00.000000000Z,5505,173.106,173.356,173.053,173.299,173.118,173.368,173.068,173.312,173.131,173.380,173.082,173.326
3215,GBP_JPY,2023-05-30T19:00:00.000000000Z,5471,173.296,173.416,173.224,173.411,173.310,173.428,173.239,173.424,173.323,173.440,173.251,173.436
3216,GBP_JPY,2023-05-30T20:00:00.000000000Z,2761,173.411,173.506,173.390,173.492,173.424,173.524,173.404,173.512,173.438,173.542,173.417,173.532
3217,GBP_JPY,2023-05-30T21:00:00.000000000Z,331,173.422,173.488,173.381,173.488,173.497,173.559,173.456,173.536,173.572,173.634,173.531,173.585
3218,GBP_JPY,2023-05-30T22:00:00.000000000Z,3025,173.486,173.541,173.363,173.412,173.536,173.585,173.385,173.430,173.586,173.645,173.407,173.448
3219,GBP_JPY,2023-05-30T23:00:00.000000000Z,2955,173.412,173.520,173.380,173.504,173.429,173.536,173.395,173.520,173.446,173.554,173.410,173.537
3220,GBP_JPY,2023-05-31T00:00:00.000000000Z,6835,173.502,173.604,173.362,173.491,173.518,173.618,173.380,173.507,173.534,173.634,173.396,173.523
3221,GBP_JPY,2023-05-31T01:00:00.000000000Z,8178,173.492,173.633,173.302,173.328,173.507,173.652,173.316,173.342,173.522,173.672,173.331,173.356
3222,GBP_JPY,2023-05-31T02:00:00.000000000Z,5820,173.325,173.364,173.190,173.212,173.340,173.380,173.205,173.227,173.355,173.395,173.220,173.242
3223,GBP_JPY,2023-05-31T03:00:00.000000000Z,4096,173.212,173.251,173.142,173.157,173.226,173.266,173.159,173.174,173.240,173.280,173.173,173.192
3224,GBP_JPY,2023-05-31T04:00:00.000000000Z,3933,173.159,173.282,173.115,173.233,173.174,173.298,173.130,173.250,173.189,173.315,173.145,173.267
3225,GBP_JPY,2023-05-31T05:00:00.000000000Z,9881,173.234,173.234,172.605,172.814,173.250,173.250,172.621,172.827,173.266,173.267,172.637,172.840
3226,GBP_JPY,2023-05-31T06:00:00.000000000Z,11059,172.818,172.851,172.518,172.609,172.832,172.865,172.532,172.622,172.845,172.879,172.545,172.635
3227,GBP_JPY,2023-05-31T07:00:00.000000000Z,12291,172.620,172.857,172.520,172.733,172.634,172.870,172.534,172.746,172.649,172.884,172.548,172.760
3228,GBP_JPY,2023-05-31T08:00:00.000000000Z,10844,172.732,172.895,172.517,172.856,172.747,172.908,172.530,172.870,172.762,172.922,172.542,172.885
3229,GBP_JPY,2023-05-31T09:00:00.000000000Z,8420,172.856,173.020,172.806,172.885,172.870,173.034,172.819,172.898,172.884,173.047,172.832,172.910
3230,GBP_JPY,2023-05-31T10:00:00.000000000Z,7030,172.884,173.160,172.727,173.107,172.896,173.171,172.738,173.120,172.907,173.184,172.749,173.133
3231,GBP_JPY,2023-05-31T11:00:00.000000000Z,6727,173.109,173.118,172.670,172.676,173.122,173.130,172.682,172.688,173.136,173.143,172.694,172.700
3232,GBP_JPY,2023-05-31T12:00:00.000000000Z,9290,172.680,172.926,172.545,172.842,172.692,172.938,172.558,172.852,172.704,172.952,172.570,172.863
3233,GBP_JPY,2023-05-31T13:00:00.000000000Z,13377,172.841,173.431,172.741,173.093,172.852,173.443,172.752,173.118,172.864,173.455,172.763,173.142
3234,GBP_JPY,2023-05-31T14:00:00.000000000Z,23278,173.090,173.611,173.010,173.154,173.114,173.628,173.024,173.166,173.139,173.646,173.038,173.178
3235,GBP_JPY,2023-05-31T15:00:00.000000000Z,14090,173.153,173.330,172.937,173.224,173.166,173.344,172.950,173.236,173.179,173.357,172.961,173.247
3236,GBP_JPY,2023-05-31T16:00:00.000000000Z,8883,173.223,173.293,173.011,173.062,173.236,173.306,173.026,173.074,173.249,173.319,173.038,173.086
3237,GBP_JPY,2023-05-31T17:00:00.000000000Z,9565,173.063,173.226,172.964,173.121,173.076,173.240,172.978,173.134,173.088,173.254,172.991,173.147
3238,GBP_JPY,2023-05-31T18:00:00.000000000Z,8069,173.122,173.235,173.013,173.030,173.136,173.248,173.026,173.042,173.149,173.261,173.037,173.055
3239,GBP_JPY,2023-05-31T19:00:00.000000000Z,8102,173.029,173.296,172.948,173.288,173.041,173.310,172.964,173.304,173.053,173.325,172.977,173.320
3240,GBP_JPY,2023-05-31T20:00:00.000000000Z,4290,173.289,173.385,173.211,173.352,173.304,173.399,173.226,173.380,173.319,173.421,173.239,173.407
3241,GBP_JPY,2023-05-31T21:00:00.000000000Z,399,173.253,173.269,173.166,173.251,173.328,173.344,173.240,173.326,173.403,173.419,173.300,173.401
3242,GBP_JPY,2023-05-31T22:00:00.000000000Z,5196,173.233,173.299,173.139,173.190,173.308,173.374,173.160,173.210,173.383,173.449,173.180,173.229
3243,GBP_JPY,2023-05-31T23:00:00.000000000Z,4148,173.189,173.200,172.955,173.146,173.210,173.220,172.970,173.162,173.231,173.242,172.986,173.177
3244,GBP_JPY,2023-06-01T00:00:00.000000000Z,7277,173.142,173.352,173.009,173.128,173.159,173.369,173.029,173.144,173.176,173.386,173.048,173.159
3245,GBP_JPY,2023-06-01T01:00:00.000000000Z,8574,173.127,173.448,173.041,173.392,173.144,173.463,173.060,173.408,173.160,173.479,173.078,173.423
3246,GBP_JPY,2023-06-01T02:00:00.000000000Z,7387,173.391,173.570,173.327,173.424,173.408,173.582,173.342,173.438,173.424,173.598,173.356,173.452
3247,GBP_JPY,2023-06-01T03:00:00.000000000Z,4909,173.424,173.542,173.396,173.424,173.439,173.558,173.411,173.440,173.454,173.575,173.425,173.456
3248,GBP_JPY,2023-06-01T04:00:00.000000000Z,4726,173.422,173.511,173.316,173.320,173.438,173.526,173.331,173.334,173.455,173.543,173.345,173.349
3249,GBP_JPY,2023-06-01T05:00:00.000000000Z,5554,173.317,173.599,173.313,173.589,173.333,173.612,173.328,173.602,173.349,173.626,173.343,173.616
3250,GBP_JPY,2023-06-01T06:00:00.000000000Z,8402,173.587,173.833,173.501,173.782,173.600,173.846,173.514,173.796,173.614,173.860,173.528,173.810
3251,GBP_JPY,2023-06-01T07:00:00.000000000Z,11206,173.785,173.815,173.523,173.600,173.798,173.829,173.536,173.612,173.811,173.843,173.549,173.625
3252,GBP_JPY,2023-06-01T08:00:00.000000000Z,9969,173.597,173.914,173.422,173.770,173.610,173.930,173.438,173.784,173.622,173.945,173.453,173.798
3253,GBP_JPY,2023-06-01T09:00:00.000000000Z,8702,173.768,173.985,173.685,173.973,173.783,173.998,173.706,173.986,173.798,174.012,173.722,173.998
3254,GBP_JPY,2023-06-01T10:00:00.000000000Z,7961,173.974,174.102,173.884,173.910,173.987,174.114,173.897,173.922,174.000,174.126,173.909,173.933
3255,GBP_JPY,2023-06-01T11:00:00.000000000Z,8924,173.906,174.099,173.801,173.878,173.918,174.112,173.817,173.892,173.931,174.127,173.831,173.907
3256,GBP_JPY,2023-06-01T12:00:00.000000000Z,17976,173.878,174.119,173.592,173.671,173.892,174.194,173.608,173.684,173.905,174.269,173.624,173.697
3257,GBP_JPY,2023-06-01T13:00:00.000000000Z,15534,173.665,173.784,173.420,173.694,173.678,173.801,173.435,173.751,173.691,173.819,173.450,173.808
3258,GBP_JPY,2023-06-01T14:00:00.000000000Z,18333,173.688,174.095,173.273,173.931,173.744,174.108,173.296,173.944,173.800,174.122,173.320,173.958
3259,GBP_JPY,2023-06-01T15:00:00.000000000Z,11307,173.934,173.985,173.748,173.880,173.946,174.000,173.764,173.892,173.959,174.014,173.780,173.905
3260,GBP_JPY,2023-06-01T16:00:00.000000000Z,7411,173.882,174.070,173.821,173.937,173.896,174.081,173.837,173.949,173.910,174.094,173.853,173.961
3261,GBP_JPY,2023-06-01T17:00:00.000000000Z,4940,173.944,174.014,173.846,174.003,173.957,174.026,173.860,174.016,173.970,174.038,173.873,174.028
3262,GBP_JPY,2023-06-01T18:00:00.000000000Z,4409,174.005,174.005,173.850,173.915,174.016,174.016,173.862,173.928,174.028,174.028,173.875,173.940
3263,GBP_JPY,2023-06-01T19:00:00.000000000Z,4771,173.915,173.977,173.772,173.909,173.927,173.989,173.784,173.922,173.939,174.001,173.795,173.934
3264,GBP_JPY,2023-06-01T20:00:00.000000000Z,1768,173.906,173.929,173.801,173.854,173.918,173.941,173.816,173.877,173.931,173.953,173.829,173.900
3265,GBP_JPY,2023-06-01T21:00:00.000000000Z,734,173.853,173.898,173.790,173.810,173.928,173.973,173.858,173.879,174.003,174.048,173.925,173.948
3266,GBP_JPY,2023-06-01T22:00:00.000000000Z,2660,173.796,173.861,173.712,173.842,173.864,173.880,173.752,173.860,173.932,173.955,173.771,173.879
3267,GBP_JPY,2023-06-01T23:00:00.000000000Z,2182,173.836,173.867,173.761,173.781,173.854,173.884,173.777,173.798,173.871,173.901,173.793,173.814
3268,GBP_JPY,2023-06-02T00:00:00.000000000Z,6018,173.779,174.054,173.737,174.029,173.796,174.070,173.756,174.045,173.812,174.086,173.772,174.061
3269,GBP_JPY,2023-06-02T01:00:00.000000000Z,6047,174.031,174.158,173.931,174.019,174.045,174.172,173.946,174.034,174.059,174.187,173.961,174.048
3270,GBP_JPY,2023-06-02T02:00:00.000000000Z,4634,174.020,174.077,173.927,173.973,174.036,174.092,173.943,173.990,174.051,174.108,173.958,174.006
3271,GBP_JPY,2023-06-02T03:00:00.000000000Z,5120,173.973,173.973,173.847,173.948,173.988,173.989,173.862,173.962,174.004,174.006,173.878,173.975
3272,GBP_JPY,2023-06-02T04:00:00.000000000Z,3927,173.947,174.066,173.911,174.038,173.962,174.080,173.927,174.052,173.976,174.095,173.943,174.067
3273,GBP_JPY,2023-06-02T05:00:00.000000000Z,5457,174.039,174.186,174.012,174.107,174.052,174.201,174.027,174.122,174.066,174.217,174.041,174.138
3274,GBP_JPY,2023-06-02T06:00:00.000000000Z,8031,174.109,174.171,174.033,174.107,174.124,174.185,174.049,174.120,174.138,174.199,174.065,174.133
3275,GBP_JPY,2023-06-02T07:00:00.000000000Z,10519,174.106,174.181,173.937,174.110,174.120,174.194,173.952,174.124,174.135,174.207,173.965,174.138
3276,GBP_JPY,2023-06-02T08:00:00.000000000Z,8909,174.108,174.230,174.003,174.023,174.122,174.245,174.019,174.038,174.137,174.260,174.033,174.052
3277,GBP_JPY,2023-06-02T09:00:00.000000000Z,8000,174.021,174.120,173.841,173.898,174.038,174.132,173.856,173.912,174.055,174.143,173.870,173.927
3278,GBP_JPY,2023-06-02T10:00:00.000000000Z,5708,173.897,174.071,173.884,173.999,173.910,174.085,173.898,174.009,173.924,174.100,173.912,174.019
3279,GBP_JPY,2023-06-02T11:00:00.000000000Z,7575,174.001,174.083,173.898,173.962,174.010,174.096,173.916,173.976,174.020,174.110,173.932,173.991
3280,GBP_JPY,2023-06-02T12:00:00.000000000Z,18552,173.962,174.304,173.828,174.242,173.976,174.338,173.850,174.256,173.990,174.384,173.872,174.271
3281,GBP_JPY,2023-06-02T13:00:00.000000000Z,17452,174.242,174.670,174.168,174.531,174.257,174.682,174.181,174.546,174.272,174.696,174.194,174.561
3282,GBP_JPY,2023-06-02T14:00:00.000000000Z,16039,174.534,174.563,174.222,174.285,174.548,174.576,174.235,174.298,174.562,174.593,174.248,174.311
3283,GBP_JPY,2023-06-02T15:00:00.000000000Z,9515,174.290,174.366,174.115,174.222,174.302,174.380,174.128,174.234,174.315,174.393,174.141,174.247
3284,GBP_JPY,2023-06-02T16:00:00.000000000Z,7054,174.223,174.288,174.127,174.152,174.235,174.300,174.140,174.164,174.247,174.314,174.151,174.176
3285,GBP_JPY,2023-06-02T17:00:00.000000000Z,5209,174.151,174.309,174.142,174.297,174.164,174.322,174.152,174.308,174.177,174.335,174.161,174.318
3286,GBP_JPY,2023-06-02T18:00:00.000000000Z,5348,174.295,174.344,174.150,174.235,174.307,174.353,174.164,174.248,174.319,174.362,174.177,174.260
3287,GBP_JPY,2023-06-02T19:00:00.000000000Z,4609,174.233,174.297,174.192,174.259,174.246,174.310,174.206,174.272,174.259,174.324,174.220,174.285
3288,GBP_JPY,2023-06-02T20:00:00.000000000Z,2729,174.263,174.300,174.188,174.194,174.275,174.324,174.226,174.269,174.287,174.384,174.245,174.344
3289,GBP_JPY,2023-06-04T21:00:00.000000000Z,155,174.325,174.338,174.178,174.182,174.400,174.413,174.253,174.257,174.475,174.488,174.328,174.332
3290,GBP_JPY,2023-06-04T22:00:00.000000000Z,3235,174.205,174.348,174.177,174.181,174.280,174.366,174.195,174.196,174.355,174.434,174.209,174.212
3291,GBP_JPY,2023-06-04T23:00:00.000000000Z,4150,174.181,174.291,174.180,174.278,174.196,174.307,174.195,174.295,174.210,174.324,174.210,174.312
3292,GBP_JPY,2023-06-05T00:00:00.000000000Z,6366,174.281,174.302,174.092,174.165,174.298,174.317,174.106,174.180,174.314,174.333,174.118,174.196
3293,GBP_JPY,2023-06-05T01:00:00.000000000Z,7451,174.167,174.325,174.064,174.273,174.183,174.342,174.081,174.289,174.199,174.358,174.097,174.305
3294,GBP_JPY,2023-06-05T02:00:00.000000000Z,4468,174.275,174.311,174.148,174.167,174.290,174.326,174.164,174.182,174.304,174.343,174.178,174.197
3295,GBP_JPY,2023-06-05T03:00:00.000000000Z,4537,174.167,174.246,174.121,174.193,174.182,174.261,174.136,174.208,174.196,174.277,174.151,174.224
3296,GBP_JPY,2023-06-05T04:00:00.000000000Z,3299,174.197,174.231,174.029,174.150,174.212,174.245,174.046,174.164,174.226,174.259,174.061,174.178
3297,GBP_JPY,2023-06-05T05:00:00.000000000Z,4934,174.152,174.161,174.021,174.109,174.164,174.175,174.038,174.122,174.177,174.190,174.055,174.135
3298,GBP_JPY,2023-06-05T06:00:00.000000000Z,8463,174.109,174.238,174.044,174.127,174.123,174.252,174.058,174.140,174.137,174.268,174.072,174.153
3299,GBP_JPY,2023-06-05T07:00:00.000000000Z,11432,174.130,174.251,173.933,174.078,174.144,174.263,173.946,174.092,174.157,174.276,173.960,174.106
3300,GBP_JPY,2023-06-05T08:00:00.000000000Z,8922,174.082,174.167,173.851,174.025,174.096,174.180,173.866,174.039,174.110,174.195,173.881,174.053
3301,GBP_JPY,2023-06-05T09:00:00.000000000Z,7095,174.024,174.054,173.848,173.862,174.038,174.070,173.862,173.876,174.051,174.087,173.875,173.889
3302,GBP_JPY,2023-06-05T10:00:00.000000000Z,6118,173.861,173.901,173.766,173.814,173.875,173.913,173.779,173.827,173.889,173.926,173.792,173.840
3303,GBP_JPY,2023-06-05T11:00:00.000000000Z,6835,173.815,173.845,173.646,173.687,173.827,173.858,173.661,173.702,173.839,173.871,173.674,173.716
3304,GBP_JPY,2023-06-05T12:00:00.000000000Z,8455,173.686,173.773,173.320,173.459,173.702,173.786,173.333,173.472,173.717,173.799,173.346,173.484
3305,GBP_JPY,2023-06-05T13:00:00.000000000Z,10782,173.462,173.587,173.243,173.285,173.474,173.600,173.257,173.356,173.485,173.615,173.271,173.426
3306,GBP_JPY,2023-06-05T14:00:00.000000000Z,20145,173.104,173.311,172.840,173.290,173.179,173.323,172.854,173.302,173.254,173.335,172.867,173.315
3307,GBP_JPY,2023-06-05T15:00:00.000000000Z,9913,173.289,173.755,173.277,173.681,173.302,173.769,173.291,173.694,173.315,173.783,173.305,173.708
3308,GBP_JPY,2023-06-05T16:00:00.000000000Z,6000,173.681,173.776,173.554,173.727,173.694,173.790,173.568,173.740,173.706,173.804,173.581,173.754
3309,GBP_JPY,2023-06-05T17:00:00.000000000Z,4924,173.729,173.831,173.636,173.738,173.742,173.844,173.651,173.752,173.756,173.859,173.663,173.767
3310,GBP_JPY,2023-06-05T18:00:00.000000000Z,6419,173.741,173.767,173.475,173.608,173.754,173.780,173.489,173.620,173.767,173.794,173.503,173.633
3311,GBP_JPY,2023-06-05T19:00:00.000000000Z,5795,173.605,173.606,173.404,173.471,173.618,173.618,173.418,173.485,173.631,173.631,173.432,173.499
3312,GBP_JPY,2023-06-05T20:00:00.000000000Z,1953,173.472,173.561,173.437,173.516,173.486,173.575,173.452,173.536,173.499,173.591,173.466,173.556
3313,GBP_JPY,2023-06-05T21:00:00.000000000Z,463,173.502,173.512,173.360,173.446,173.577,173.587,173.435,173.514,173.652,173.662,173.510,173.581
3314,GBP_JPY,2023-06-05T22:00:00.000000000Z,3044,173.447,173.549,173.384,173.389,173.511,173.569,173.404,173.409,173.575,173.612,173.423,173.429
3315,GBP_JPY,2023-06-05T23:00:00.000000000Z,3094,173.385,173.387,173.177,173.311,173.404,173.406,173.195,173.328,173.423,173.426,173.210,173.345
3316,GBP_JPY,2023-06-06T00:00:00.000000000Z,5183,173.310,173.563,173.275,173.537,173.326,173.579,173.292,173.553,173.342,173.596,173.308,173.569
3317,GBP_JPY,2023-06-06T01:00:00.000000000Z,5896,173.535,173.678,173.496,173.604,173.551,173.692,173.510,173.619,173.567,173.708,173.524,173.634
3318,GBP_JPY,2023-06-06T02:00:00.000000000Z,5109,173.602,173.711,173.589,173.645,173.619,173.726,173.607,173.660,173.636,173.743,173.624,173.675
3319,GBP_JPY,2023-06-06T03:00:00.000000000Z,4124,173.645,173.652,173.511,173.605,173.659,173.666,173.528,173.620,173.673,173.683,173.544,173.636
3320,GBP_JPY,2023-06-06T04:00:00.000000000Z,5689,173.606,173.764,173.569,173.604,173.622,173.780,173.586,173.618,173.638,173.795,173.601,173.633
3321,GBP_JPY,2023-06-06T05:00:00.000000000Z,5774,173.607,173.659,173.507,173.596,173.622,173.674,173.522,173.610,173.636,173.690,173.536,173.624
3322,GBP_JPY,2023-06-06T06:00:00.000000000Z,9179,173.597,173.616,173.265,173.324,173.610,173.630,173.280,173.338,173.623,173.646,173.295,173.351
3323,GBP_JPY,2023-06-06T07:00:00.000000000Z,13081,173.326,173.365,172.883,173.195,173.340,173.380,172.898,173.208,173.355,173.395,172.912,173.222
3324,GBP_JPY,2023-06-06T08:00:00.000000000Z,10682,173.196,173.203,172.862,172.905,173.210,173.216,172.874,172.918,173.225,173.231,172.886,172.932
3325,GBP_JPY,2023-06-06T09:00:00.000000000Z,7869,172.906,172.949,172.670,172.851,172.920,172.962,172.681,172.863,172.934,172.976,172.692,172.875
3326,GBP_JPY,2023-06-06T10:00:00.000000000Z,6423,172.849,173.126,172.791,173.105,172.861,173.138,172.805,173.118,172.873,173.151,172.818,173.131
3327,GBP_JPY,2023-06-06T11:00:00.000000000Z,6720,173.107,173.260,173.058,173.093,173.120,173.274,173.073,173.108,173.133,173.288,173.086,173.123
3328,GBP_JPY,2023-06-06T12:00:00.000000000Z,10281,173.094,173.397,173.084,173.327,173.108,173.409,173.100,173.340,173.123,173.421,173.115,173.352
3329,GBP_JPY,2023-06-06T13:00:00.000000000Z,11372,173.325,173.502,173.189,173.451,173.338,173.515,173.202,173.464,173.352,173.529,173.215,173.476
3330,GBP_JPY,2023-06-06T14:00:00.000000000Z,11312,173.456,173.658,173.383,173.390,173.469,173.672,173.394,173.402,173.482,173.687,173.406,173.414
3331,GBP_JPY,2023-06-06T15:00:00.000000000Z,8916,173.389,173.533,173.308,173.411,173.402,173.546,173.320,173.423,173.416,173.558,173.333,173.435
3332,GBP_JPY,2023-06-06T16:00:00.000000000Z,6447,173.412,173.561,173.355,173.547,173.423,173.574,173.366,173.559,173.434,173.586,173.377,173.571
3333,GBP_JPY,2023-06-06T17:00:00.000000000Z,4887,173.549,173.593,173.441,173.533,173.561,173.608,173.456,173.545,173.573,173.623,173.469,173.557
3334,GBP_JPY,2023-06-06T18:00:00.000000000Z,4299,173.533,173.615,173.432,173.580,173.546,173.628,173.446,173.592,173.559,173.642,173.458,173.604
3335,GBP_JPY,2023-06-06T19:00:00.000000000Z,3834,173.582,173.622,173.515,173.553,173.594,173.633,173.529,173.565,173.605,173.644,173.540,173.577
3336,GBP_JPY,2023-06-06T20:00:00.000000000Z,1698,173.552,173.560,173.465,173.466,173.565,173.572,173.483,173.484,173.578,173.586,173.498,173.501
3337,GBP_JPY,2023-06-06T21:00:00.000000000Z,334,173.506,173.506,173.386,173.386,173.581,173.581,173.438,173.438,173.656,173.656,173.490,173.491
3338,GBP_JPY,2023-06-06T22:00:00.000000000Z,2153,173.402,173.471,173.375,173.418,173.454,173.489,173.394,173.436,173.507,173.536,173.414,173.453
3339,GBP_JPY,2023-06-06T23:00:00.000000000Z,2056,173.420,173.492,173.384,173.408,173.438,173.507,173.402,173.422,173.455,173.522,173.416,173.435
3340,GBP_JPY,2023-06-07T00:00:00.000000000Z,5703,173.410,173.526,173.255,173.259,173.423,173.542,173.269,173.274,173.436,173.558,173.283,173.288
3341,GBP_JPY,2023-06-07T01:00:00.000000000Z,8205,173.254,173.277,173.009,173.144,173.269,173.290,173.022,173.159,173.284,173.304,173.035,173.174
3342,GBP_JPY,2023-06-07T02:00:00.000000000Z,5668,173.144,173.144,172.928,172.936,173.160,173.160,172.943,172.952,173.175,173.176,172.958,172.969
3343,GBP_JPY,2023-06-07T03:00:00.000000000Z,4692,172.938,173.088,172.897,173.078,172.954,173.104,172.914,173.093,172.969,173.120,172.929,173.108
3344,GBP_JPY,2023-06-07T04:00:00.000000000Z,3446,173.077,173.109,172.889,172.987,173.093,173.124,172.904,173.002,173.109,173.139,172.920,173.018
3345,GBP_JPY,2023-06-07T05:00:00.000000000Z,5354,172.986,173.034,172.777,172.821,173.002,173.049,172.791,172.834,173.018,173.066,172.805,172.847
3346,GBP_JPY,2023-06-07T06:00:00.000000000Z,6976,172.816,172.897,172.700,172.735,172.830,172.912,172.714,172.748,172.845,172.927,172.728,172.761
3347,GBP_JPY,2023-06-07T07:00:00.000000000Z,9385,172.736,173.065,172.659,173.046,172.750,173.079,172.673,173.061,172.763,173.093,172.687,173.076
3348,GBP_JPY,2023-06-07T08:00:00.000000000Z,7346,173.044,173.358,173.017,173.350,173.058,173.372,173.032,173.363,173.072,173.387,173.047,173.376
3349,GBP_JPY,2023-06-07T09:00:00.000000000Z,7372,173.352,173.390,173.153,173.351,173.365,173.404,173.166,173.365,173.378,173.419,173.179,173.379
3350,GBP_JPY,2023-06-07T10:00:00.000000000Z,7710,173.350,173.644,173.337,173.581,173.363,173.657,173.351,173.597,173.376,173.673,173.365,173.613
3351,GBP_JPY,2023-06-07T11:00:00.000000000Z,8357,173.584,173.803,173.467,173.801,173.599,173.818,173.482,173.815,173.614,173.832,173.496,173.829
3352,GBP_JPY,2023-06-07T12:00:00.000000000Z,9363,173.803,173.932,173.729,173.928,173.817,173.945,173.746,173.942,173.831,173.960,173.762,173.956
3353,GBP_JPY,2023-06-07T13:00:00.000000000Z,12271,173.932,173.995,173.671,173.779,173.946,174.008,173.684,173.793,173.961,174.022,173.697,173.807
3354,GBP_JPY,2023-06-07T14:00:00.000000000Z,17662,173.775,174.252,173.766,174.103,173.789,174.266,173.782,174.116,173.803,174.280,173.797,174.129
3355,GBP_JPY,2023-06-07T15:00:00.000000000Z,11310,174.105,174.358,174.100,174.237,174.117,174.370,174.113,174.250,174.129,174.382,174.126,174.264
3356,GBP_JPY,2023-06-07T16:00:00.000000000Z,7584,174.237,174.328,174.157,174.296,174.250,174.342,174.171,174.310,174.262,174.356,174.184,174.324
3357,GBP_JPY,2023-06-07T17:00:00.000000000Z,6514,174.290,174.339,174.144,174.304,174.302,174.351,174.158,174.317,174.313,174.364,174.171,174.330
3358,GBP_JPY,2023-06-07T18:00:00.000000000Z,5671,174.304,174.426,174.269,174.306,174.318,174.438,174.282,174.318,174.332,174.452,174.293,174.330
3359,GBP_JPY,2023-06-07T19:00:00.000000000Z,5846,174.302,174.397,174.236,174.311,174.315,174.408,174.248,174.324,174.328,174.420,174.259,174.337
3360,GBP_JPY,2023-06-07T20:00:00.000000000Z,2938,174.317,174.367,174.283,174.326,174.330,174.382,174.299,174.346,174.342,174.399,174.313,174.366
3361,GBP_JPY,2023-06-07T21:00:00.000000000Z,410,174.162,174.270,174.053,174.263,174.237,174.334,174.128,174.328,174.312,174.408,174.203,174.394
3362,GBP_JPY,2023-06-07T22:00:00.000000000Z,3224,174.262,174.389,174.109,174.129,174.324,174.432,174.129,174.150,174.385,174.480,174.149,174.170
3363,GBP_JPY,2023-06-07T23:00:00.000000000Z,2997,174.130,174.200,174.035,174.103,174.150,174.217,174.056,174.120,174.169,174.234,174.076,174.138
3364,GBP_JPY,2023-06-08T00:00:00.000000000Z,6412,174.092,174.294,174.052,174.188,174.111,174.310,174.066,174.202,174.130,174.325,174.081,174.217
3365,GBP_JPY,2023-06-08T01:00:00.000000000Z,6116,174.187,174.366,174.133,174.151,174.202,174.380,174.152,174.168,174.218,174.395,174.169,174.186
3366,GBP_JPY,2023-06-08T02:00:00.000000000Z,4833,174.151,174.218,174.094,174.120,174.170,174.228,174.110,174.137,174.188,174.247,174.126,174.154
3367,GBP_JPY,2023-06-08T03:00:00.000000000Z,4949,174.117,174.183,174.028,174.036,174.134,174.200,174.044,174.050,174.151,174.216,174.059,174.065
3368,GBP_JPY,2023-06-08T04:00:00.000000000Z,3964,174.034,174.059,173.896,173.999,174.050,174.073,173.912,174.017,174.066,174.088,173.926,174.035
3369,GBP_JPY,2023-06-08T05:00:00.000000000Z,5389,174.002,174.183,173.934,174.009,174.018,174.198,173.948,174.022,174.035,174.212,173.963,174.035
3370,GBP_JPY,2023-06-08T06:00:00.000000000Z,7334,174.015,174.197,174.015,174.084,174.028,174.210,174.028,174.096,174.042,174.223,174.041,174.107
3371,GBP_JPY,2023-06-08T07:00:00.000000000Z,9472,174.089,174.227,174.005,174.036,174.100,174.240,174.020,174.050,174.111,174.253,174.035,174.065
3372,GBP_JPY,2023-06-08T08:00:00.000000000Z,7853,174.038,174.355,174.036,174.349,174.052,174.368,174.050,174.362,174.067,174.381,174.065,174.375
3373,GBP_JPY,2023-06-08T09:00:00.000000000Z,6523,174.352,174.399,174.118,174.166,174.366,174.412,174.132,174.180,174.379,174.426,174.146,174.193
3374,GBP_JPY,2023-06-08T10:00:00.000000000Z,5432,174.169,174.285,174.110,174.236,174.182,174.298,174.128,174.248,174.194,174.312,174.141,174.260
3375,GBP_JPY,2023-06-08T11:00:00.000000000Z,7405,174.234,174.273,174.100,174.140,174.247,174.286,174.114,174.153,174.260,174.300,174.128,174.166
3376,GBP_JPY,2023-06-08T12:00:00.000000000Z,14928,174.142,174.242,173.915,174.025,174.154,174.256,173.934,174.036,174.166,174.292,173.954,174.046
3377,GBP_JPY,2023-06-08T13:00:00.000000000Z,14773,174.024,174.249,173.932,173.955,174.036,174.262,173.947,173.970,174.048,174.275,173.961,173.984
3378,GBP_JPY,2023-06-08T14:00:00.000000000Z,14170,173.950,174.352,173.934,174.190,173.965,174.365,173.950,174.202,173.980,174.379,173.964,174.215
3379,GBP_JPY,2023-06-08T15:00:00.000000000Z,10744,174.192,174.478,174.112,174.160,174.204,174.490,174.125,174.172,174.217,174.503,174.138,174.185
3380,GBP_JPY,2023-06-08T16:00:00.000000000Z,7428,174.157,174.431,174.133,174.383,174.171,174.444,174.146,174.394,174.185,174.457,174.160,174.406
3381,GBP_JPY,2023-06-08T17:00:00.000000000Z,5440,174.385,174.465,174.326,174.365,174.398,174.478,174.338,174.378,174.410,174.491,174.349,174.391
3382,GBP_JPY,2023-06-08T18:00:00.000000000Z,4565,174.364,174.511,174.364,174.450,174.378,174.522,174.378,174.461,174.392,174.534,174.391,174.472
3383,GBP_JPY,2023-06-08T19:00:00.000000000Z,5195,174.453,174.489,174.402,174.428,174.464,174.501,174.416,174.440,174.475,174.513,174.427,174.452
3384,GBP_JPY,2023-06-08T20:00:00.000000000Z,1875,174.429,174.471,174.410,174.466,174.442,174.486,174.423,174.482,174.455,174.514,174.436,174.499
3385,GBP_JPY,2023-06-08T21:00:00.000000000Z,511,174.323,174.423,174.312,174.384,174.398,174.479,174.387,174.441,174.473,174.543,174.462,174.498
3386,GBP_JPY,2023-06-08T22:00:00.000000000Z,1820,174.379,174.478,174.379,174.425,174.436,174.512,174.423,174.443,174.493,174.552,174.442,174.461
3387,GBP_JPY,2023-06-08T23:00:00.000000000Z,2365,174.424,174.447,174.288,174.398,174.443,174.462,174.306,174.416,174.462,174.479,174.322,174.434
3388,GBP_JPY,2023-06-09T00:00:00.000000000Z,7022,174.399,174.616,174.389,174.539,174.416,174.632,174.404,174.553,174.433,174.648,174.418,174.567
3389,GBP_JPY,2023-06-09T01:00:00.000000000Z,7009,174.538,174.793,174.529,174.765,174.554,174.809,174.546,174.780,174.569,174.825,174.561,174.794
3390,GBP_JPY,2023-06-09T02:00:00.000000000Z,4650,174.762,174.819,174.703,174.816,174.778,174.834,174.719,174.831,174.795,174.850,174.733,174.846
3391,GBP_JPY,2023-06-09T03:00:00.000000000Z,4646,174.808,174.851,174.724,174.738,174.823,174.866,174.740,174.753,174.838,174.881,174.755,174.768
3392,GBP_JPY,2023-06-09T04:00:00.000000000Z,4074,174.739,174.776,174.669,174.710,174.754,174.790,174.686,174.724,174.768,174.805,174.701,174.737
3393,GBP_JPY,2023-06-09T05:00:00.000000000Z,5273,174.707,175.022,174.703,174.852,174.722,175.036,174.719,174.865,174.736,175.052,174.733,174.878
3394,GBP_JPY,2023-06-09T06:00:00.000000000Z,7121,174.852,175.215,174.849,175.075,174.866,175.231,174.863,175.086,174.879,175.247,174.876,175.097
3395,GBP_JPY,2023-06-09T07:00:00.000000000Z,10236,175.076,175.230,174.906,175.144,175.086,175.244,174.921,175.158,175.096,175.258,174.936,175.171
3396,GBP_JPY,2023-06-09T08:00:00.000000000Z,8195,175.142,175.218,175.031,175.152,175.156,175.232,175.044,175.166,175.171,175.247,175.057,175.180
3397,GBP_JPY,2023-06-09T09:00:00.000000000Z,6109,175.158,175.174,174.986,175.086,175.171,175.186,175.000,175.097,175.184,175.198,175.014,175.108
3398,GBP_JPY,2023-06-09T10:00:00.000000000Z,6492,175.084,175.236,175.016,175.049,175.097,175.248,175.029,175.064,175.110,175.260,175.042,175.078
3399,GBP_JPY,2023-06-09T11:00:00.000000000Z,7665,175.050,175.198,174.998,175.126,175.064,175.212,175.012,175.140,175.077,175.227,175.025,175.155
3400,GBP_JPY,2023-06-09T12:00:00.000000000Z,12991,175.128,175.249,174.718,175.059,175.144,175.265,174.734,175.074,175.159,175.282,174.751,175.089
3401,GBP_JPY,2023-06-09T13:00:00.000000000Z,13228,175.059,175.534,174.961,175.425,175.074,175.548,174.977,175.438,175.090,175.561,174.993,175.451
3402,GBP_JPY,2023-06-09T14:00:00.000000000Z,12308,175.427,175.509,175.189,175.332,175.440,175.523,175.202,175.344,175.454,175.538,175.215,175.356
3403,GBP_JPY,2023-06-09T15:00:00.000000000Z,9694,175.328,175.351,175.152,175.274,175.340,175.365,175.166,175.287,175.353,175.379,175.180,175.300
3404,GBP_JPY,2023-06-09T16:00:00.000000000Z,6764,175.273,175.348,175.197,175.334,175.286,175.362,175.208,175.348,175.300,175.376,175.219,175.361
3405,GBP_JPY,2023-06-09T17:00:00.000000000Z,3947,175.331,175.337,175.150,175.195,175.344,175.350,175.162,175.207,175.358,175.365,175.173,175.219
3406,GBP_JPY,2023-06-09T18:00:00.000000000Z,3878,175.196,175.313,175.158,175.299,175.208,175.324,175.170,175.312,175.221,175.336,175.181,175.325
3407,GBP_JPY,2023-06-09T19:00:00.000000000Z,3927,175.297,175.391,175.258,175.366,175.310,175.404,175.270,175.378,175.323,175.418,175.281,175.391
3408,GBP_JPY,2023-06-09T20:00:00.000000000Z,3338,175.366,175.395,175.263,175.293,175.378,175.412,175.304,175.351,175.390,175.442,175.335,175.409
3409,GBP_JPY,2023-06-11T21:00:00.000000000Z,376,175.092,175.380,175.078,175.348,175.167,175.455,175.153,175.423,175.242,175.530,175.228,175.498
3410,GBP_JPY,2023-06-11T22:00:00.000000000Z,2728,175.320,175.438,175.296,175.323,175.395,175.496,175.315,175.341,175.470,175.571,175.332,175.359
3411,GBP_JPY,2023-06-11T23:00:00.000000000Z,2780,175.323,175.340,175.253,175.313,175.342,175.356,175.271,175.330,175.360,175.373,175.288,175.346
3412,GBP_JPY,2023-06-12T00:00:00.000000000Z,4892,175.307,175.313,175.132,175.303,175.324,175.328,175.147,175.318,175.342,175.343,175.161,175.332
3413,GBP_JPY,2023-06-12T01:00:00.000000000Z,5654,175.302,175.424,175.252,175.374,175.318,175.440,175.268,175.390,175.334,175.457,175.284,175.405
3414,GBP_JPY,2023-06-12T02:00:00.000000000Z,4149,175.373,175.455,175.349,175.370,175.390,175.472,175.365,175.386,175.406,175.489,175.381,175.402
3415,GBP_JPY,2023-06-12T03:00:00.000000000Z,3715,175.368,175.380,175.231,175.272,175.385,175.395,175.246,175.287,175.402,175.411,175.261,175.302
3416,GBP_JPY,2023-06-12T04:00:00.000000000Z,3327,175.271,175.325,175.194,175.293,175.287,175.340,175.210,175.308,175.303,175.355,175.225,175.324
3417,GBP_JPY,2023-06-12T05:00:00.000000000Z,4162,175.290,175.440,175.232,175.408,175.306,175.454,175.247,175.426,175.321,175.469,175.260,175.443
3418,GBP_JPY,2023-06-12T06:00:00.000000000Z,5453,175.420,175.511,175.366,175.405,175.436,175.524,175.382,175.418,175.453,175.540,175.397,175.432
3419,GBP_JPY,2023-06-12T07:00:00.000000000Z,9503,175.413,175.757,175.403,175.622,175.426,175.769,175.416,175.634,175.439,175.781,175.428,175.646
3420,GBP_JPY,2023-06-12T08:00:00.000000000Z,8916,175.621,175.660,175.186,175.267,175.634,175.673,175.201,175.279,175.648,175.686,175.215,175.291
3421,GBP_JPY,2023-06-12T09:00:00.000000000Z,7801,175.266,175.409,175.216,175.368,175.279,175.420,175.229,175.380,175.292,175.433,175.242,175.393
3422,GBP_JPY,2023-06-12T10:00:00.000000000Z,7650,175.367,175.372,174.879,175.044,175.380,175.385,174.892,175.056,175.393,175.398,174.905,175.069
3423,GBP_JPY,2023-06-12T11:00:00.000000000Z,6694,175.041,175.162,174.981,175.096,175.056,175.176,174.993,175.111,175.070,175.190,175.005,175.126
3424,GBP_JPY,2023-06-12T12:00:00.000000000Z,9636,175.094,175.173,174.644,174.706,175.108,175.187,174.659,174.720,175.122,175.201,174.672,174.735
3425,GBP_JPY,2023-06-12T13:00:00.000000000Z,12052,174.708,174.940,174.678,174.878,174.722,174.951,174.692,174.892,174.735,174.963,174.705,174.906
3426,GBP_JPY,2023-06-12T14:00:00.000000000Z,13056,174.878,174.940,174.620,174.644,174.893,174.952,174.632,174.657,174.908,174.966,174.644,174.670
3427,GBP_JPY,2023-06-12T15:00:00.000000000Z,8828,174.648,174.668,174.340,174.482,174.662,174.680,174.354,174.496,174.675,174.694,174.367,174.509
3428,GBP_JPY,2023-06-12T16:00:00.000000000Z,5853,174.483,174.632,174.457,174.560,174.498,174.644,174.471,174.573,174.512,174.657,174.485,174.586
3429,GBP_JPY,2023-06-12T17:00:00.000000000Z,4874,174.557,174.598,174.467,174.586,174.570,174.610,174.480,174.600,174.584,174.628,174.493,174.613
3430,GBP_JPY,2023-06-12T18:00:00.000000000Z,4309,174.586,174.611,174.508,174.563,174.600,174.623,174.520,174.574,174.615,174.635,174.533,174.586
3431,GBP_JPY,2023-06-12T19:00:00.000000000Z,5638,174.565,174.654,174.526,174.612,174.577,174.666,174.539,174.625,174.589,174.679,174.552,174.638
3432,GBP_JPY,2023-06-12T20:00:00.000000000Z,2348,174.609,174.688,174.554,174.675,174.621,174.704,174.567,174.694,174.633,174.731,174.580,174.712
3433,GBP_JPY,2023-06-12T21:00:00.000000000Z,523,174.619,174.654,174.581,174.640,174.694,174.729,174.639,174.706,174.769,174.804,174.697,174.772
3434,GBP_JPY,2023-06-12T22:00:00.000000000Z,1961,174.636,174.667,174.546,174.604,174.704,174.714,174.565,174.621,174.771,174.773,174.584,174.638
3435,GBP_JPY,2023-06-12T23:00:00.000000000Z,2160,174.604,174.627,174.477,174.516,174.620,174.646,174.495,174.532,174.637,174.667,174.512,174.548
3436,GBP_JPY,2023-06-13T00:00:00.000000000Z,5504,174.519,174.811,174.450,174.795,174.534,174.827,174.465,174.810,174.549,174.845,174.479,174.825
3437,GBP_JPY,2023-06-13T01:00:00.000000000Z,6576,174.793,174.839,174.664,174.668,174.810,174.854,174.680,174.683,174.826,174.869,174.694,174.698
3438,GBP_JPY,2023-06-13T02:00:00.000000000Z,4935,174.667,174.702,174.591,174.623,174.683,174.718,174.606,174.638,174.699,174.734,174.620,174.652
3439,GBP_JPY,2023-06-13T03:00:00.000000000Z,4252,174.624,174.741,174.544,174.695,174.640,174.756,174.558,174.712,174.655,174.773,174.571,174.729
3440,GBP_JPY,2023-06-13T04:00:00.000000000Z,3587,174.695,174.817,174.672,174.797,174.712,174.831,174.688,174.812,174.728,174.848,174.702,174.826
3441,GBP_JPY,2023-06-13T05:00:00.000000000Z,5869,174.796,174.936,174.713,174.752,174.812,174.952,174.730,174.770,174.827,174.967,174.745,174.789
3442,GBP_JPY,2023-06-13T06:00:00.000000000Z,11289,174.752,175.416,174.715,175.390,174.770,175.430,174.736,175.404,174.787,175.445,174.755,175.418
3443,GBP_JPY,2023-06-13T07:00:00.000000000Z,10778,175.376,175.456,175.186,175.267,175.390,175.468,175.199,175.281,175.404,175.482,175.212,175.295
3444,GBP_JPY,2023-06-13T08:00:00.000000000Z,8415,175.271,175.368,175.189,175.295,175.284,175.380,175.202,175.308,175.297,175.393,175.215,175.322
3445,GBP_JPY,2023-06-13T09:00:00.000000000Z,7651,175.296,175.425,175.197,175.350,175.309,175.438,175.211,175.363,175.322,175.453,175.225,175.376
3446,GBP_JPY,2023-06-13T10:00:00.000000000Z,7346,175.352,175.451,175.317,175.380,175.364,175.467,175.334,175.394,175.376,175.483,175.349,175.408
3447,GBP_JPY,2023-06-13T11:00:00.000000000Z,7921,175.379,175.495,175.343,175.391,175.392,175.510,175.356,175.404,175.405,175.524,175.369,175.418
3448,GBP_JPY,2023-06-13T12:00:00.000000000Z,19587,175.393,175.972,175.027,175.246,175.406,176.047,175.102,175.260,175.420,176.122,175.177,175.274
3449,GBP_JPY,2023-06-13T13:00:00.000000000Z,18486,175.247,175.907,175.105,175.878,175.262,175.920,175.118,175.890,175.276,175.933,175.129,175.902
3450,GBP_JPY,2023-06-13T14:00:00.000000000Z,15412,175.880,176.236,175.801,176.221,175.894,176.250,175.814,176.233,175.908,176.263,175.826,176.245
3451,GBP_JPY,2023-06-13T15:00:00.000000000Z,11308,176.219,176.641,176.193,176.532,176.231,176.654,176.206,176.544,176.243,176.668,176.219,176.557
3452,GBP_JPY,2023-06-13T16:00:00.000000000Z,7153,176.530,176.601,176.468,176.580,176.545,176.612,176.482,176.592,176.560,176.624,176.495,176.603
3453,GBP_JPY,2023-06-13T17:00:00.000000000Z,6672,176.582,176.706,176.409,176.683,176.594,176.718,176.422,176.697,176.605,176.731,176.436,176.711
3454,GBP_JPY,2023-06-13T18:00:00.000000000Z,6557,176.685,176.788,176.609,176.778,176.698,176.800,176.620,176.789,176.711,176.812,176.631,176.800
3455,GBP_JPY,2023-06-13T19:00:00.000000000Z,6437,176.781,176.810,176.690,176.769,176.792,176.822,176.704,176.784,176.802,176.833,176.716,176.798
3456,GBP_JPY,2023-06-13T20:00:00.000000000Z,2395,176.766,176.848,176.734,176.832,176.779,176.865,176.750,176.850,176.792,176.884,176.764,176.869
3457,GBP_JPY,2023-06-13T21:00:00.000000000Z,634,176.802,176.810,176.735,176.757,176.877,176.878,176.810,176.821,176.952,176.952,176.871,176.885
3458,GBP_JPY,2023-06-13T22:00:00.000000000Z,2216,176.764,176.866,176.695,176.736,176.830,176.899,176.714,176.756,176.896,176.950,176.731,176.776
3459,GBP_JPY,2023-06-13T23:00:00.000000000Z,2394,176.736,176.759,176.654,176.664,176.755,176.778,176.670,176.680,176.774,176.798,176.685,176.697
3460,GBP_JPY,2023-06-14T00:00:00.000000000Z,6273,176.659,176.680,176.497,176.554,176.675,176.692,176.514,176.569,176.691,176.706,176.530,176.584
3461,GBP_JPY,2023-06-14T01:00:00.000000000Z,5615,176.550,176.680,176.509,176.672,176.566,176.694,176.527,176.688,176.582,176.709,176.544,176.704
3462,GBP_JPY,2023-06-14T02:00:00.000000000Z,4838,176.673,176.715,176.627,176.673,176.688,176.732,176.646,176.688,176.703,176.749,176.663,176.703
3463,GBP_JPY,2023-06-14T03:00:00.000000000Z,3847,176.685,176.698,176.488,176.578,176.702,176.714,176.504,176.592,176.718,176.731,176.515,176.605
3464,GBP_JPY,2023-06-14T04:00:00.000000000Z,4113,176.575,176.693,176.534,176.691,176.590,176.710,176.552,176.705,176.605,176.726,176.568,176.719
3465,GBP_JPY,2023-06-14T05:00:00.000000000Z,6093,176.691,176.746,176.525,176.543,176.706,176.762,176.542,176.600,176.721,176.778,176.559,176.656
3466,GBP_JPY,2023-06-14T06:00:00.000000000Z,6859,176.539,176.751,176.515,176.677,176.594,176.763,176.563,176.690,176.649,176.779,176.608,176.702
3467,GBP_JPY,2023-06-14T07:00:00.000000000Z,9111,176.676,176.807,176.433,176.639,176.690,176.820,176.447,176.652,176.703,176.834,176.461,176.665
3468,GBP_JPY,2023-06-14T08:00:00.000000000Z,6589,176.642,176.852,176.537,176.844,176.655,176.866,176.550,176.856,176.668,176.880,176.563,176.869
3469,GBP_JPY,2023-06-14T09:00:00.000000000Z,6232,176.841,176.916,176.748,176.890,176.858,176.930,176.762,176.902,176.875,176.945,176.777,176.915
3470,GBP_JPY,2023-06-14T10:00:00.000000000Z,6280,176.885,177.134,176.885,176.951,176.900,177.148,176.900,176.964,176.915,177.162,176.915,176.977
3471,GBP_JPY,2023-06-14T11:00:00.000000000Z,6620,176.948,177.112,176.945,177.032,176.962,177.125,176.958,177.046,176.976,177.138,176.972,177.061
3472,GBP_JPY,2023-06-14T12:00:00.000000000Z,12995,177.031,177.104,176.777,177.046,177.044,177.118,176.808,177.058,177.058,177.169,176.836,177.070
3473,GBP_JPY,2023-06-14T13:00:00.000000000Z,12932,177.047,177.128,176.854,176.953,177.060,177.142,176.867,176.966,177.073,177.159,176.880,176.978
3474,GBP_JPY,2023-06-14T14:00:00.000000000Z,10209,176.953,177.024,176.882,176.978,176.966,177.036,176.894,176.988,176.980,177.049,176.906,176.999
3475,GBP_JPY,2023-06-14T15:00:00.000000000Z,7987,176.977,177.037,176.818,176.871,176.989,177.049,176.830,176.884,177.001,177.061,176.841,176.896
3476,GBP_JPY,2023-06-14T16:00:00.000000000Z,5630,176.870,176.976,176.839,176.907,176.884,176.987,176.852,176.919,176.897,176.999,176.864,176.931
3477,GBP_JPY,2023-06-14T17:00:00.000000000Z,6542,176.897,176.907,176.754,176.754,176.909,176.946,176.803,176.829,176.921,176.999,176.814,176.904
3478,GBP_JPY,2023-06-14T18:00:00.000000000Z,30218,176.776,177.156,176.733,176.991,176.851,177.174,176.808,177.006,176.926,177.194,176.883,177.020
3479,GBP_JPY,2023-06-14T19:00:00.000000000Z,16160,176.995,177.226,176.923,177.140,177.010,177.240,176.938,177.154,177.024,177.257,176.952,177.167
3480,GBP_JPY,2023-06-14T20:00:00.000000000Z,4896,177.140,177.398,177.115,177.350,177.155,177.413,177.130,177.382,177.170,177.433,177.143,177.413
3481,GBP_JPY,2023-06-14T21:00:00.000000000Z,442,177.312,177.324,177.224,177.306,177.387,177.387,177.298,177.352,177.462,177.462,177.344,177.398
3482,GBP_JPY,2023-06-14T22:00:00.000000000Z,3153,177.297,177.404,177.250,177.279,177.346,177.430,177.267,177.296,177.395,177.469,177.283,177.313
3483,GBP_JPY,2023-06-14T23:00:00.000000000Z,3242,177.277,177.413,177.277,177.347,177.294,177.426,177.294,177.360,177.310,177.441,177.310,177.372
3484,GBP_JPY,2023-06-15T00:00:00.000000000Z,6960,177.341,177.704,177.329,177.677,177.357,177.718,177.342,177.692,177.373,177.733,177.352,177.706
3485,GBP_JPY,2023-06-15T01:00:00.000000000Z,11449,177.672,178.188,177.663,178.159,177.688,178.200,177.678,178.176,177.703,178.216,177.694,178.193
3486,GBP_JPY,2023-06-15T02:00:00.000000000Z,9346,178.164,178.212,177.960,178.193,178.180,178.226,177.974,178.209,178.196,178.241,177.987,178.225
3487,GBP_JPY,2023-06-15T03:00:00.000000000Z,5204,178.191,178.373,178.159,178.368,178.208,178.386,178.176,178.382,178.225,178.399,178.192,178.397
3488,GBP_JPY,2023-06-15T04:00:00.000000000Z,6331,178.368,178.584,178.360,178.521,178.384,178.598,178.374,178.537,178.400,178.611,178.389,178.553
3489,GBP_JPY,2023-06-15T05:00:00.000000000Z,8528,178.524,178.724,178.521,178.626,178.538,178.738,178.536,178.638,178.553,178.753,178.550,178.649
3490,GBP_JPY,2023-06-15T06:00:00.000000000Z,11016,178.635,178.828,178.581,178.723,178.646,178.840,178.592,178.732,178.658,178.852,178.603,178.742
3491,GBP_JPY,2023-06-15T07:00:00.000000000Z,12310,178.719,178.996,178.653,178.769,178.729,179.003,178.666,178.781,178.739,179.014,178.678,178.793
3492,GBP_JPY,2023-06-15T08:00:00.000000000Z,9348,178.772,179.032,178.748,178.853,178.784,179.044,178.760,178.864,178.795,179.057,178.771,178.876
3493,GBP_JPY,2023-06-15T09:00:00.000000000Z,10156,178.853,178.883,178.384,178.544,178.866,178.894,178.396,178.554,178.879,178.906,178.409,178.565
3494,GBP_JPY,2023-06-15T10:00:00.000000000Z,8143,178.544,178.812,178.521,178.788,178.554,178.824,178.533,178.800,178.564,178.836,178.545,178.812
3495,GBP_JPY,2023-06-15T11:00:00.000000000Z,8638,178.785,178.832,178.581,178.582,178.798,178.844,178.594,178.594,178.812,178.856,178.605,178.605
3496,GBP_JPY,2023-06-15T12:00:00.000000000Z,21160,178.578,178.736,178.120,178.235,178.590,178.751,178.133,178.248,178.603,178.767,178.146,178.261
3497,GBP_JPY,2023-06-15T13:00:00.000000000Z,21599,178.230,178.662,178.121,178.620,178.242,178.674,178.133,178.632,178.255,178.686,178.145,178.644
3498,GBP_JPY,2023-06-15T14:00:00.000000000Z,17714,178.617,179.003,178.610,178.969,178.628,179.012,178.620,178.981,178.639,179.025,178.631,178.993
3499,GBP_JPY,2023-06-15T15:00:00.000000000Z,11712,178.969,179.362,178.968,179.257,178.980,179.375,178.977,179.268,178.992,179.388,178.986,179.278
3500,GBP_JPY,2023-06-15T16:00:00.000000000Z,8285,179.256,179.275,179.117,179.233,179.267,179.284,179.128,179.244,179.278,179.295,179.137,179.254
3501,GBP_JPY,2023-06-15T17:00:00.000000000Z,6558,179.233,179.312,179.102,179.245,179.246,179.324,179.112,179.256,179.259,179.336,179.123,179.266
3502,GBP_JPY,2023-06-15T18:00:00.000000000Z,6606,179.246,179.390,179.195,179.366,179.256,179.402,179.206,179.378,179.266,179.414,179.217,179.390
3503,GBP_JPY,2023-06-15T19:00:00.000000000Z,7348,179.367,179.394,179.206,179.309,179.378,179.404,179.216,179.320,179.389,179.415,179.227,179.331
3504,GBP_JPY,2023-06-15T20:00:00.000000000Z,2593,179.306,179.350,179.243,179.302,179.318,179.359,179.254,179.316,179.330,179.369,179.266,179.331
3505,GBP_JPY,2023-06-15T21:00:00.000000000Z,516,179.234,179.294,179.234,179.255,179.304,179.349,179.293,179.305,179.375,179.422,179.337,179.355
3506,GBP_JPY,2023-06-15T22:00:00.000000000Z,2959,179.259,179.286,179.182,179.186,179.303,179.303,179.198,179.201,179.347,179.349,179.213,179.216
3507,GBP_JPY,2023-06-15T23:00:00.000000000Z,2890,179.186,179.341,179.161,179.319,179.202,179.354,179.178,179.332,179.217,179.369,179.193,179.345
3508,GBP_JPY,2023-06-16T00:00:00.000000000Z,6140,179.316,179.346,179.066,179.130,179.330,179.360,179.080,179.142,179.345,179.374,179.092,179.154
3509,GBP_JPY,2023-06-16T01:00:00.000000000Z,6852,179.130,179.179,178.820,178.875,179.142,179.190,178.832,178.888,179.155,179.201,178.843,178.902
3510,GBP_JPY,2023-06-16T02:00:00.000000000Z,9512,178.873,179.744,178.815,179.635,178.887,179.762,178.830,179.652,178.901,179.786,178.844,179.670
3511,GBP_JPY,2023-06-16T03:00:00.000000000Z,8247,179.632,179.687,179.181,179.526,179.650,179.705,179.196,179.540,179.668,179.723,179.210,179.553
3512,GBP_JPY,2023-06-16T04:00:00.000000000Z,5048,179.522,179.849,179.471,179.706,179.536,179.859,179.486,179.719,179.551,179.870,179.501,179.732
3513,GBP_JPY,2023-06-16T05:00:00.000000000Z,6409,179.706,180.002,179.681,179.924,179.720,180.016,179.694,179.936,179.733,180.031,179.706,179.949
3514,GBP_JPY,2023-06-16T06:00:00.000000000Z,12407,179.920,180.563,179.866,180.455,179.933,180.575,179.880,180.464,179.946,180.587,179.892,180.474
3515,GBP_JPY,2023-06-16T07:00:00.000000000Z,15737,180.454,180.852,180.153,180.471,180.464,180.862,180.166,180.482,180.475,180.871,180.180,180.493
3516,GBP_JPY,2023-06-16T08:00:00.000000000Z,12725,180.473,180.755,180.337,180.464,180.483,180.764,180.348,180.474,180.493,180.776,180.359,180.483
3517,GBP_JPY,2023-06-16T09:00:00.000000000Z,9682,180.456,180.462,180.163,180.343,180.469,180.474,180.174,180.352,180.482,180.487,180.184,180.361
3518,GBP_JPY,2023-06-16T10:00:00.000000000Z,7810,180.337,180.419,180.091,180.246,180.352,180.428,180.104,180.258,180.367,180.439,180.115,180.269
3519,GBP_JPY,2023-06-16T11:00:00.000000000Z,9524,180.247,180.799,180.245,180.781,180.258,180.809,180.256,180.792,180.268,180.819,180.268,180.804
3520,GBP_JPY,2023-06-16T12:00:00.000000000Z,13577,180.781,181.271,180.752,181.067,180.792,181.283,180.762,181.078,180.803,181.295,180.771,181.089
3521,GBP_JPY,2023-06-16T13:00:00.000000000Z,16088,181.066,181.408,180.984,181.229,181.078,181.419,180.995,181.296,181.090,181.431,181.005,181.364
3522,GBP_JPY,2023-06-16T14:00:00.000000000Z,24168,181.219,181.533,180.870,181.268,181.247,181.546,180.890,181.278,181.275,181.559,180.910,181.288
3523,GBP_JPY,2023-06-16T15:00:00.000000000Z,14749,181.271,181.734,181.088,181.731,181.283,181.746,181.101,181.744,181.295,181.758,181.114,181.756
3524,GBP_JPY,2023-06-16T16:00:00.000000000Z,8754,181.733,181.954,181.671,181.952,181.746,181.963,181.682,181.959,181.758,181.972,181.694,181.966
3525,GBP_JPY,2023-06-16T17:00:00.000000000Z,7223,181.952,181.971,181.772,181.948,181.960,181.978,181.784,181.958,181.967,181.988,181.794,181.969
3526,GBP_JPY,2023-06-16T18:00:00.000000000Z,6709,181.946,182.037,181.909,181.960,181.957,182.047,181.920,181.970,181.968,182.057,181.931,181.981
3527,GBP_JPY,2023-06-16T19:00:00.000000000Z,7842,181.960,182.001,181.826,181.847,181.971,182.012,181.836,181.858,181.982,182.022,181.847,181.868
3528,GBP_JPY,2023-06-16T20:00:00.000000000Z,3859,181.850,181.972,181.828,181.908,181.860,181.986,181.840,181.936,181.870,182.001,181.851,181.963
3529,GBP_JPY,2023-06-18T21:00:00.000000000Z,316,181.671,181.907,181.646,181.832,181.746,181.982,181.721,181.907,181.821,182.057,181.796,181.982
3530,GBP_JPY,2023-06-18T22:00:00.000000000Z,3392,181.861,182.058,181.848,182.004,181.908,182.076,181.904,182.017,181.956,182.095,181.943,182.030
3531,GBP_JPY,2023-06-18T23:00:00.000000000Z,4368,182.003,182.120,181.968,182.018,182.016,182.132,181.982,182.033,182.028,182.147,181.996,182.048
3532,GBP_JPY,2023-06-19T00:00:00.000000000Z,6204,182.016,182.088,181.838,181.986,182.032,182.103,181.852,182.000,182.047,182.118,181.865,182.014
3533,GBP_JPY,2023-06-19T01:00:00.000000000Z,4916,181.989,181.989,181.764,181.858,182.003,182.003,181.778,181.872,182.017,182.017,181.791,181.885
3534,GBP_JPY,2023-06-19T02:00:00.000000000Z,5043,181.858,181.950,181.807,181.813,181.870,181.962,181.822,181.823,181.882,181.975,181.832,181.833
3535,GBP_JPY,2023-06-19T03:00:00.000000000Z,6530,181.815,181.824,181.324,181.390,181.825,181.834,181.336,181.402,181.835,181.845,181.348,181.415
3536,GBP_JPY,2023-06-19T04:00:00.000000000Z,4869,181.388,181.527,181.211,181.293,181.402,181.542,181.226,181.306,181.416,181.556,181.241,181.319
3537,GBP_JPY,2023-06-19T05:00:00.000000000Z,5729,181.293,181.643,181.273,181.627,181.306,181.656,181.286,181.640,181.320,181.670,181.297,181.652
3538,GBP_JPY,2023-06-19T06:00:00.000000000Z,7395,181.625,181.703,181.455,181.578,181.640,181.718,181.469,181.590,181.654,181.732,181.482,181.602
3539,GBP_JPY,2023-06-19T07:00:00.000000000Z,7782,181.580,182.026,181.515,181.745,181.592,182.038,181.528,181.758,181.605,182.050,181.542,181.771
3540,GBP_JPY,2023-06-19T08:00:00.000000000Z,7637,181.744,181.846,181.590,181.833,181.758,181.859,181.604,181.846,181.771,181.872,181.617,181.860
3541,GBP_JPY,2023-06-19T09:00:00.000000000Z,6763,181.834,181.958,181.751,181.794,181.848,181.970,181.764,181.806,181.863,181.982,181.777,181.817
3542,GBP_JPY,2023-06-19T10:00:00.000000000Z,6784,181.796,181.933,181.590,181.669,181.808,181.942,181.604,181.684,181.819,181.955,181.617,181.700
3543,GBP_JPY,2023-06-19T11:00:00.000000000Z,5447,181.669,181.866,181.633,181.708,181.686,181.878,181.645,181.721,181.702,181.890,181.657,181.734
3544,GBP_JPY,2023-06-19T12:00:00.000000000Z,6364,181.706,181.758,181.575,181.711,181.720,181.770,181.587,181.724,181.733,181.783,181.598,181.737
3545,GBP_JPY,2023-06-19T13:00:00.000000000Z,5851,181.707,181.741,181.381,181.393,181.721,181.754,181.394,181.406,181.735,181.768,181.406,181.419
3546,GBP_JPY,2023-06-19T14:00:00.000000000Z,7407,181.392,181.635,181.212,181.476,181.406,181.646,181.224,181.488,181.420,181.659,181.236,181.501
3547,GBP_JPY,2023-06-19T15:00:00.000000000Z,3372,181.477,181.586,181.469,181.534,181.489,181.599,181.480,181.546,181.501,181.612,181.492,181.557
3548,GBP_JPY,2023-06-19T16:00:00.000000000Z,2793,181.531,181.646,181.235,181.292,181.544,181.660,181.250,181.305,181.558,181.673,181.263,181.318
3549,GBP_JPY,2023-06-19T17:00:00.000000000Z,1241,181.290,181.401,181.276,181.383,181.303,181.415,181.289,181.398,181.316,181.430,181.301,181.413
3550,GBP_JPY,2023-06-19T18:00:00.000000000Z,459,181.383,181.431,181.381,181.408,181.397,181.444,181.394,181.422,181.411,181.458,181.406,181.437
3551,GBP_JPY,2023-06-19T19:00:00.000000000Z,636,181.410,181.467,181.391,181.434,181.425,181.480,181.406,181.447,181.440,181.493,181.421,181.460
3552,GBP_JPY,2023-06-19T20:00:00.000000000Z,922,181.436,181.590,181.366,181.573,181.450,181.628,181.382,181.621,181.464,181.669,181.396,181.669
3553,GBP_JPY,2023-06-19T21:00:00.000000000Z,1389,181.508,181.634,181.408,181.572,181.583,181.689,181.483,181.620,181.658,181.753,181.558,181.669
3554,GBP_JPY,2023-06-19T22:00:00.000000000Z,3235,181.562,181.715,181.552,181.628,181.611,181.732,181.599,181.642,181.660,181.755,181.627,181.657
3555,GBP_JPY,2023-06-19T23:00:00.000000000Z,1352,181.628,181.670,181.522,181.527,181.642,181.686,181.536,181.540,181.656,181.702,181.549,181.554
3556,GBP_JPY,2023-06-20T00:00:00.000000000Z,8417,181.533,182.001,181.518,181.899,181.548,182.015,181.533,181.914,181.562,182.031,181.547,181.929
3557,GBP_JPY,2023-06-20T01:00:00.000000000Z,7740,181.898,182.081,181.608,181.676,181.914,182.095,181.622,181.690,181.929,182.110,181.637,181.704
3558,GBP_JPY,2023-06-20T02:00:00.000000000Z,9122,181.679,181.726,181.149,181.304,181.693,181.741,181.166,181.320,181.707,181.756,181.182,181.335
3559,GBP_JPY,2023-06-20T03:00:00.000000000Z,5418,181.302,181.473,181.252,181.275,181.318,181.486,181.268,181.290,181.333,181.501,181.283,181.304
3560,GBP_JPY,2023-06-20T04:00:00.000000000Z,6022,181.272,181.545,181.144,181.523,181.287,181.556,181.160,181.538,181.302,181.569,181.175,181.554
3561,GBP_JPY,2023-06-20T05:00:00.000000000Z,6679,181.526,181.587,181.405,181.539,181.540,181.600,181.420,181.553,181.554,181.614,181.433,181.567
3562,GBP_JPY,2023-06-20T06:00:00.000000000Z,8307,181.554,181.737,181.252,181.366,181.566,181.750,181.266,181.379,181.577,181.763,181.280,181.392
3563,GBP_JPY,2023-06-20T07:00:00.000000000Z,12308,181.366,181.576,180.968,181.486,181.380,181.586,180.983,181.498,181.394,181.596,180.996,181.511
3564,GBP_JPY,2023-06-20T08:00:00.000000000Z,10799,181.488,181.516,180.751,180.934,181.500,181.529,180.766,180.947,181.512,181.542,180.781,180.960
3565,GBP_JPY,2023-06-20T09:00:00.000000000Z,11119,180.935,181.107,180.714,180.819,180.948,181.121,180.728,180.834,180.960,181.136,180.742,180.848
3566,GBP_JPY,2023-06-20T10:00:00.000000000Z,7756,180.820,180.886,180.409,180.517,180.834,180.900,180.421,180.530,180.847,180.913,180.433,180.544
3567,GBP_JPY,2023-06-20T11:00:00.000000000Z,7798,180.516,180.558,180.270,180.293,180.529,180.572,180.282,180.306,180.542,180.587,180.295,180.319
3568,GBP_JPY,2023-06-20T12:00:00.000000000Z,12063,180.294,180.430,180.105,180.222,180.306,180.442,180.118,180.234,180.319,180.454,180.131,180.245
3569,GBP_JPY,2023-06-20T13:00:00.000000000Z,13297,180.222,180.249,180.039,180.166,180.233,180.262,180.051,180.178,180.244,180.274,180.063,180.190
3570,GBP_JPY,2023-06-20T14:00:00.000000000Z,15416,180.166,180.317,179.916,179.969,180.178,180.327,179.928,179.980,180.191,180.340,179.940,179.992
3571,GBP_JPY,2023-06-20T15:00:00.000000000Z,12567,179.969,180.198,179.969,180.071,179.981,180.210,179.978,180.084,179.993,180.221,179.988,180.096
3572,GBP_JPY,2023-06-20T16:00:00.000000000Z,7344,180.072,180.228,179.963,180.185,180.082,180.238,179.974,180.197,180.093,180.248,179.986,180.209
3573,GBP_JPY,2023-06-20T17:00:00.000000000Z,5839,180.185,180.294,180.096,180.201,180.196,180.306,180.110,180.214,180.208,180.318,180.122,180.226
3574,GBP_JPY,2023-06-20T18:00:00.000000000Z,5975,180.201,180.400,180.167,180.360,180.214,180.412,180.180,180.374,180.227,180.425,180.191,180.387
3575,GBP_JPY,2023-06-20T19:00:00.000000000Z,4106,180.360,180.562,180.299,180.530,180.372,180.574,180.312,180.543,180.385,180.586,180.325,180.556
3576,GBP_JPY,2023-06-20T20:00:00.000000000Z,2114,180.535,180.584,180.468,180.504,180.548,180.598,180.480,180.529,180.561,180.613,180.493,180.554
3577,GBP_JPY,2023-06-20T21:00:00.000000000Z,518,180.439,180.526,180.350,180.441,180.514,180.568,180.425,180.487,180.589,180.624,180.493,180.533
3578,GBP_JPY,2023-06-20T22:00:00.000000000Z,2546,180.433,180.499,180.390,180.398,180.479,180.520,180.406,180.412,180.525,180.557,180.419,180.426
3579,GBP_JPY,2023-06-20T23:00:00.000000000Z,2445,180.397,180.472,180.319,180.419,180.412,180.488,180.334,180.432,180.426,180.506,180.350,180.446
3580,GBP_JPY,2023-06-21T00:00:00.000000000Z,7701,180.413,180.786,180.408,180.784,180.426,180.800,180.421,180.799,180.440,180.814,180.434,180.814
3581,GBP_JPY,2023-06-21T01:00:00.000000000Z,7098,180.784,180.784,180.601,180.677,180.798,180.798,180.614,180.690,180.813,180.813,180.625,180.704
3582,GBP_JPY,2023-06-21T02:00:00.000000000Z,5912,180.677,180.746,180.574,180.644,180.690,180.758,180.586,180.655,180.703,180.771,180.599,180.666
3583,GBP_JPY,2023-06-21T03:00:00.000000000Z,6335,180.644,180.728,180.616,180.721,180.656,180.741,180.628,180.734,180.669,180.754,180.639,180.747
3584,GBP_JPY,2023-06-21T04:00:00.000000000Z,5602,180.722,180.978,180.682,180.975,180.737,180.990,180.694,180.988,180.752,181.002,180.705,181.001
3585,GBP_JPY,2023-06-21T05:00:00.000000000Z,6933,180.976,181.026,180.779,180.830,180.990,181.038,180.790,180.870,181.004,181.053,180.801,180.909
3586,GBP_JPY,2023-06-21T06:00:00.000000000Z,15644,180.832,181.597,180.788,181.485,180.862,181.612,180.824,181.498,180.891,181.628,180.859,181.510
3587,GBP_JPY,2023-06-21T07:00:00.000000000Z,13675,181.487,181.540,180.838,180.963,181.500,181.552,180.852,180.974,181.514,181.563,180.865,180.984
3588,GBP_JPY,2023-06-21T08:00:00.000000000Z,13261,180.966,181.104,180.546,180.604,180.975,181.115,180.558,180.617,180.984,181.126,180.569,180.630
3589,GBP_JPY,2023-06-21T09:00:00.000000000Z,9415,180.605,180.657,180.202,180.249,180.617,180.668,180.214,180.262,180.629,180.680,180.226,180.274
3590,GBP_JPY,2023-06-21T10:00:00.000000000Z,9509,180.248,180.419,179.914,180.090,180.260,180.430,179.926,180.104,180.272,180.443,179.937,180.117
3591,GBP_JPY,2023-06-21T11:00:00.000000000Z,10119,180.097,180.566,180.090,180.503,180.111,180.576,180.104,180.515,180.125,180.588,180.116,180.527
3592,GBP_JPY,2023-06-21T12:00:00.000000000Z,15840,180.502,180.615,180.353,180.615,180.515,180.626,180.367,180.626,180.528,180.638,180.380,180.636
3593,GBP_JPY,2023-06-21T13:00:00.000000000Z,17714,180.615,180.974,180.564,180.921,180.626,180.981,180.576,180.932,180.637,180.988,180.589,180.944
3594,GBP_JPY,2023-06-21T14:00:00.000000000Z,19871,180.923,181.234,180.784,180.830,180.936,181.246,180.796,180.842,180.948,181.257,180.806,180.854
3595,GBP_JPY,2023-06-21T15:00:00.000000000Z,14075,180.828,180.959,180.586,180.944,180.840,180.970,180.596,180.955,180.851,180.981,180.607,180.966
3596,GBP_JPY,2023-06-21T16:00:00.000000000Z,9329,180.939,181.077,180.874,181.049,180.950,181.086,180.884,181.058,180.961,181.096,180.895,181.068
3597,GBP_JPY,2023-06-21T17:00:00.000000000Z,8342,181.047,181.133,180.914,181.119,181.057,181.142,180.925,181.129,181.067,181.152,180.935,181.139
3598,GBP_JPY,2023-06-21T18:00:00.000000000Z,8079,181.121,181.214,181.082,181.130,181.130,181.224,181.094,181.138,181.139,181.234,181.104,181.145
3599,GBP_JPY,2023-06-21T19:00:00.000000000Z,8250,181.129,181.199,181.101,181.138,181.138,181.207,181.111,181.150,181.147,181.218,181.120,181.162
3600,GBP_JPY,2023-06-21T20:00:00.000000000Z,3264,181.139,181.167,181.021,181.145,181.150,181.186,181.034,181.163,181.160,181.206,181.047,181.181
3601,GBP_JPY,2023-06-21T21:00:00.000000000Z,481,181.047,181.093,180.948,181.090,181.122,181.144,181.010,181.142,181.197,181.200,181.061,181.194
3602,GBP_JPY,2023-06-21T22:00:00.000000000Z,2675,181.090,181.135,180.893,180.952,181.152,181.162,180.909,180.966,181.214,181.218,180.924,180.980
3603,GBP_JPY,2023-06-21T23:00:00.000000000Z,1961,180.949,181.020,180.898,180.931,180.964,181.035,180.910,180.945,180.978,181.050,180.921,180.959
3604,GBP_JPY,2023-06-22T00:00:00.000000000Z,5676,180.924,181.165,180.907,181.156,180.938,181.176,180.922,181.170,180.952,181.189,180.936,181.184
3605,GBP_JPY,2023-06-22T01:00:00.000000000Z,4619,181.156,181.169,180.926,180.966,181.169,181.182,180.941,180.978,181.182,181.194,180.956,180.991
3606,GBP_JPY,2023-06-22T02:00:00.000000000Z,4194,180.966,180.968,180.761,180.883,180.978,180.980,180.774,180.894,180.989,180.993,180.787,180.905
3607,GBP_JPY,2023-06-22T03:00:00.000000000Z,4077,180.886,180.989,180.871,180.975,180.896,181.002,180.884,180.988,180.906,181.015,180.896,181.000
3608,GBP_JPY,2023-06-22T04:00:00.000000000Z,5208,180.974,180.996,180.731,180.882,180.988,181.007,180.742,180.892,181.001,181.020,180.754,180.902
3609,GBP_JPY,2023-06-22T05:00:00.000000000Z,6015,180.882,180.933,180.767,180.826,180.892,180.942,180.781,180.840,180.903,180.953,180.794,180.853
3610,GBP_JPY,2023-06-22T06:00:00.000000000Z,7631,180.834,181.047,180.787,180.846,180.846,181.058,180.794,180.858,180.859,181.070,180.801,180.871
3611,GBP_JPY,2023-06-22T07:00:00.000000000Z,14461,180.849,181.086,180.699,180.986,180.860,181.100,180.712,180.996,180.871,181.113,180.726,181.006
3612,GBP_JPY,2023-06-22T08:00:00.000000000Z,10973,180.992,181.451,180.992,181.379,181.002,181.464,181.002,181.390,181.012,181.479,181.012,181.401
3613,GBP_JPY,2023-06-22T09:00:00.000000000Z,7642,181.378,181.520,181.261,181.514,181.390,181.530,181.272,181.526,181.401,181.540,181.282,181.537
3614,GBP_JPY,2023-06-22T10:00:00.000000000Z,8473,181.514,181.735,181.446,181.564,181.524,181.748,181.456,181.628,181.535,181.760,181.465,181.692
3615,GBP_JPY,2023-06-22T11:00:00.000000000Z,19624,181.564,182.404,180.741,181.538,181.634,182.479,180.758,181.550,181.704,182.554,180.773,181.563
3616,GBP_JPY,2023-06-22T12:00:00.000000000Z,17500,181.534,181.582,181.077,181.332,181.546,181.593,181.092,181.344,181.559,181.607,181.107,181.357
3617,GBP_JPY,2023-06-22T13:00:00.000000000Z,18573,181.332,181.620,181.164,181.548,181.346,181.632,181.176,181.570,181.359,181.646,181.186,181.592
3618,GBP_JPY,2023-06-22T14:00:00.000000000Z,17915,181.551,182.001,181.550,181.958,181.572,182.010,181.571,181.968,181.593,182.020,181.592,181.979
3619,GBP_JPY,2023-06-22T15:00:00.000000000Z,13618,181.965,182.155,181.896,182.145,181.974,182.165,181.908,182.154,181.983,182.175,181.919,182.163
3620,GBP_JPY,2023-06-22T16:00:00.000000000Z,8583,182.150,182.199,182.002,182.050,182.158,182.210,182.010,182.060,182.165,182.222,182.017,182.071
3621,GBP_JPY,2023-06-22T17:00:00.000000000Z,7747,182.053,182.147,181.941,182.104,182.065,182.156,181.951,182.114,182.077,182.165,181.960,182.125
3622,GBP_JPY,2023-06-22T18:00:00.000000000Z,6356,182.106,182.339,182.019,182.331,182.117,182.348,182.031,182.342,182.128,182.358,182.040,182.352
3623,GBP_JPY,2023-06-22T19:00:00.000000000Z,6839,182.331,182.551,182.307,182.454,182.341,182.564,182.318,182.466,182.351,182.576,182.328,182.479
3624,GBP_JPY,2023-06-22T20:00:00.000000000Z,2821,182.454,182.462,182.374,182.427,182.466,182.474,182.388,182.438,182.477,182.486,182.402,182.450
3625,GBP_JPY,2023-06-22T21:00:00.000000000Z,1411,182.261,182.388,182.212,182.289,182.336,182.451,182.287,182.344,182.411,182.521,182.341,182.399
3626,GBP_JPY,2023-06-22T22:00:00.000000000Z,3481,182.278,182.360,182.214,182.356,182.339,182.377,182.236,182.370,182.400,182.421,182.257,182.385
3627,GBP_JPY,2023-06-22T23:00:00.000000000Z,4098,182.356,182.504,182.225,182.307,182.370,182.520,182.240,182.320,182.384,182.535,182.254,182.332
3628,GBP_JPY,2023-06-23T00:00:00.000000000Z,7135,182.304,182.445,182.180,182.379,182.316,182.460,182.195,182.390,182.329,182.474,182.210,182.400
3629,GBP_JPY,2023-06-23T01:00:00.000000000Z,10116,182.378,182.420,181.724,181.856,182.390,182.434,181.738,181.870,182.402,182.447,181.753,181.884
3630,GBP_JPY,2023-06-23T02:00:00.000000000Z,7336,181.854,181.989,181.736,181.967,181.869,182.002,181.750,181.981,181.884,182.016,181.765,181.995
3631,GBP_JPY,2023-06-23T03:00:00.000000000Z,6393,181.966,181.983,181.759,181.857,181.982,181.996,181.772,181.870,181.998,182.011,181.783,181.882
3632,GBP_JPY,2023-06-23T04:00:00.000000000Z,6805,181.853,181.905,181.636,181.816,181.868,181.916,181.649,181.826,181.883,181.929,181.662,181.837
3633,GBP_JPY,2023-06-23T05:00:00.000000000Z,8701,181.815,182.258,181.769,182.184,181.826,182.272,181.782,182.200,181.837,182.287,181.794,182.216
3634,GBP_JPY,2023-06-23T06:00:00.000000000Z,10304,182.184,182.448,182.031,182.377,182.201,182.458,182.046,182.388,182.218,182.471,182.056,182.400
3635,GBP_JPY,2023-06-23T07:00:00.000000000Z,20630,182.376,182.437,181.264,181.593,182.388,182.448,181.277,181.606,182.400,182.459,181.288,181.619
3636,GBP_JPY,2023-06-23T08:00:00.000000000Z,15250,181.606,181.896,181.232,181.692,181.614,181.910,181.260,181.704,181.623,181.923,181.278,181.715
3637,GBP_JPY,2023-06-23T09:00:00.000000000Z,12168,181.691,182.253,181.634,182.150,181.702,182.265,181.647,182.164,181.712,182.277,181.659,182.177
3638,GBP_JPY,2023-06-23T10:00:00.000000000Z,10327,182.150,182.468,182.040,182.218,182.162,182.480,182.052,182.230,182.175,182.493,182.064,182.242
3639,GBP_JPY,2023-06-23T11:00:00.000000000Z,9214,182.218,182.344,182.099,182.236,182.230,182.354,182.110,182.248,182.243,182.364,182.122,182.260
3640,GBP_JPY,2023-06-23T12:00:00.000000000Z,14814,182.235,182.388,181.578,181.606,182.248,182.400,181.591,181.616,182.261,182.412,181.601,181.625
3641,GBP_JPY,2023-06-23T13:00:00.000000000Z,18212,181.607,182.166,181.483,182.066,181.616,182.178,181.496,182.075,181.624,182.191,181.509,182.084
3642,GBP_JPY,2023-06-23T14:00:00.000000000Z,18847,182.066,182.706,182.028,182.689,182.074,182.717,182.039,182.698,182.083,182.728,182.049,182.706
3643,GBP_JPY,2023-06-23T15:00:00.000000000Z,13400,182.694,182.805,182.540,182.576,182.703,182.818,182.550,182.586,182.712,182.830,182.561,182.597
3644,GBP_JPY,2023-06-23T16:00:00.000000000Z,8290,182.576,182.701,182.505,182.679,182.584,182.711,182.515,182.692,182.592,182.724,182.525,182.706
3645,GBP_JPY,2023-06-23T17:00:00.000000000Z,6612,182.681,182.806,182.657,182.697,182.694,182.817,182.666,182.706,182.707,182.830,182.676,182.716
3646,GBP_JPY,2023-06-23T18:00:00.000000000Z,6611,182.694,182.782,182.599,182.757,182.704,182.794,182.610,182.767,182.715,182.807,182.621,182.777
3647,GBP_JPY,2023-06-23T19:00:00.000000000Z,6081,182.753,182.877,182.685,182.877,182.764,182.888,182.698,182.888,182.776,182.900,182.711,182.900
3648,GBP_JPY,2023-06-23T20:00:00.000000000Z,3832,182.879,182.936,182.614,182.665,182.892,182.948,182.689,182.740,182.904,182.962,182.764,182.815
3649,GBP_JPY,2023-06-25T21:00:00.000000000Z,352,182.360,182.594,182.360,182.574,182.435,182.650,182.435,182.630,182.510,182.705,182.510,182.685
3650,GBP_JPY,2023-06-25T22:00:00.000000000Z,5606,182.593,182.835,182.491,182.517,182.624,182.852,182.514,182.534,182.656,182.877,182.538,182.551
3651,GBP_JPY,2023-06-25T23:00:00.000000000Z,4653,182.525,182.729,182.515,182.704,182.538,182.740,182.530,182.716,182.550,182.753,182.544,182.727
3652,GBP_JPY,2023-06-26T00:00:00.000000000Z,10825,182.705,182.755,182.335,182.644,182.716,182.768,182.349,182.654,182.727,182.782,182.363,182.665
3653,GBP_JPY,2023-06-26T01:00:00.000000000Z,9390,182.645,182.984,182.573,182.692,182.654,182.998,182.586,182.705,182.664,183.011,182.598,182.718
3654,GBP_JPY,2023-06-26T02:00:00.000000000Z,6610,182.687,182.863,182.653,182.705,182.702,182.874,182.668,182.716,182.716,182.887,182.682,182.728
3655,GBP_JPY,2023-06-26T03:00:00.000000000Z,5893,182.707,182.708,182.557,182.609,182.720,182.721,182.572,182.620,182.734,182.735,182.585,182.631
3656,GBP_JPY,2023-06-26T04:00:00.000000000Z,4796,182.608,182.632,182.446,182.559,182.620,182.643,182.458,182.570,182.631,182.654,182.471,182.581
3657,GBP_JPY,2023-06-26T05:00:00.000000000Z,6701,182.562,182.679,182.478,182.521,182.572,182.692,182.494,182.536,182.583,182.704,182.508,182.550
3658,GBP_JPY,2023-06-26T06:00:00.000000000Z,9319,182.525,182.639,182.390,182.584,182.538,182.652,182.402,182.598,182.552,182.664,182.414,182.611
3659,GBP_JPY,2023-06-26T07:00:00.000000000Z,15532,182.582,182.656,181.996,182.446,182.596,182.668,182.008,182.459,182.610,182.680,182.020,182.472
3660,GBP_JPY,2023-06-26T08:00:00.000000000Z,12611,182.449,182.466,182.173,182.325,182.462,182.476,182.180,182.338,182.474,182.488,182.187,182.352
3661,GBP_JPY,2023-06-26T09:00:00.000000000Z,9297,182.326,182.462,182.201,182.341,182.338,182.475,182.214,182.353,182.349,182.489,182.225,182.365
3662,GBP_JPY,2023-06-26T10:00:00.000000000Z,8970,182.341,182.345,181.769,181.873,182.352,182.356,181.782,181.884,182.363,182.368,181.791,181.895
3663,GBP_JPY,2023-06-26T11:00:00.000000000Z,9827,181.873,182.112,181.677,182.070,181.885,182.124,181.690,182.085,181.897,182.136,181.702,182.100
3664,GBP_JPY,2023-06-26T12:00:00.000000000Z,10586,182.067,182.172,181.789,181.901,182.080,182.182,181.801,181.913,182.092,182.195,181.813,181.925
3665,GBP_JPY,2023-06-26T13:00:00.000000000Z,14069,181.901,182.516,181.867,182.389,181.912,182.527,181.878,182.400,181.923,182.538,181.888,182.410
3666,GBP_JPY,2023-06-26T14:00:00.000000000Z,15745,182.386,182.568,182.282,182.454,182.397,182.580,182.294,182.466,182.408,182.592,182.305,182.477
3667,GBP_JPY,2023-06-26T15:00:00.000000000Z,11757,182.454,182.660,182.335,182.614,182.465,182.669,182.347,182.626,182.476,182.678,182.359,182.638
3668,GBP_JPY,2023-06-26T16:00:00.000000000Z,8643,182.612,182.649,182.497,182.642,182.624,182.661,182.510,182.654,182.635,182.673,182.519,182.667
3669,GBP_JPY,2023-06-26T17:00:00.000000000Z,6599,182.642,182.686,182.464,182.472,182.654,182.696,182.475,182.482,182.666,182.707,182.486,182.493
3670,GBP_JPY,2023-06-26T18:00:00.000000000Z,5934,182.472,182.562,182.439,182.445,182.482,182.572,182.450,182.456,182.492,182.581,182.460,182.468
3671,GBP_JPY,2023-06-26T19:00:00.000000000Z,6743,182.447,182.546,182.352,182.391,182.458,182.557,182.360,182.401,182.468,182.569,182.368,182.411
3672,GBP_JPY,2023-06-26T20:00:00.000000000Z,2247,182.384,182.461,182.383,182.413,182.394,182.472,182.394,182.426,182.405,182.484,182.405,182.439
3673,GBP_JPY,2023-06-26T21:00:00.000000000Z,470,182.402,182.414,182.277,182.349,182.477,182.486,182.350,182.397,182.552,182.558,182.419,182.445
3674,GBP_JPY,2023-06-26T22:00:00.000000000Z,4304,182.359,182.411,182.309,182.315,182.404,182.442,182.327,182.334,182.449,182.484,182.344,182.352
3675,GBP_JPY,2023-06-26T23:00:00.000000000Z,3020,182.313,182.358,182.225,182.342,182.332,182.373,182.240,182.354,182.350,182.388,182.256,182.366
3676,GBP_JPY,2023-06-27T00:00:00.000000000Z,7779,182.342,182.412,182.229,182.306,182.354,182.422,182.242,182.318,182.365,182.433,182.256,182.330
3677,GBP_JPY,2023-06-27T01:00:00.000000000Z,10301,182.303,182.529,182.231,182.436,182.315,182.543,182.244,182.448,182.327,182.557,182.255,182.461
3678,GBP_JPY,2023-06-27T02:00:00.000000000Z,6108,182.438,182.546,182.396,182.507,182.452,182.558,182.409,182.519,182.465,182.573,182.422,182.531
3679,GBP_JPY,2023-06-27T03:00:00.000000000Z,6822,182.506,182.566,182.391,182.546,182.518,182.576,182.404,182.558,182.531,182.585,182.414,182.569
3680,GBP_JPY,2023-06-27T04:00:00.000000000Z,5177,182.545,182.680,182.538,182.647,182.556,182.693,182.548,182.658,182.566,182.707,182.559,182.670
3681,GBP_JPY,2023-06-27T05:00:00.000000000Z,6648,182.647,182.888,182.645,182.795,182.659,182.898,182.656,182.808,182.671,182.909,182.668,182.821
3682,GBP_JPY,2023-06-27T06:00:00.000000000Z,9237,182.801,183.003,182.772,182.847,182.812,183.014,182.786,182.861,182.824,183.026,182.799,182.875
3683,GBP_JPY,2023-06-27T07:00:00.000000000Z,10662,182.847,183.004,182.684,182.760,182.860,183.014,182.696,182.772,182.872,183.025,182.707,182.783
3684,GBP_JPY,2023-06-27T08:00:00.000000000Z,11756,182.760,183.043,182.725,183.042,182.772,183.054,182.738,183.052,182.784,183.066,182.751,183.063
3685,GBP_JPY,2023-06-27T09:00:00.000000000Z,9777,183.037,183.086,182.843,182.920,183.050,183.098,182.856,182.930,183.063,183.110,182.868,182.941
3686,GBP_JPY,2023-06-27T10:00:00.000000000Z,7888,182.920,183.109,182.862,183.015,182.930,183.121,182.875,183.024,182.940,183.133,182.888,183.034
3687,GBP_JPY,2023-06-27T11:00:00.000000000Z,9105,183.013,183.014,182.583,182.702,183.024,183.024,182.595,182.716,183.034,183.035,182.606,182.729
3688,GBP_JPY,2023-06-27T12:00:00.000000000Z,15326,182.698,182.854,182.558,182.837,182.711,182.864,182.578,182.848,182.724,182.876,182.588,182.860
3689,GBP_JPY,2023-06-27T13:00:00.000000000Z,17093,182.836,183.035,182.612,182.985,182.848,183.049,182.625,183.014,182.861,183.064,182.638,183.042
3690,GBP_JPY,2023-06-27T14:00:00.000000000Z,20219,182.979,183.610,182.938,183.573,183.008,183.622,182.982,183.583,183.036,183.633,183.027,183.593
3691,GBP_JPY,2023-06-27T15:00:00.000000000Z,12765,183.573,183.691,183.513,183.593,183.582,183.700,183.526,183.604,183.591,183.710,183.537,183.615
3692,GBP_JPY,2023-06-27T16:00:00.000000000Z,8308,183.595,183.632,183.415,183.557,183.606,183.642,183.428,183.568,183.617,183.654,183.440,183.579
3693,GBP_JPY,2023-06-27T17:00:00.000000000Z,8530,183.559,183.681,183.471,183.544,183.570,183.692,183.482,183.555,183.581,183.703,183.493,183.566
3694,GBP_JPY,2023-06-27T18:00:00.000000000Z,6384,183.546,183.666,183.518,183.663,183.556,183.676,183.529,183.674,183.566,183.687,183.540,183.685
3695,GBP_JPY,2023-06-27T19:00:00.000000000Z,6410,183.663,183.756,183.610,183.647,183.674,183.767,183.620,183.658,183.684,183.778,183.631,183.670
3696,GBP_JPY,2023-06-27T20:00:00.000000000Z,2727,183.645,183.672,183.604,183.662,183.658,183.685,183.616,183.676,183.670,183.706,183.628,183.689
3697,GBP_JPY,2023-06-27T21:00:00.000000000Z,565,183.639,183.652,183.509,183.587,183.688,183.702,183.605,183.630,183.736,183.867,183.648,183.672
3698,GBP_JPY,2023-06-27T22:00:00.000000000Z,3314,183.584,183.680,183.475,183.509,183.621,183.710,183.490,183.522,183.658,183.741,183.505,183.536
3699,GBP_JPY,2023-06-27T23:00:00.000000000Z,3425,183.514,183.515,183.264,183.368,183.525,183.527,183.278,183.383,183.536,183.542,183.292,183.398
3700,GBP_JPY,2023-06-28T00:00:00.000000000Z,9359,183.370,183.400,183.231,183.246,183.385,183.414,183.245,183.260,183.400,183.428,183.259,183.274
3701,GBP_JPY,2023-06-28T01:00:00.000000000Z,10297,183.251,183.359,183.061,183.165,183.265,183.372,183.074,183.178,183.279,183.384,183.085,183.192
3702,GBP_JPY,2023-06-28T02:00:00.000000000Z,7315,183.165,183.381,183.146,183.220,183.178,183.392,183.158,183.232,183.191,183.404,183.170,183.245
3703,GBP_JPY,2023-06-28T03:00:00.000000000Z,5500,183.218,183.329,183.166,183.308,183.231,183.342,183.180,183.319,183.244,183.355,183.193,183.330
3704,GBP_JPY,2023-06-28T04:00:00.000000000Z,5121,183.305,183.318,183.184,183.227,183.318,183.330,183.199,183.239,183.330,183.342,183.213,183.251
3705,GBP_JPY,2023-06-28T05:00:00.000000000Z,6414,183.227,183.294,183.141,183.260,183.238,183.306,183.154,183.272,183.250,183.318,183.166,183.283
3706,GBP_JPY,2023-06-28T06:00:00.000000000Z,7856,183.261,183.320,183.110,183.211,183.272,183.334,183.122,183.223,183.283,183.349,183.134,183.235
3707,GBP_JPY,2023-06-28T07:00:00.000000000Z,11826,183.210,183.594,183.154,183.408,183.224,183.606,183.166,183.421,183.238,183.618,183.178,183.434
3708,GBP_JPY,2023-06-28T08:00:00.000000000Z,12651,183.409,183.469,183.038,183.126,183.422,183.480,183.050,183.137,183.434,183.491,183.061,183.148
3709,GBP_JPY,2023-06-28T09:00:00.000000000Z,10729,183.124,183.166,182.713,182.854,183.134,183.176,182.724,182.864,183.145,183.187,182.736,182.875
3710,GBP_JPY,2023-06-28T10:00:00.000000000Z,8463,182.854,183.151,182.764,182.906,182.865,183.162,182.776,182.919,182.876,183.173,182.786,182.932
3711,GBP_JPY,2023-06-28T11:00:00.000000000Z,9862,182.907,183.003,182.566,182.598,182.920,183.015,182.576,182.608,182.932,183.028,182.586,182.619
3712,GBP_JPY,2023-06-28T12:00:00.000000000Z,13046,182.601,182.659,182.401,182.515,182.611,182.669,182.411,182.526,182.621,182.679,182.421,182.538
3713,GBP_JPY,2023-06-28T13:00:00.000000000Z,16709,182.517,182.539,182.237,182.485,182.528,182.551,182.250,182.496,182.539,182.564,182.263,182.506
3714,GBP_JPY,2023-06-28T14:00:00.000000000Z,18269,182.487,182.657,182.137,182.276,182.498,182.669,182.150,182.288,182.508,182.683,182.162,182.300
3715,GBP_JPY,2023-06-28T15:00:00.000000000Z,14158,182.273,182.398,182.140,182.239,182.284,182.410,182.152,182.248,182.296,182.423,182.163,182.258
3716,GBP_JPY,2023-06-28T16:00:00.000000000Z,9319,182.228,182.504,182.191,182.359,182.238,182.515,182.203,182.369,182.248,182.526,182.214,182.379
3717,GBP_JPY,2023-06-28T17:00:00.000000000Z,7007,182.358,182.561,182.283,182.495,182.368,182.570,182.294,182.506,182.379,182.581,182.303,182.516
3718,GBP_JPY,2023-06-28T18:00:00.000000000Z,5503,182.496,182.602,182.450,182.516,182.506,182.613,182.461,182.525,182.515,182.624,182.470,182.534
3719,GBP_JPY,2023-06-28T19:00:00.000000000Z,5560,182.523,182.576,182.473,182.576,182.530,182.584,182.485,182.584,182.538,182.593,182.497,182.593
3720,GBP_JPY,2023-06-28T20:00:00.000000000Z,3401,182.577,182.621,182.511,182.562,182.586,182.633,182.522,182.576,182.595,182.645,182.531,182.591
3721,GBP_JPY,2023-06-28T21:00:00.000000000Z,589,182.449,182.548,182.421,182.434,182.558,182.639,182.480,182.493,182.667,182.731,182.518,182.552
3722,GBP_JPY,2023-06-28T22:00:00.000000000Z,3676,182.463,182.534,182.415,182.502,182.500,182.560,182.432,182.515,182.537,182.593,182.449,182.528
3723,GBP_JPY,2023-06-28T23:00:00.000000000Z,3115,182.498,182.549,182.461,182.527,182.512,182.562,182.474,182.539,182.527,182.575,182.486,182.551
3724,GBP_JPY,2023-06-29T00:00:00.000000000Z,7013,182.527,182.546,182.206,182.247,182.540,182.557,182.219,182.259,182.552,182.568,182.232,182.271
3725,GBP_JPY,2023-06-29T01:00:00.000000000Z,8260,182.245,182.397,182.221,182.370,182.259,182.410,182.233,182.384,182.273,182.422,182.244,182.397
3726,GBP_JPY,2023-06-29T02:00:00.000000000Z,7025,182.370,182.424,182.262,182.283,182.384,182.436,182.276,182.296,182.398,182.449,182.287,182.309
3727,GBP_JPY,2023-06-29T03:00:00.000000000Z,6209,182.284,182.437,182.270,182.347,182.296,182.450,182.279,182.358,182.308,182.463,182.287,182.368
3728,GBP_JPY,2023-06-29T04:00:00.000000000Z,4894,182.347,182.522,182.336,182.465,182.358,182.532,182.348,182.476,182.370,182.541,182.360,182.488
3729,GBP_JPY,2023-06-29T05:00:00.000000000Z,7383,182.463,182.513,182.321,182.467,182.476,182.524,182.334,182.480,182.488,182.537,182.345,182.492
3730,GBP_JPY,2023-06-29T06:00:00.000000000Z,10063,182.464,182.732,182.422,182.710,182.476,182.742,182.433,182.720,182.489,182.755,182.444,182.730
3731,GBP_JPY,2023-06-29T07:00:00.000000000Z,12525,182.730,182.857,182.241,182.536,182.738,182.870,182.255,182.546,182.746,182.884,182.266,182.555
3732,GBP_JPY,2023-06-29T08:00:00.000000000Z,11704,182.522,182.593,182.370,182.418,182.531,182.606,182.382,182.428,182.540,182.619,182.395,182.438
3733,GBP_JPY,2023-06-29T09:00:00.000000000Z,7663,182.418,182.621,182.381,182.571,182.428,182.632,182.394,182.582,182.439,182.643,182.406,182.593
3734,GBP_JPY,2023-06-29T10:00:00.000000000Z,6967,182.571,182.622,182.413,182.467,182.581,182.633,182.424,182.478,182.591,182.644,182.434,182.489
3735,GBP_JPY,2023-06-29T11:00:00.000000000Z,7459,182.467,182.622,182.397,182.605,182.478,182.634,182.408,182.617,182.490,182.646,182.420,182.629
3736,GBP_JPY,2023-06-29T12:00:00.000000000Z,18133,182.602,182.709,182.425,182.516,182.614,182.729,182.438,182.529,182.627,182.760,182.449,182.542
3737,GBP_JPY,2023-06-29T13:00:00.000000000Z,18840,182.517,182.659,182.314,182.529,182.530,182.669,182.327,182.540,182.542,182.682,182.338,182.552
3738,GBP_JPY,2023-06-29T14:00:00.000000000Z,19593,182.529,182.693,182.401,182.453,182.541,182.700,182.414,182.464,182.553,182.714,182.425,182.474
3739,GBP_JPY,2023-06-29T15:00:00.000000000Z,12413,182.451,182.583,182.349,182.559,182.462,182.596,182.362,182.572,182.472,182.610,182.373,182.586
3740,GBP_JPY,2023-06-29T16:00:00.000000000Z,8857,182.558,182.871,182.555,182.833,182.572,182.884,182.570,182.848,182.586,182.898,182.583,182.863
3741,GBP_JPY,2023-06-29T17:00:00.000000000Z,6498,182.834,182.835,182.646,182.691,182.848,182.848,182.660,182.705,182.863,182.863,182.674,182.719
3742,GBP_JPY,2023-06-29T18:00:00.000000000Z,6296,182.688,182.797,182.660,182.743,182.703,182.812,182.674,182.758,182.718,182.826,182.686,182.772
3743,GBP_JPY,2023-06-29T19:00:00.000000000Z,5210,182.742,182.756,182.597,182.690,182.757,182.770,182.612,182.704,182.772,182.785,182.625,182.717
3744,GBP_JPY,2023-06-29T20:00:00.000000000Z,2324,182.686,182.686,182.559,182.593,182.699,182.700,182.582,182.610,182.712,182.713,182.594,182.626
3745,GBP_JPY,2023-06-29T21:00:00.000000000Z,372,182.541,182.577,182.450,182.528,182.596,182.617,182.541,182.564,182.650,182.688,182.598,182.601
3746,GBP_JPY,2023-06-29T22:00:00.000000000Z,2483,182.547,182.597,182.489,182.553,182.572,182.621,182.520,182.570,182.598,182.656,182.535,182.586
3747,GBP_JPY,2023-06-29T23:00:00.000000000Z,2747,182.555,182.637,182.457,182.623,182.572,182.652,182.478,182.638,182.588,182.669,182.499,182.653
3748,GBP_JPY,2023-06-30T00:00:00.000000000Z,8211,182.621,182.840,182.569,182.787,182.637,182.854,182.584,182.803,182.653,182.870,182.599,182.819
3749,GBP_JPY,2023-06-30T01:00:00.000000000Z,8978,182.787,182.951,182.638,182.650,182.802,182.966,182.653,182.664,182.817,182.982,182.667,182.679
3750,GBP_JPY,2023-06-30T02:00:00.000000000Z,7649,182.655,182.843,182.619,182.628,182.669,182.858,182.638,182.642,182.683,182.875,182.654,182.656
3751,GBP_JPY,2023-06-30T03:00:00.000000000Z,5653,182.622,182.766,182.595,182.678,182.639,182.779,182.612,182.693,182.656,182.793,182.628,182.708
3752,GBP_JPY,2023-06-30T04:00:00.000000000Z,4573,182.677,182.758,182.577,182.692,182.692,182.774,182.594,182.702,182.706,182.790,182.609,182.711
3753,GBP_JPY,2023-06-30T05:00:00.000000000Z,5701,182.695,182.798,182.601,182.696,182.704,182.813,182.616,182.722,182.714,182.829,182.631,182.747
3754,GBP_JPY,2023-06-30T06:00:00.000000000Z,8655,182.686,182.708,182.190,182.425,182.708,182.724,182.206,182.440,182.730,182.746,182.221,182.454
3755,GBP_JPY,2023-06-30T07:00:00.000000000Z,11657,182.425,183.145,182.365,183.073,182.439,183.159,182.382,183.087,182.453,183.173,182.399,183.101
3756,GBP_JPY,2023-06-30T08:00:00.000000000Z,10422,183.074,183.126,182.433,182.444,183.088,183.140,182.448,182.457,183.103,183.154,182.461,182.470
3757,GBP_JPY,2023-06-30T09:00:00.000000000Z,10441,182.424,182.915,182.400,182.843,182.434,182.928,182.414,182.856,182.445,182.940,182.424,182.870
3758,GBP_JPY,2023-06-30T10:00:00.000000000Z,8157,182.843,182.917,182.663,182.905,182.857,182.928,182.677,182.918,182.871,182.942,182.691,182.932
3759,GBP_JPY,2023-06-30T11:00:00.000000000Z,7072,182.902,183.045,182.860,183.036,182.916,183.058,182.876,183.048,182.929,183.072,182.892,183.060
3760,GBP_JPY,2023-06-30T12:00:00.000000000Z,16264,183.038,183.296,182.931,183.237,183.050,183.312,183.002,183.251,183.063,183.327,183.037,183.265
3761,GBP_JPY,2023-06-30T13:00:00.000000000Z,15640,183.240,183.525,183.111,183.451,183.254,183.539,183.128,183.500,183.268,183.560,183.144,183.548
3762,GBP_JPY,2023-06-30T14:00:00.000000000Z,19424,183.452,183.806,183.387,183.747,183.506,183.817,183.401,183.760,183.561,183.829,183.412,183.772
3763,GBP_JPY,2023-06-30T15:00:00.000000000Z,13089,183.750,183.866,183.547,183.598,183.763,183.880,183.562,183.612,183.776,183.893,183.576,183.625
3764,GBP_JPY,2023-06-30T16:00:00.000000000Z,7952,183.597,183.703,183.474,183.517,183.610,183.716,183.486,183.530,183.623,183.728,183.498,183.543
3765,GBP_JPY,2023-06-30T17:00:00.000000000Z,6395,183.517,183.585,183.302,183.341,183.530,183.600,183.315,183.354,183.542,183.615,183.328,183.366
3766,GBP_JPY,2023-06-30T18:00:00.000000000Z,5734,183.342,183.386,183.125,183.178,183.354,183.399,183.140,183.190,183.366,183.412,183.152,183.202
3767,GBP_JPY,2023-06-30T19:00:00.000000000Z,6617,183.173,183.253,183.114,183.203,183.187,183.264,183.127,183.216,183.201,183.277,183.139,183.230
3768,GBP_JPY,2023-06-30T20:00:00.000000000Z,4066,183.204,183.255,183.141,183.158,183.218,183.284,183.170,183.268,183.232,183.382,183.194,183.377
3769,GBP_JPY,2023-07-02T21:00:00.000000000Z,494,183.071,183.142,182.978,183.133,183.296,183.318,183.190,183.224,183.521,183.543,183.283,183.316
3770,GBP_JPY,2023-07-02T22:00:00.000000000Z,2876,183.132,183.319,183.121,183.271,183.201,183.344,183.196,183.298,183.270,183.381,183.270,183.324
3771,GBP_JPY,2023-07-02T23:00:00.000000000Z,3925,183.269,183.329,183.221,183.280,183.296,183.348,183.249,183.296,183.324,183.368,183.277,183.312
3772,GBP_JPY,2023-07-03T00:00:00.000000000Z,9197,183.275,183.348,183.087,183.290,183.294,183.361,183.102,183.306,183.314,183.375,183.118,183.322
3773,GBP_JPY,2023-07-03T01:00:00.000000000Z,7927,183.290,183.520,183.290,183.487,183.306,183.538,183.306,183.504,183.323,183.558,183.322,183.520
3774,GBP_JPY,2023-07-03T02:00:00.000000000Z,7060,183.486,183.661,183.457,183.647,183.503,183.676,183.474,183.661,183.520,183.692,183.490,183.675
3775,GBP_JPY,2023-07-03T03:00:00.000000000Z,5608,183.646,183.745,183.607,183.649,183.661,183.760,183.622,183.665,183.676,183.776,183.638,183.681
3776,GBP_JPY,2023-07-03T04:00:00.000000000Z,5252,183.647,183.669,183.479,183.502,183.662,183.683,183.494,183.517,183.678,183.697,183.508,183.532
3777,GBP_JPY,2023-07-03T05:00:00.000000000Z,5747,183.504,183.526,183.325,183.488,183.518,183.541,183.340,183.503,183.532,183.556,183.353,183.518
3778,GBP_JPY,2023-07-03T06:00:00.000000000Z,8995,183.488,183.724,183.214,183.625,183.502,183.738,183.231,183.640,183.517,183.752,183.246,183.654
3779,GBP_JPY,2023-07-03T07:00:00.000000000Z,10649,183.628,183.633,183.250,183.421,183.642,183.648,183.264,183.434,183.656,183.663,183.277,183.448
3780,GBP_JPY,2023-07-03T08:00:00.000000000Z,9773,183.421,183.656,183.294,183.347,183.435,183.670,183.308,183.361,183.449,183.685,183.321,183.375
3781,GBP_JPY,2023-07-03T09:00:00.000000000Z,8786,183.348,183.474,183.098,183.185,183.364,183.486,183.112,183.199,183.381,183.499,183.125,183.213
3782,GBP_JPY,2023-07-03T10:00:00.000000000Z,8546,183.184,183.475,183.154,183.400,183.198,183.490,183.169,183.414,183.213,183.505,183.183,183.427
3783,GBP_JPY,2023-07-03T11:00:00.000000000Z,9206,183.402,183.626,183.353,183.589,183.417,183.640,183.366,183.604,183.432,183.655,183.379,183.619
3784,GBP_JPY,2023-07-03T12:00:00.000000000Z,10283,183.587,183.609,183.405,183.530,183.602,183.622,183.419,183.544,183.618,183.637,183.433,183.558
3785,GBP_JPY,2023-07-03T13:00:00.000000000Z,12864,183.528,183.590,183.277,183.312,183.543,183.604,183.292,183.348,183.558,183.620,183.307,183.384
3786,GBP_JPY,2023-07-03T14:00:00.000000000Z,17155,183.043,183.396,183.043,183.283,183.268,183.410,183.102,183.296,183.493,183.493,183.116,183.309
3787,GBP_JPY,2023-07-03T15:00:00.000000000Z,10356,183.284,183.482,183.234,183.417,183.296,183.495,183.248,183.430,183.309,183.508,183.263,183.443
3788,GBP_JPY,2023-07-03T16:00:00.000000000Z,6267,183.417,183.726,183.403,183.699,183.429,183.740,183.418,183.712,183.441,183.755,183.431,183.724
3789,GBP_JPY,2023-07-03T17:00:00.000000000Z,3268,183.698,183.699,183.483,183.483,183.710,183.712,183.497,183.498,183.721,183.728,183.510,183.512
3790,GBP_JPY,2023-07-03T18:00:00.000000000Z,2600,183.483,183.645,183.478,183.638,183.498,183.658,183.490,183.652,183.514,183.672,183.503,183.666
3791,GBP_JPY,2023-07-03T19:00:00.000000000Z,1545,183.640,183.675,183.623,183.657,183.653,183.692,183.640,183.672,183.666,183.708,183.653,183.688
3792,GBP_JPY,2023-07-03T20:00:00.000000000Z,1014,183.653,183.695,183.571,183.604,183.668,183.711,183.614,183.624,183.684,183.727,183.634,183.644
3793,GBP_JPY,2023-07-03T21:00:00.000000000Z,106,183.492,183.598,183.464,183.502,183.590,183.655,183.556,183.575,183.689,183.790,183.648,183.648
3794,GBP_JPY,2023-07-03T22:00:00.000000000Z,1262,183.511,183.635,183.447,183.559,183.560,183.654,183.556,183.577,183.609,183.700,183.580,183.595
3795,GBP_JPY,2023-07-03T23:00:00.000000000Z,1727,183.570,183.589,183.476,183.514,183.586,183.603,183.493,183.530,183.603,183.617,183.509,183.547
3796,GBP_JPY,2023-07-04T00:00:00.000000000Z,4614,183.512,183.521,183.380,183.417,183.528,183.538,183.396,183.432,183.545,183.554,183.411,183.447
3797,GBP_JPY,2023-07-04T01:00:00.000000000Z,4850,183.417,183.505,183.363,183.503,183.432,183.521,183.379,183.518,183.446,183.537,183.395,183.534
3798,GBP_JPY,2023-07-04T02:00:00.000000000Z,3571,183.505,183.562,183.425,183.441,183.520,183.576,183.440,183.458,183.534,183.590,183.454,183.474
3799,GBP_JPY,2023-07-04T03:00:00.000000000Z,3937,183.442,183.570,183.415,183.533,183.458,183.586,183.431,183.546,183.474,183.602,183.447,183.560
3800,GBP_JPY,2023-07-04T04:00:00.000000000Z,6454,183.533,183.597,183.423,183.503,183.547,183.612,183.440,183.518,183.561,183.629,183.458,183.532
3801,GBP_JPY,2023-07-04T05:00:00.000000000Z,3362,183.500,183.514,183.443,183.495,183.516,183.528,183.457,183.508,183.532,183.544,183.470,183.522
3802,GBP_JPY,2023-07-04T06:00:00.000000000Z,6979,183.498,183.597,183.403,183.460,183.512,183.610,183.416,183.474,183.525,183.626,183.430,183.487
3803,GBP_JPY,2023-07-04T07:00:00.000000000Z,7481,183.461,183.549,183.352,183.450,183.474,183.564,183.368,183.463,183.487,183.579,183.384,183.476
3804,GBP_JPY,2023-07-04T08:00:00.000000000Z,6426,183.450,183.456,183.224,183.302,183.464,183.470,183.238,183.316,183.477,183.484,183.251,183.329
3805,GBP_JPY,2023-07-04T09:00:00.000000000Z,5897,183.302,183.394,183.249,183.380,183.316,183.406,183.263,183.394,183.330,183.419,183.277,183.407
3806,GBP_JPY,2023-07-04T10:00:00.000000000Z,5156,183.383,183.622,183.309,183.555,183.396,183.634,183.322,183.566,183.410,183.648,183.336,183.578
3807,GBP_JPY,2023-07-04T11:00:00.000000000Z,4771,183.555,183.718,183.548,183.630,183.568,183.731,183.562,183.645,183.580,183.744,183.576,183.660
3808,GBP_JPY,2023-07-04T12:00:00.000000000Z,5841,183.632,183.848,183.599,183.808,183.647,183.862,183.614,183.822,183.662,183.875,183.628,183.837
3809,GBP_JPY,2023-07-04T13:00:00.000000000Z,6269,183.806,183.810,183.511,183.657,183.821,183.825,183.524,183.672,183.836,183.841,183.536,183.687
3810,GBP_JPY,2023-07-04T14:00:00.000000000Z,5632,183.661,183.760,183.581,183.719,183.676,183.774,183.596,183.735,183.691,183.789,183.610,183.751
3811,GBP_JPY,2023-07-04T15:00:00.000000000Z,5002,183.720,183.900,183.720,183.839,183.736,183.915,183.736,183.854,183.751,183.930,183.751,183.868
3812,GBP_JPY,2023-07-04T16:00:00.000000000Z,3843,183.838,183.864,183.707,183.792,183.853,183.880,183.725,183.808,183.868,183.895,183.743,183.823
3813,GBP_JPY,2023-07-04T17:00:00.000000000Z,1408,183.789,183.854,183.763,183.853,183.804,183.867,183.777,183.866,183.819,183.880,183.791,183.880
3814,GBP_JPY,2023-07-04T18:00:00.000000000Z,1368,183.852,183.883,183.726,183.742,183.866,183.898,183.740,183.758,183.880,183.913,183.754,183.773
3815,GBP_JPY,2023-07-04T19:00:00.000000000Z,2796,183.744,183.783,183.629,183.705,183.760,183.797,183.644,183.720,183.775,183.811,183.659,183.734
3816,GBP_JPY,2023-07-04T20:00:00.000000000Z,2142,183.703,183.703,183.611,183.637,183.718,183.718,183.626,183.660,183.732,183.732,183.640,183.683
3817,GBP_JPY,2023-07-04T21:00:00.000000000Z,116,183.594,183.625,183.495,183.589,183.670,183.695,183.635,183.648,183.745,183.823,183.699,183.706
3818,GBP_JPY,2023-07-04T22:00:00.000000000Z,1922,183.589,183.667,183.568,183.653,183.646,183.694,183.586,183.670,183.703,183.733,183.601,183.688
3819,GBP_JPY,2023-07-04T23:00:00.000000000Z,1939,183.651,183.705,183.618,183.634,183.668,183.720,183.632,183.650,183.686,183.735,183.647,183.667
3820,GBP_JPY,2023-07-05T00:00:00.000000000Z,5226,183.632,183.866,183.632,183.649,183.650,183.880,183.647,183.664,183.667,183.894,183.662,183.679
3821,GBP_JPY,2023-07-05T01:00:00.000000000Z,6235,183.645,183.894,183.635,183.722,183.660,183.907,183.648,183.736,183.674,183.921,183.661,183.751
3822,GBP_JPY,2023-07-05T02:00:00.000000000Z,3671,183.722,183.755,183.622,183.634,183.735,183.770,183.636,183.646,183.748,183.785,183.650,183.659
3823,GBP_JPY,2023-07-05T03:00:00.000000000Z,3506,183.628,183.681,183.586,183.631,183.640,183.694,183.603,183.644,183.653,183.711,183.619,183.658
3824,GBP_JPY,2023-07-05T04:00:00.000000000Z,3354,183.631,183.644,183.557,183.619,183.644,183.657,183.571,183.636,183.656,183.671,183.585,183.653
3825,GBP_JPY,2023-07-05T05:00:00.000000000Z,5037,183.619,183.838,183.566,183.766,183.636,183.854,183.581,183.782,183.654,183.870,183.594,183.797
3826,GBP_JPY,2023-07-05T06:00:00.000000000Z,8246,183.774,183.845,183.659,183.772,183.786,183.856,183.672,183.784,183.799,183.870,183.684,183.797
3827,GBP_JPY,2023-07-05T07:00:00.000000000Z,11057,183.773,184.007,183.574,183.586,183.786,184.020,183.584,183.602,183.799,184.033,183.593,183.619
3828,GBP_JPY,2023-07-05T08:00:00.000000000Z,12059,183.585,183.585,183.188,183.501,183.602,183.602,183.204,183.514,183.619,183.619,183.218,183.527
3829,GBP_JPY,2023-07-05T09:00:00.000000000Z,9238,183.501,183.571,183.248,183.438,183.514,183.585,183.262,183.452,183.528,183.599,183.276,183.466
3830,GBP_JPY,2023-07-05T10:00:00.000000000Z,7005,183.438,183.533,183.143,183.149,183.452,183.544,183.158,183.161,183.465,183.558,183.172,183.173
3831,GBP_JPY,2023-07-05T11:00:00.000000000Z,8156,183.147,183.487,183.144,183.481,183.159,183.501,183.159,183.496,183.171,183.515,183.171,183.512
3832,GBP_JPY,2023-07-05T12:00:00.000000000Z,9916,183.479,183.806,183.428,183.597,183.494,183.820,183.442,183.610,183.508,183.835,183.456,183.624
3833,GBP_JPY,2023-07-05T13:00:00.000000000Z,13161,183.596,183.714,183.310,183.490,183.611,183.729,183.324,183.508,183.626,183.745,183.338,183.525
3834,GBP_JPY,2023-07-05T14:00:00.000000000Z,13959,183.492,183.752,183.321,183.701,183.510,183.766,183.336,183.712,183.527,183.780,183.352,183.722
3835,GBP_JPY,2023-07-05T15:00:00.000000000Z,9188,183.700,183.836,183.612,183.687,183.711,183.850,183.626,183.701,183.722,183.864,183.639,183.715
3836,GBP_JPY,2023-07-05T16:00:00.000000000Z,5707,183.688,183.872,183.653,183.786,183.703,183.886,183.668,183.800,183.718,183.901,183.683,183.815
3837,GBP_JPY,2023-07-05T17:00:00.000000000Z,4950,183.785,183.814,183.652,183.690,183.800,183.825,183.668,183.710,183.815,183.838,183.685,183.730
3838,GBP_JPY,2023-07-05T18:00:00.000000000Z,7366,183.689,183.766,183.593,183.630,183.710,183.778,183.606,183.642,183.731,183.792,183.618,183.653
3839,GBP_JPY,2023-07-05T19:00:00.000000000Z,5873,183.632,183.761,183.628,183.724,183.643,183.776,183.641,183.738,183.654,183.791,183.652,183.752
3840,GBP_JPY,2023-07-05T20:00:00.000000000Z,2384,183.727,183.803,183.718,183.744,183.740,183.813,183.732,183.770,183.754,183.828,183.746,183.797
3841,GBP_JPY,2023-07-05T21:00:00.000000000Z,3160,183.501,183.722,183.501,183.599,183.648,183.770,183.648,183.666,183.796,183.817,183.724,183.732
3842,GBP_JPY,2023-07-05T22:00:00.000000000Z,2110,183.595,183.712,183.584,183.603,183.644,183.738,183.601,183.616,183.692,183.775,183.617,183.630
3843,GBP_JPY,2023-07-05T23:00:00.000000000Z,2493,183.604,183.624,183.412,183.564,183.620,183.640,183.430,183.578,183.636,183.656,183.447,183.592
3844,GBP_JPY,2023-07-06T00:00:00.000000000Z,6417,183.563,183.586,183.050,183.126,183.578,183.601,183.066,183.140,183.593,183.616,183.081,183.153
3845,GBP_JPY,2023-07-06T01:00:00.000000000Z,7054,183.127,183.459,183.097,183.448,183.140,183.474,183.114,183.464,183.153,183.489,183.130,183.479
3846,GBP_JPY,2023-07-06T02:00:00.000000000Z,5850,183.448,183.498,183.220,183.247,183.463,183.511,183.234,183.260,183.478,183.525,183.249,183.273
3847,GBP_JPY,2023-07-06T03:00:00.000000000Z,7020,183.250,183.258,183.085,183.085,183.262,183.271,183.101,183.101,183.273,183.286,183.116,183.117
3848,GBP_JPY,2023-07-06T04:00:00.000000000Z,7658,183.084,183.101,182.722,182.883,183.100,183.116,182.736,182.898,183.117,183.133,182.750,182.913
3849,GBP_JPY,2023-07-06T05:00:00.000000000Z,8224,182.882,182.893,182.552,182.644,182.898,182.910,182.569,182.660,182.913,182.926,182.586,182.677
3850,GBP_JPY,2023-07-06T06:00:00.000000000Z,10697,182.646,182.961,182.600,182.903,182.660,182.976,182.614,182.918,182.675,182.990,182.629,182.933
3851,GBP_JPY,2023-07-06T07:00:00.000000000Z,14303,182.898,183.142,182.488,183.099,182.912,183.155,182.504,183.112,182.925,183.169,182.519,183.125
3852,GBP_JPY,2023-07-06T08:00:00.000000000Z,11313,183.102,183.227,182.815,183.030,183.114,183.242,182.832,183.042,183.127,183.256,182.845,183.053
3853,GBP_JPY,2023-07-06T09:00:00.000000000Z,9144,183.032,183.470,182.934,183.441,183.044,183.485,182.948,183.454,183.055,183.501,182.963,183.468
3854,GBP_JPY,2023-07-06T10:00:00.000000000Z,10182,183.439,183.794,183.385,183.684,183.453,183.808,183.398,183.699,183.467,183.825,183.411,183.714
3855,GBP_JPY,2023-07-06T11:00:00.000000000Z,8689,183.686,183.762,183.492,183.525,183.700,183.776,183.506,183.540,183.714,183.790,183.521,183.555
3856,GBP_JPY,2023-07-06T12:00:00.000000000Z,21851,183.523,183.901,183.430,183.788,183.539,183.918,183.481,183.800,183.555,183.935,183.496,183.812
3857,GBP_JPY,2023-07-06T13:00:00.000000000Z,17422,183.790,183.997,183.560,183.646,183.801,184.011,183.574,183.692,183.812,184.025,183.588,183.737
3858,GBP_JPY,2023-07-06T14:00:00.000000000Z,21333,183.662,183.814,183.028,183.160,183.713,183.868,183.041,183.171,183.764,183.995,183.053,183.182
3859,GBP_JPY,2023-07-06T15:00:00.000000000Z,13501,183.161,183.308,182.814,183.257,183.172,183.321,182.827,183.271,183.182,183.335,182.840,183.285
3860,GBP_JPY,2023-07-06T16:00:00.000000000Z,7987,183.257,183.474,183.177,183.398,183.270,183.488,183.192,183.411,183.284,183.504,183.206,183.424
3861,GBP_JPY,2023-07-06T17:00:00.000000000Z,5903,183.399,183.603,183.368,183.589,183.412,183.615,183.380,183.600,183.424,183.628,183.392,183.611
3862,GBP_JPY,2023-07-06T18:00:00.000000000Z,4976,183.588,183.704,183.559,183.649,183.600,183.717,183.572,183.664,183.611,183.730,183.585,183.678
3863,GBP_JPY,2023-07-06T19:00:00.000000000Z,5461,183.651,183.688,183.566,183.605,183.665,183.701,183.578,183.616,183.679,183.714,183.591,183.627
3864,GBP_JPY,2023-07-06T20:00:00.000000000Z,2622,183.608,183.614,183.478,183.502,183.618,183.625,183.505,183.526,183.629,183.639,183.524,183.551
3865,GBP_JPY,2023-07-06T21:00:00.000000000Z,305,183.414,183.540,183.320,183.468,183.496,183.600,183.418,183.512,183.577,183.668,183.478,183.556
3866,GBP_JPY,2023-07-06T22:00:00.000000000Z,1836,183.475,183.558,183.445,183.545,183.513,183.574,183.484,183.562,183.551,183.617,183.507,183.578
3867,GBP_JPY,2023-07-06T23:00:00.000000000Z,2571,183.547,183.548,183.337,183.435,183.562,183.566,183.350,183.450,183.577,183.585,183.363,183.466
3868,GBP_JPY,2023-07-07T00:00:00.000000000Z,6815,183.437,183.549,183.163,183.420,183.450,183.561,183.180,183.436,183.464,183.573,183.195,183.451
3869,GBP_JPY,2023-07-07T01:00:00.000000000Z,7232,183.419,183.497,183.336,183.361,183.434,183.509,183.352,183.376,183.449,183.524,183.367,183.390
3870,GBP_JPY,2023-07-07T02:00:00.000000000Z,4800,183.357,183.390,183.251,183.275,183.371,183.404,183.267,183.290,183.385,183.419,183.283,183.306
3871,GBP_JPY,2023-07-07T03:00:00.000000000Z,4973,183.273,183.319,183.212,183.279,183.291,183.334,183.228,183.296,183.309,183.350,183.242,183.314
3872,GBP_JPY,2023-07-07T04:00:00.000000000Z,4608,183.284,183.328,183.218,183.242,183.299,183.344,183.234,183.258,183.314,183.361,183.248,183.275
3873,GBP_JPY,2023-07-07T05:00:00.000000000Z,7294,183.240,183.264,182.871,182.932,183.258,183.281,182.890,182.946,183.275,183.298,182.907,182.959
3874,GBP_JPY,2023-07-07T06:00:00.000000000Z,9558,182.939,183.032,182.626,182.663,182.951,183.046,182.639,182.677,182.963,183.062,182.651,182.691
3875,GBP_JPY,2023-07-07T07:00:00.000000000Z,12684,182.662,182.826,182.353,182.355,182.676,182.840,182.366,182.368,182.689,182.854,182.380,182.380
3876,GBP_JPY,2023-07-07T08:00:00.000000000Z,10846,182.352,182.467,182.044,182.049,182.366,182.480,182.056,182.062,182.380,182.494,182.069,182.075
3877,GBP_JPY,2023-07-07T09:00:00.000000000Z,9780,182.048,182.511,182.004,182.426,182.062,182.526,182.018,182.442,182.075,182.542,182.031,182.459
3878,GBP_JPY,2023-07-07T10:00:00.000000000Z,7392,182.425,182.790,182.369,182.769,182.440,182.804,182.384,182.784,182.455,182.817,182.397,182.798
3879,GBP_JPY,2023-07-07T11:00:00.000000000Z,8107,182.768,183.050,182.637,182.789,182.782,183.064,182.654,182.802,182.796,183.079,182.670,182.815
3880,GBP_JPY,2023-07-07T12:00:00.000000000Z,19557,182.789,183.097,182.309,183.057,182.802,183.112,182.418,183.073,182.814,183.198,182.488,183.089
3881,GBP_JPY,2023-07-07T13:00:00.000000000Z,22725,183.069,183.107,182.121,182.448,183.081,183.122,182.136,182.463,183.093,183.136,182.150,182.478
3882,GBP_JPY,2023-07-07T14:00:00.000000000Z,18191,182.453,182.486,182.076,182.390,182.467,182.501,182.092,182.402,182.481,182.516,182.106,182.415
3883,GBP_JPY,2023-07-07T15:00:00.000000000Z,11537,182.391,182.633,182.326,182.569,182.403,182.646,182.340,182.582,182.415,182.661,182.353,182.595
3884,GBP_JPY,2023-07-07T16:00:00.000000000Z,8273,182.569,182.664,182.359,182.588,182.582,182.678,182.373,182.602,182.594,182.693,182.387,182.615
3885,GBP_JPY,2023-07-07T17:00:00.000000000Z,5730,182.588,182.616,182.486,182.513,182.602,182.628,182.500,182.526,182.616,182.642,182.512,182.539
3886,GBP_JPY,2023-07-07T18:00:00.000000000Z,4995,182.509,182.525,182.438,182.475,182.525,182.536,182.452,182.488,182.541,182.546,182.465,182.502
3887,GBP_JPY,2023-07-07T19:00:00.000000000Z,5547,182.475,182.491,182.327,182.347,182.488,182.504,182.341,182.362,182.501,182.519,182.355,182.378
3888,GBP_JPY,2023-07-07T20:00:00.000000000Z,2881,182.350,182.443,182.336,182.423,182.366,182.553,182.350,182.505,182.382,182.674,182.364,182.587
3889,GBP_JPY,2023-07-09T21:00:00.000000000Z,465,182.289,182.422,182.271,182.377,182.514,182.523,182.432,182.464,182.738,182.738,182.511,182.551
3890,GBP_JPY,2023-07-09T22:00:00.000000000Z,4365,182.381,182.653,182.372,182.517,182.442,182.672,182.442,182.534,182.504,182.694,182.496,182.552
3891,GBP_JPY,2023-07-09T23:00:00.000000000Z,3339,182.532,182.593,182.455,182.555,182.548,182.609,182.473,182.570,182.564,182.627,182.491,182.585
3892,GBP_JPY,2023-07-10T00:00:00.000000000Z,8709,182.550,182.790,182.423,182.736,182.566,182.804,182.438,182.752,182.581,182.819,182.453,182.768
3893,GBP_JPY,2023-07-10T01:00:00.000000000Z,8094,182.738,182.992,182.629,182.729,182.753,183.010,182.644,182.744,182.768,183.029,182.654,182.758
3894,GBP_JPY,2023-07-10T02:00:00.000000000Z,9188,182.729,183.138,182.719,183.068,182.745,183.150,182.735,183.084,182.761,183.167,182.750,183.099
3895,GBP_JPY,2023-07-10T03:00:00.000000000Z,5971,183.068,183.124,182.812,182.905,183.084,183.138,182.828,182.917,183.100,183.153,182.843,182.929
3896,GBP_JPY,2023-07-10T04:00:00.000000000Z,5192,182.908,183.209,182.894,183.159,182.920,183.224,182.910,183.174,182.932,183.239,182.923,183.188
3897,GBP_JPY,2023-07-10T05:00:00.000000000Z,7625,183.156,183.182,182.629,182.702,183.170,183.196,182.644,182.716,183.185,183.214,182.658,182.729
3898,GBP_JPY,2023-07-10T06:00:00.000000000Z,8925,182.689,182.743,182.363,182.446,182.702,182.756,182.375,182.460,182.714,182.770,182.387,182.473
3899,GBP_JPY,2023-07-10T07:00:00.000000000Z,10871,182.449,182.717,182.131,182.317,182.462,182.730,182.146,182.330,182.476,182.742,182.158,182.344
3900,GBP_JPY,2023-07-10T08:00:00.000000000Z,8191,182.318,182.597,182.318,182.416,182.331,182.612,182.331,182.430,182.344,182.627,182.344,182.444
3901,GBP_JPY,2023-07-10T09:00:00.000000000Z,8011,182.414,182.637,182.283,182.484,182.428,182.651,182.298,182.496,182.443,182.666,182.312,182.509
3902,GBP_JPY,2023-07-10T10:00:00.000000000Z,6567,182.484,182.562,182.103,182.159,182.497,182.576,182.118,182.172,182.510,182.591,182.132,182.184
3903,GBP_JPY,2023-07-10T11:00:00.000000000Z,8374,182.160,182.207,181.599,181.607,182.172,182.222,181.612,181.620,182.184,182.238,181.624,181.632
3904,GBP_JPY,2023-07-10T12:00:00.000000000Z,11662,181.605,181.836,181.496,181.625,181.619,181.850,181.510,181.638,181.633,181.864,181.525,181.652
3905,GBP_JPY,2023-07-10T13:00:00.000000000Z,13913,181.625,181.709,181.092,181.238,181.639,181.722,181.104,181.252,181.653,181.735,181.115,181.266
3906,GBP_JPY,2023-07-10T14:00:00.000000000Z,13718,181.236,181.633,181.117,181.576,181.251,181.647,181.131,181.591,181.266,181.661,181.144,181.606
3907,GBP_JPY,2023-07-10T15:00:00.000000000Z,10394,181.578,181.727,181.486,181.691,181.592,181.741,181.498,181.704,181.606,181.757,181.508,181.718
3908,GBP_JPY,2023-07-10T16:00:00.000000000Z,6992,181.688,181.788,181.629,181.736,181.704,181.800,181.643,181.750,181.719,181.812,181.657,181.763
3909,GBP_JPY,2023-07-10T17:00:00.000000000Z,5592,181.734,181.752,181.567,181.615,181.748,181.764,181.578,181.629,181.761,181.777,181.589,181.643
3910,GBP_JPY,2023-07-10T18:00:00.000000000Z,5276,181.616,181.696,181.578,181.671,181.629,181.712,181.590,181.684,181.642,181.727,181.603,181.696
3911,GBP_JPY,2023-07-10T19:00:00.000000000Z,4420,181.671,181.822,181.631,181.731,181.683,181.835,181.644,181.742,181.695,181.849,181.656,181.754
3912,GBP_JPY,2023-07-10T20:00:00.000000000Z,2188,181.731,181.787,181.707,181.725,181.744,181.800,181.724,181.740,181.756,181.814,181.737,181.755
3913,GBP_JPY,2023-07-10T21:00:00.000000000Z,397,181.707,181.744,181.616,181.687,181.735,181.790,181.679,181.739,181.763,181.856,181.738,181.791
3914,GBP_JPY,2023-07-10T22:00:00.000000000Z,2739,181.685,181.786,181.618,181.765,181.742,181.803,181.638,181.784,181.800,181.820,181.654,181.803
3915,GBP_JPY,2023-07-10T23:00:00.000000000Z,2364,181.765,181.793,181.650,181.765,181.784,181.810,181.664,181.781,181.804,181.826,181.677,181.797
3916,GBP_JPY,2023-07-11T00:00:00.000000000Z,7124,181.766,181.990,181.647,181.884,181.782,182.004,181.661,181.900,181.797,182.017,181.675,181.917
3917,GBP_JPY,2023-07-11T01:00:00.000000000Z,6604,181.885,181.889,181.527,181.537,181.902,181.904,181.544,181.554,181.919,181.921,181.560,181.570
3918,GBP_JPY,2023-07-11T02:00:00.000000000Z,9303,181.535,181.599,180.993,181.068,181.551,181.613,181.008,181.084,181.567,181.629,181.022,181.100
3919,GBP_JPY,2023-07-11T03:00:00.000000000Z,5820,181.073,181.383,181.069,181.304,181.088,181.396,181.085,181.318,181.103,181.410,181.101,181.333
3920,GBP_JPY,2023-07-11T04:00:00.000000000Z,5991,181.302,181.306,181.125,181.264,181.318,181.319,181.138,181.279,181.333,181.333,181.151,181.294
3921,GBP_JPY,2023-07-11T05:00:00.000000000Z,7618,181.263,181.378,181.137,181.263,181.278,181.392,181.150,181.276,181.294,181.406,181.162,181.290
3922,GBP_JPY,2023-07-11T06:00:00.000000000Z,12214,181.263,181.764,181.218,181.270,181.282,181.778,181.228,181.283,181.300,181.792,181.237,181.296
3923,GBP_JPY,2023-07-11T07:00:00.000000000Z,13923,181.272,181.528,180.778,180.902,181.284,181.540,180.793,180.917,181.296,181.554,180.808,180.932
3924,GBP_JPY,2023-07-11T08:00:00.000000000Z,10623,180.903,181.229,180.847,181.102,180.918,181.244,180.861,181.116,180.932,181.259,180.875,181.130
3925,GBP_JPY,2023-07-11T09:00:00.000000000Z,10036,181.103,181.507,181.048,181.306,181.116,181.520,181.062,181.317,181.130,181.534,181.076,181.328
3926,GBP_JPY,2023-07-11T10:00:00.000000000Z,8725,181.308,181.447,181.081,181.252,181.320,181.460,181.094,181.266,181.331,181.473,181.106,181.279
3927,GBP_JPY,2023-07-11T11:00:00.000000000Z,9037,181.256,181.357,181.111,181.301,181.268,181.370,181.124,181.314,181.280,181.383,181.136,181.328
3928,GBP_JPY,2023-07-11T12:00:00.000000000Z,11613,181.302,181.365,181.092,181.162,181.315,181.378,181.106,181.174,181.328,181.391,181.119,181.187
3929,GBP_JPY,2023-07-11T13:00:00.000000000Z,13947,181.162,181.842,181.061,181.710,181.172,181.856,181.072,181.724,181.182,181.871,181.084,181.737
3930,GBP_JPY,2023-07-11T14:00:00.000000000Z,11482,181.714,181.756,181.298,181.322,181.728,181.770,181.310,181.335,181.743,181.784,181.323,181.348
3931,GBP_JPY,2023-07-11T15:00:00.000000000Z,9144,181.320,181.415,181.113,181.253,181.334,181.428,181.127,181.266,181.349,181.442,181.140,181.280
3932,GBP_JPY,2023-07-11T16:00:00.000000000Z,5739,181.248,181.340,181.144,181.333,181.264,181.353,181.157,181.346,181.280,181.367,181.170,181.360
3933,GBP_JPY,2023-07-11T17:00:00.000000000Z,5141,181.335,181.437,181.306,181.311,181.350,181.450,181.319,181.324,181.364,181.464,181.332,181.338
3934,GBP_JPY,2023-07-11T18:00:00.000000000Z,4496,181.312,181.586,181.296,181.576,181.325,181.599,181.310,181.589,181.338,181.613,181.324,181.602
3935,GBP_JPY,2023-07-11T19:00:00.000000000Z,4358,181.574,181.601,181.494,181.530,181.588,181.614,181.507,181.542,181.602,181.626,181.520,181.553
3936,GBP_JPY,2023-07-11T20:00:00.000000000Z,2556,181.525,181.533,181.444,181.483,181.537,181.547,181.460,181.499,181.549,181.562,181.475,181.515
3937,GBP_JPY,2023-07-11T21:00:00.000000000Z,548,181.449,181.483,181.418,181.453,181.510,181.555,181.456,181.506,181.572,181.651,181.493,181.558
3938,GBP_JPY,2023-07-11T22:00:00.000000000Z,2488,181.450,181.462,181.345,181.375,181.482,181.500,181.360,181.392,181.513,181.553,181.372,181.408
3939,GBP_JPY,2023-07-11T23:00:00.000000000Z,3480,181.380,181.482,181.192,181.220,181.396,181.495,181.208,181.235,181.413,181.508,181.224,181.250
3940,GBP_JPY,2023-07-12T00:00:00.000000000Z,10750,181.209,181.262,180.760,180.905,181.224,181.276,180.778,180.920,181.240,181.291,180.795,180.936
3941,GBP_JPY,2023-07-12T01:00:00.000000000Z,10404,180.906,180.915,180.651,180.734,180.921,180.930,180.669,180.751,180.936,180.944,180.684,180.768
3942,GBP_JPY,2023-07-12T02:00:00.000000000Z,8892,180.731,181.139,180.709,180.954,180.748,181.154,180.726,180.964,180.765,181.168,180.742,180.975
3943,GBP_JPY,2023-07-12T03:00:00.000000000Z,5937,180.954,180.998,180.769,180.971,180.965,181.013,180.784,180.984,180.976,181.028,180.797,180.998
3944,GBP_JPY,2023-07-12T04:00:00.000000000Z,5405,180.973,181.034,180.805,180.870,180.986,181.050,180.822,180.886,181.000,181.066,180.838,180.901
3945,GBP_JPY,2023-07-12T05:00:00.000000000Z,6456,180.872,180.894,180.658,180.709,180.887,180.909,180.674,180.724,180.902,180.924,180.689,180.738
3946,GBP_JPY,2023-07-12T06:00:00.000000000Z,8752,180.716,180.841,180.482,180.492,180.732,180.856,180.500,180.506,180.747,180.871,180.512,180.521
3947,GBP_JPY,2023-07-12T07:00:00.000000000Z,10660,180.495,180.866,180.448,180.594,180.509,180.880,180.462,180.608,180.523,180.894,180.475,180.623
3948,GBP_JPY,2023-07-12T08:00:00.000000000Z,8229,180.589,180.799,180.480,180.529,180.602,180.813,180.495,180.542,180.616,180.827,180.510,180.556
3949,GBP_JPY,2023-07-12T09:00:00.000000000Z,8035,180.528,180.638,180.445,180.533,180.542,180.654,180.458,180.548,180.557,180.669,180.471,180.562
3950,GBP_JPY,2023-07-12T10:00:00.000000000Z,6764,180.535,180.570,180.231,180.234,180.548,180.583,180.246,180.249,180.561,180.596,180.260,180.264
3951,GBP_JPY,2023-07-12T11:00:00.000000000Z,6901,180.234,180.321,180.031,180.122,180.250,180.334,180.045,180.136,180.267,180.347,180.059,180.149
3952,GBP_JPY,2023-07-12T12:00:00.000000000Z,21335,180.120,180.450,179.694,180.321,180.134,180.464,179.824,180.334,180.148,180.479,179.837,180.348
3953,GBP_JPY,2023-07-12T13:00:00.000000000Z,21845,180.325,180.758,180.324,180.332,180.336,180.768,180.335,180.347,180.348,180.778,180.346,180.362
3954,GBP_JPY,2023-07-12T14:00:00.000000000Z,18925,180.330,180.487,179.800,179.907,180.344,180.500,179.814,179.920,180.359,180.513,179.828,179.934
3955,GBP_JPY,2023-07-12T15:00:00.000000000Z,12975,179.905,179.918,179.455,179.533,179.918,179.932,179.470,179.548,179.932,179.948,179.484,179.564
3956,GBP_JPY,2023-07-12T16:00:00.000000000Z,8945,179.531,179.934,179.512,179.860,179.546,179.947,179.528,179.872,179.561,179.960,179.543,179.885
3957,GBP_JPY,2023-07-12T17:00:00.000000000Z,7039,179.859,179.879,179.494,179.541,179.872,179.891,179.507,179.555,179.885,179.905,179.518,179.569
3958,GBP_JPY,2023-07-12T18:00:00.000000000Z,5625,179.538,179.726,179.529,179.716,179.550,179.739,179.542,179.729,179.563,179.752,179.554,179.742
3959,GBP_JPY,2023-07-12T19:00:00.000000000Z,6488,179.713,179.890,179.652,179.881,179.726,179.904,179.666,179.895,179.740,179.919,179.678,179.909
3960,GBP_JPY,2023-07-12T20:00:00.000000000Z,3622,179.879,179.962,179.857,179.895,179.892,179.974,179.871,179.910,179.906,179.985,179.885,179.926
3961,GBP_JPY,2023-07-12T21:00:00.000000000Z,652,179.727,179.830,179.526,179.736,179.824,179.896,179.704,179.796,179.921,180.006,179.821,179.857
3962,GBP_JPY,2023-07-12T22:00:00.000000000Z,2745,179.770,179.854,179.710,179.764,179.807,179.875,179.728,179.782,179.844,179.897,179.746,179.799
3963,GBP_JPY,2023-07-12T23:00:00.000000000Z,3604,179.763,179.903,179.706,179.756,179.780,179.920,179.724,179.770,179.797,179.936,179.741,179.785
3964,GBP_JPY,2023-07-13T00:00:00.000000000Z,9841,179.755,180.011,179.480,179.979,179.771,180.028,179.497,179.996,179.787,180.046,179.514,180.012
3965,GBP_JPY,2023-07-13T01:00:00.000000000Z,8693,179.979,180.218,179.880,180.078,179.995,180.233,179.896,180.094,180.011,180.249,179.910,180.109
3966,GBP_JPY,2023-07-13T02:00:00.000000000Z,6982,180.078,180.269,180.074,180.250,180.094,180.284,180.092,180.264,180.110,180.300,180.107,180.277
3967,GBP_JPY,2023-07-13T03:00:00.000000000Z,5290,180.248,180.273,180.088,180.213,180.260,180.288,180.103,180.228,180.272,180.303,180.116,180.243
3968,GBP_JPY,2023-07-13T04:00:00.000000000Z,6884,180.212,180.240,180.109,180.156,180.228,180.254,180.122,180.169,180.243,180.269,180.135,180.182
3969,GBP_JPY,2023-07-13T05:00:00.000000000Z,7965,180.154,180.328,180.149,180.296,180.168,180.344,180.164,180.318,180.181,180.360,180.179,180.339
3970,GBP_JPY,2023-07-13T06:00:00.000000000Z,11654,180.263,180.520,179.865,180.039,180.292,180.546,179.880,180.052,180.322,180.571,179.894,180.066
3971,GBP_JPY,2023-07-13T07:00:00.000000000Z,13436,180.040,180.312,179.996,180.241,180.054,180.327,180.010,180.253,180.068,180.342,180.023,180.265
3972,GBP_JPY,2023-07-13T08:00:00.000000000Z,12216,180.242,180.838,180.189,180.475,180.254,180.852,180.204,180.489,180.267,180.866,180.218,180.503
3973,GBP_JPY,2023-07-13T09:00:00.000000000Z,9635,180.476,181.179,180.450,181.035,180.491,181.195,180.464,181.050,180.506,181.211,180.479,181.064
3974,GBP_JPY,2023-07-13T10:00:00.000000000Z,7648,181.035,181.084,180.850,180.991,181.049,181.097,180.866,181.005,181.063,181.114,180.881,181.019
3975,GBP_JPY,2023-07-13T11:00:00.000000000Z,7519,180.994,181.075,180.856,180.903,181.008,181.089,180.872,180.917,181.021,181.103,180.886,180.931
3976,GBP_JPY,2023-07-13T12:00:00.000000000Z,19081,180.898,181.418,180.602,181.372,180.912,181.432,180.660,181.386,180.926,181.447,180.709,181.399
3977,GBP_JPY,2023-07-13T13:00:00.000000000Z,17491,181.365,181.452,180.947,181.089,181.380,181.469,180.960,181.102,181.394,181.486,180.974,181.115
3978,GBP_JPY,2023-07-13T14:00:00.000000000Z,14485,181.103,181.278,180.821,181.214,181.115,181.292,180.836,181.228,181.127,181.305,180.850,181.243
3979,GBP_JPY,2023-07-13T15:00:00.000000000Z,10476,181.215,181.271,180.785,180.896,181.229,181.282,180.794,180.910,181.243,181.297,180.804,180.923
3980,GBP_JPY,2023-07-13T16:00:00.000000000Z,7201,180.896,181.073,180.843,181.052,180.909,181.085,180.857,181.064,180.922,181.099,180.870,181.076
3981,GBP_JPY,2023-07-13T17:00:00.000000000Z,5758,181.051,181.243,181.016,181.168,181.064,181.255,181.031,181.182,181.076,181.267,181.046,181.196
3982,GBP_JPY,2023-07-13T18:00:00.000000000Z,6079,181.169,181.264,181.016,181.225,181.182,181.278,181.028,181.238,181.196,181.291,181.040,181.252
3983,GBP_JPY,2023-07-13T19:00:00.000000000Z,5401,181.225,181.331,181.145,181.253,181.237,181.346,181.157,181.264,181.249,181.361,181.168,181.274
3984,GBP_JPY,2023-07-13T20:00:00.000000000Z,2311,181.239,181.346,181.198,181.330,181.250,181.358,181.213,181.348,181.261,181.380,181.228,181.365
3985,GBP_JPY,2023-07-13T21:00:00.000000000Z,1524,181.177,181.298,181.032,181.268,181.262,181.384,181.168,181.328,181.348,181.521,181.241,181.388
3986,GBP_JPY,2023-07-13T22:00:00.000000000Z,3128,181.238,181.324,181.182,181.242,181.270,181.340,181.200,181.259,181.301,181.357,181.218,181.276
3987,GBP_JPY,2023-07-13T23:00:00.000000000Z,3593,181.241,181.263,181.053,181.253,181.260,181.276,181.066,181.267,181.278,181.290,181.078,181.281
3988,GBP_JPY,2023-07-14T00:00:00.000000000Z,10079,181.244,181.306,180.594,180.637,181.259,181.322,180.610,180.652,181.274,181.338,180.624,180.668
3989,GBP_JPY,2023-07-14T01:00:00.000000000Z,11633,180.638,180.714,180.188,180.503,180.653,180.730,180.202,180.520,180.668,180.747,180.216,180.537
3990,GBP_JPY,2023-07-14T02:00:00.000000000Z,7097,180.506,180.787,180.375,180.708,180.522,180.803,180.392,180.724,180.538,180.819,180.407,180.739
3991,GBP_JPY,2023-07-14T03:00:00.000000000Z,6018,180.708,180.750,180.488,180.555,180.724,180.767,180.505,180.568,180.740,180.784,180.521,180.582
3992,GBP_JPY,2023-07-14T04:00:00.000000000Z,5080,180.554,180.827,180.461,180.799,180.569,180.842,180.476,180.814,180.584,180.856,180.492,180.830
3993,GBP_JPY,2023-07-14T05:00:00.000000000Z,6652,180.797,180.923,180.656,180.826,180.812,180.938,180.671,180.842,180.828,180.954,180.686,180.858
3994,GBP_JPY,2023-07-14T06:00:00.000000000Z,10444,180.821,181.263,180.720,181.205,180.838,181.278,180.734,181.218,180.854,181.292,180.747,181.232
3995,GBP_JPY,2023-07-14T07:00:00.000000000Z,11810,181.206,181.514,181.177,181.282,181.218,181.527,181.192,181.297,181.230,181.540,181.206,181.312
3996,GBP_JPY,2023-07-14T08:00:00.000000000Z,9294,181.281,181.475,181.230,181.471,181.296,181.490,181.245,181.485,181.312,181.504,181.260,181.499
3997,GBP_JPY,2023-07-14T09:00:00.000000000Z,9123,181.473,181.710,181.424,181.635,181.486,181.725,181.438,181.648,181.499,181.740,181.451,181.662
3998,GBP_JPY,2023-07-14T10:00:00.000000000Z,10344,181.635,182.016,181.611,181.694,181.649,182.030,181.622,181.708,181.663,182.045,181.634,181.723
